source_generation_cell_id,phase,task_id,task_group,language,mode,repetition,generator_model_key,judge_count,quality_index,judge_quality_sd,semantic_fidelity,clarity,utility,completeness,state_preservation,operational_continuity,context_recoverability,handoff_quality,compactness,protocol_transferability,language_or_variant_stability,ambiguity,information_loss
00529005ebc932bcb4c34b896751614a88ac0d0e5ef19d39b989adeec12570fd,exp06_b_zh_tokenizer_ablation,B004,zh_tokenizer_ablation,ES_LITERAL,compressed,3,qwen3_next_80b_instruct,3,4.82051282051282,0.16012815380508708,5.0,5.0,4.333333333333333,4.666666666666667,5.0,4.666666666666667,5.0,4.666666666666667,4.333333333333333,5.0,5.0,1.0,1.0
00651af0b4f432d0c509c3dd579f9dbf9cb573216b667365e593df8a95e7f40a,exp06_a_hybrid_state_causal_handoff,A010,auditability,EN,compressed,2,qwen3_next_80b_instruct,3,4.9743589743589745,0.0444115591684326,5.0,5.0,4.666666666666667,5.0,5.0,5.0,5.0,5.0,5.0,5.0,5.0,1.0,1.0
009d977c9857225d80ffeb9356ddb2cb16fe5c778048eabf0d949b483949c974,exp06_b_zh_tokenizer_ablation,B004,zh_tokenizer_ablation,ZH_PINYIN,compressed,2,gemini_3_1_pro_preview,3,1.564102564102564,0.04441155916843272,1.0,2.0,1.0,1.0,1.0,1.0,1.0,1.0,4.0,1.0,4.333333333333333,5.0,5.0
00d1b349399dbb756f0dd218fbc08caa35915dea6e5c5791f25701a5df3385e0,exp06_a_hybrid_state_causal_handoff,A003,handoff_state,ES,hybrid_state,2,grok_4_20_non_reasoning,3,4.205128205128205,0.6979824404521128,4.333333333333333,3.3333333333333335,4.333333333333333,4.0,5.0,4.333333333333333,4.0,4.333333333333333,5.0,4.333333333333333,4.333333333333333,2.6666666666666665,2.0
00e7fe788adb94ab2d8a876860ff2d2fdf12a6bd23e9cbc18296ac01739856d8,exp06_b_zh_tokenizer_ablation,B008,zh_tokenizer_ablation,ZH,hybrid_state,2,gemini_3_1_pro_preview,3,2.3333333333333335,0.27014496802186505,2.0,3.0,2.0,1.3333333333333333,2.0,2.0,1.6666666666666667,2.0,4.333333333333333,2.6666666666666665,4.0,4.0,4.666666666666667
011906fc9baf9fc96b8e2f02d7c8c95c98adc043579e154893db75877f021383,exp06_a_hybrid_state_causal_handoff,A001,handoff_state,ZH,hybrid_state,1,qwen3_next_80b_instruct,3,4.794871794871795,0.2912260690153986,5.0,4.666666666666667,5.0,4.666666666666667,5.0,5.0,4.666666666666667,4.666666666666667,5.0,5.0,4.333333333333333,1.3333333333333333,1.3333333333333333
013cc9af810e3b7f78765abdb5ef88e69d524b192b3d42e09e10810c79b88c62,exp06_a_hybrid_state_causal_handoff,A006,continuity_recovery,ZH,hybrid_state,3,azure_gpt_5_5_instant,3,4.948717948717949,0.0888231183368657,5.0,4.666666666666667,5.0,5.0,5.0,5.0,5.0,5.0,5.0,5.0,4.666666666666667,1.0,1.0
013deb411c309d580f6bb2306d1ca73d53e4ae7b5998e4f4aec0aa600c3c93d0,exp06_a_hybrid_state_causal_handoff,A004,continuity_recovery,ES,compressed,2,qwen3_next_80b_instruct,3,4.6923076923076925,0.5329387100211932,4.666666666666667,5.0,4.666666666666667,4.333333333333333,4.666666666666667,4.666666666666667,4.666666666666667,4.666666666666667,5.0,4.666666666666667,5.0,1.3333333333333333,1.6666666666666667
01450d3aa3874b18f11f889a19b4848a8fdcaf41c5e0760653a404250ffe9c85,exp06_a_hybrid_state_causal_handoff,A008,causal_claim,ES,hybrid_state,2,grok_4_20_non_reasoning,3,3.82051282051282,0.8508030781044644,3.6666666666666665,3.3333333333333335,3.3333333333333335,2.6666666666666665,4.666666666666667,4.333333333333333,4.333333333333333,4.0,5.0,4.0,4.333333333333333,2.6666666666666665,3.3333333333333335
0170b72a71829550661e25790cfdd6b1f12cfa75932aa095f186166f797b9219,exp06_a_hybrid_state_causal_handoff,A004,continuity_recovery,ES,hybrid_state,3,azure_gpt_5_5_instant,3,4.948717948717949,0.0888231183368657,4.666666666666667,5.0,5.0,5.0,5.0,5.0,5.0,5.0,5.0,5.0,5.0,1.3333333333333333,1.0
019eb5b7da5652f55f3685c5f44e20471bf56fcba1555d1e77439861ee8aea11,exp06_a_hybrid_state_causal_handoff,A002,handoff_state,ZH,hybrid_state,2,azure_gpt_5_5_instant,3,4.948717948717949,0.0888231183368657,5.0,4.666666666666667,5.0,5.0,5.0,5.0,5.0,5.0,5.0,5.0,5.0,1.3333333333333333,1.0
01a68418d30a50a1d7684f7b0489a50183e8e80b3721ba4b6d1122bf238ee317,exp06_b_zh_tokenizer_ablation,B005,zh_tokenizer_ablation,ES_LITERAL,hybrid_state,3,grok_4_20_non_reasoning,3,4.0,0.8871201995900613,4.0,3.6666666666666665,4.0,4.0,4.333333333333333,4.333333333333333,3.6666666666666665,4.0,4.666666666666667,4.0,4.333333333333333,2.3333333333333335,2.6666666666666665
01da182b0188a99e88d1acf08cf54d911c68be6420a4e5436e324901a2a28665,exp06_b_zh_tokenizer_ablation,B009,zh_tokenizer_ablation,ZH,hybrid_state,3,qwen3_next_80b_instruct,3,3.8205128205128207,1.0472091208544685,4.0,3.0,3.0,3.6666666666666665,4.333333333333333,4.0,4.0,3.6666666666666665,5.0,4.666666666666667,4.0,3.0,2.6666666666666665
01e6c8d6f40f4171e8ef8d5520b8ba096584adbc6dcd004d18f38002d7232e69,exp06_a_hybrid_state_causal_handoff,A006,continuity_recovery,ZH,compressed,2,qwen3_next_80b_instruct,3,4.435897435897436,0.48852715085276005,4.333333333333333,4.333333333333333,4.333333333333333,4.0,4.666666666666667,4.666666666666667,4.333333333333333,4.333333333333333,5.0,4.333333333333333,5.0,2.0,1.6666666666666667
02064cdeffddbd1ce3f4cb88db094bdd847d1edfbbb05a404cc0f425fbb0b868,exp06_b_zh_tokenizer_ablation,B002,zh_tokenizer_ablation,ZH,compressed,3,qwen3_next_80b_instruct,3,4.58974358974359,0.3635242789425084,4.666666666666667,4.333333333333333,5.0,4.333333333333333,5.0,4.333333333333333,4.333333333333333,4.333333333333333,5.0,5.0,5.0,2.0,1.6666666666666667
020be273fdc408edae87b853525ca62798acea6ce23eec1803776ee6c0bc91db,exp06_b_zh_tokenizer_ablation,B001,zh_tokenizer_ablation,ZH_PINYIN,compressed,2,qwen3_next_80b_instruct,3,3.692307692307692,0.5807564950208268,3.6666666666666665,3.6666666666666665,3.6666666666666665,3.0,3.3333333333333335,3.6666666666666665,3.3333333333333335,3.6666666666666665,5.0,4.333333333333333,4.666666666666667,3.0,3.0
027acbf8b96a34225020823aa06c0e1e4941d49f293c3fac8276d7f50a49debe,exp06_a_hybrid_state_causal_handoff,A007,causal_claim,ZH,compressed,2,gemini_3_1_pro_preview,3,1.846153846153846,0.3525058226889108,2.0,2.0,1.3333333333333333,1.0,1.6666666666666667,1.3333333333333333,1.6666666666666667,1.3333333333333333,4.666666666666667,1.3333333333333333,3.0,4.333333333333333,5.0
02bed93791d1cef3e20bb38a003a2084690546488c66322dc651d0985aa1d73f,exp06_a_hybrid_state_causal_handoff,A001,handoff_state,ZH,hybrid_state,1,grok_4_20_non_reasoning,3,4.589743589743589,0.5824521380307973,4.666666666666667,4.333333333333333,4.666666666666667,4.666666666666667,4.333333333333333,4.666666666666667,4.333333333333333,4.666666666666667,5.0,5.0,4.666666666666667,1.6666666666666667,1.6666666666666667
02f6b68b0c32370093955f999c29d417a78d45fff60f328dcbea815175e838b4,exp06_b_zh_tokenizer_ablation,B010,zh_tokenizer_ablation,ZH_PINYIN,hybrid_state,1,gemini_3_1_pro_preview,3,1.3333333333333333,0.29122606901539866,1.0,1.0,1.0,1.0,1.3333333333333333,1.0,1.3333333333333333,1.0,3.0,1.0,2.6666666666666665,5.0,5.0
0302283a583f87b6284ecb6e74dc8b4b8500abef2c4c9efacf5cb03a1720a6ff,exp06_b_zh_tokenizer_ablation,B001,zh_tokenizer_ablation,ZH_PINYIN,hybrid_state,2,qwen3_next_80b_instruct,3,3.743589743589743,0.42365927286816174,4.0,3.6666666666666665,4.0,4.0,4.333333333333333,4.0,3.3333333333333335,4.0,5.0,4.333333333333333,1.3333333333333333,2.6666666666666665,2.6666666666666665
032e79f5d7474cd9a8aff08b2aa7229667d6f3ed44d28ebab440e46e63557621,exp06_a_hybrid_state_causal_handoff,A011,handoff_state,ES,hybrid_state,2,gemini_3_1_pro_preview,3,1.7435897435897436,0.24727309643571688,1.3333333333333333,2.6666666666666665,1.0,1.0,1.0,1.0,1.0,1.0,4.0,1.0,5.0,4.333333333333333,5.0
033720e98b5a48b55f69e1f935df87e0e298239c73037bb8ab888fc6299e8c0c,exp06_b_zh_tokenizer_ablation,B007,zh_tokenizer_ablation,ES_LITERAL,compressed,2,grok_4_20_non_reasoning,3,4.641025641025641,0.437403131005948,4.666666666666667,4.666666666666667,4.666666666666667,4.666666666666667,4.666666666666667,4.666666666666667,4.666666666666667,4.333333333333333,4.666666666666667,4.666666666666667,4.666666666666667,1.3333333333333333,1.3333333333333333
0357e87d2e80d7926a6ba89321b5ecdd2195b743043c606aa97affc9efe748d1,exp06_b_zh_tokenizer_ablation,B004,zh_tokenizer_ablation,ZH,hybrid_state,2,qwen3_next_80b_instruct,3,3.9230769230769234,1.0088366960464616,4.0,3.3333333333333335,4.0,3.6666666666666665,4.333333333333333,4.0,3.6666666666666665,3.3333333333333335,5.0,4.0,4.333333333333333,2.6666666666666665,2.0
037e35812871b37bd8a19ea6c69fdea0ca9fbf43cf9266ad41c2c716327bf5c3,exp06_a_hybrid_state_causal_handoff,A009,auditability,EN,hybrid_state,2,qwen3_next_80b_instruct,3,4.384615384615384,0.42828956637154,4.666666666666667,3.6666666666666665,4.333333333333333,4.666666666666667,4.666666666666667,4.666666666666667,4.333333333333333,4.333333333333333,4.666666666666667,4.333333333333333,4.333333333333333,2.0,1.6666666666666667
03afd64d970fb8741406ca3e8e46abaca9649cff809e0f778b504c030ec6e119,exp06_a_hybrid_state_causal_handoff,A010,auditability,EN,compressed,1,azure_gpt_5_5_instant,3,4.923076923076923,0.1332346775052983,5.0,5.0,5.0,5.0,5.0,5.0,5.0,5.0,4.666666666666667,5.0,5.0,1.3333333333333333,1.3333333333333333
03bb84df41b2431d04db59f22b4cf804d53cc6e93dd02f4728257c02210cea25,exp06_b_zh_tokenizer_ablation,B007,zh_tokenizer_ablation,ZH_PINYIN,hybrid_state,3,gemini_3_1_pro_preview,3,1.846153846153846,0.46790481002293993,1.6666666666666667,2.3333333333333335,1.3333333333333333,1.0,1.3333333333333333,1.3333333333333333,1.3333333333333333,1.0,4.0,1.3333333333333333,4.666666666666667,4.666666666666667,4.666666666666667
03c7db77e0c7969dc5c14bdc6ad45c9a5800ab4ca3f8850fa434f186c58d508f,exp06_a_hybrid_state_causal_handoff,A002,handoff_state,EN,compressed,1,gemini_3_1_pro_preview,3,1.153846153846154,0.1332346775052983,1.0,1.0,1.0,1.0,1.0,1.0,1.0,1.0,1.3333333333333333,1.0,2.6666666666666665,5.0,5.0
03e8e65de9ee2e9c9a6a0e3269627421fcf2c9cc483e18c13f52377da2db74c8,exp06_b_zh_tokenizer_ablation,B001,zh_tokenizer_ablation,ES_LITERAL,compressed,2,qwen3_next_80b_instruct,3,4.487179487179487,0.8225135862741253,4.333333333333333,4.666666666666667,4.333333333333333,4.333333333333333,4.0,4.666666666666667,4.333333333333333,4.333333333333333,5.0,4.666666666666667,5.0,1.6666666666666667,1.6666666666666667
04208be4f577f3b9b321c79eca0e8af751363005b2a59a48cc9720b751d9ccea,exp06_b_zh_tokenizer_ablation,B005,zh_tokenizer_ablation,ZH_PINYIN,compressed,2,qwen3_next_80b_instruct,3,3.2820512820512824,0.8079975003378834,3.6666666666666665,3.6666666666666665,3.0,4.0,2.6666666666666665,3.0,2.6666666666666665,3.0,4.666666666666667,3.6666666666666665,3.3333333333333335,3.3333333333333335,3.3333333333333335
0474f9a978588574fc604703616d8140569e83b5206fcefbae980d44bf6e7598,exp06_b_zh_tokenizer_ablation,B004,zh_tokenizer_ablation,ZH_PINYIN,hybrid_state,1,grok_4_20_non_reasoning,3,4.358974358974359,0.616985098231588,4.333333333333333,3.6666666666666665,4.333333333333333,4.333333333333333,4.666666666666667,5.0,4.333333333333333,4.333333333333333,4.666666666666667,4.666666666666667,4.0,2.0,1.6666666666666667
047b94d3485be3822d80b6c70613e434121d8db0a12137860769dcf91c7f1431,exp06_b_zh_tokenizer_ablation,B006,zh_tokenizer_ablation,EN_LITERAL,compressed,1,gemini_3_1_pro_preview,3,1.7692307692307692,0.1332346775052983,1.3333333333333333,2.3333333333333335,1.0,1.0,1.3333333333333333,1.0,1.0,1.0,5.0,1.0,4.333333333333333,4.333333333333333,5.0
04b4811de175e082867ae31dbb9071b9b28a6debc43b9ad5f5a2eb540068f3d5,exp06_b_zh_tokenizer_ablation,B006,zh_tokenizer_ablation,ES_LITERAL,compressed,2,qwen3_next_80b_instruct,3,4.82051282051282,0.3108809141790292,5.0,4.666666666666667,4.666666666666667,4.666666666666667,5.0,5.0,4.666666666666667,5.0,5.0,5.0,4.666666666666667,1.3333333333333333,1.3333333333333333
04b4ef7eb5095bb5e83b9af8a1e07807004b50b5e1f7d90b1b65eb39b5a052a8,exp06_b_zh_tokenizer_ablation,B003,zh_tokenizer_ablation,EN_LITERAL,hybrid_state,2,qwen3_next_80b_instruct,3,3.9743589743589745,0.270144968021865,4.0,3.0,3.6666666666666665,4.333333333333333,4.666666666666667,4.333333333333333,3.6666666666666665,3.6666666666666665,4.666666666666667,4.0,4.666666666666667,3.0,2.0
04d77e307e15a737edd1a972eba14e2a7da5f4ca6a24489df5550d4bcd137415,exp06_b_zh_tokenizer_ablation,B009,zh_tokenizer_ablation,EN_LITERAL,hybrid_state,1,gemini_3_1_pro_preview,3,1.8974358974358976,0.6979824404521129,1.0,1.6666666666666667,1.0,1.0,2.6666666666666665,2.0,1.6666666666666667,1.6666666666666667,4.666666666666667,1.6666666666666667,3.0,4.333333333333333,5.0
05333ec8e6c01a49a968a60ee880fcfbfa05f8f1663e71af4bc2973747b51271,exp06_b_zh_tokenizer_ablation,B001,zh_tokenizer_ablation,ZH_PINYIN,hybrid_state,2,grok_4_20_non_reasoning,3,4.384615384615384,0.5384615384615384,4.333333333333333,3.6666666666666665,4.333333333333333,4.333333333333333,4.666666666666667,4.333333333333333,4.333333333333333,4.333333333333333,5.0,4.666666666666667,4.666666666666667,2.0,1.6666666666666667
0552e2ba1e3caf75cff4c35e4cca526bafd12a8378da93b53523b3441181fdfe,exp06_b_zh_tokenizer_ablation,B006,zh_tokenizer_ablation,ZH_PINYIN,compressed,2,gemini_3_1_pro_preview,3,1.9230769230769231,0.3525058226889106,1.6666666666666667,2.0,1.3333333333333333,1.0,1.3333333333333333,1.6666666666666667,1.0,1.3333333333333333,5.0,1.6666666666666667,4.0,4.0,5.0
059248c07c75f70a919510d3cb7b3ef70fc52f09215b3df11eee4177f26d242d,exp06_a_hybrid_state_causal_handoff,A008,causal_claim,EN,hybrid_state,3,azure_gpt_5_5_instant,3,4.564102564102564,0.48852715085276005,4.666666666666667,4.0,4.666666666666667,4.666666666666667,4.666666666666667,4.666666666666667,4.666666666666667,4.666666666666667,4.333333333333333,4.666666666666667,4.666666666666667,1.6666666666666667,1.3333333333333333
05b412414d13ed1f41295d143c93bc8b5e6729c9a778140189974420cea193c4,exp06_b_zh_tokenizer_ablation,B007,zh_tokenizer_ablation,ZH,hybrid_state,3,gemini_3_1_pro_preview,3,1.6666666666666667,0.4636702902570544,1.6666666666666667,1.3333333333333333,1.0,1.0,2.3333333333333335,1.6666666666666667,1.3333333333333333,1.3333333333333333,3.6666666666666665,1.3333333333333333,2.6666666666666665,4.666666666666667,5.0
05ca59d5370578225afd3ca9d1e76447eb6633563479cc845fe622eb648f87c4,exp06_b_zh_tokenizer_ablation,B003,zh_tokenizer_ablation,ZH,hybrid_state,3,gemini_3_1_pro_preview,3,1.8974358974358976,0.270144968021865,2.0,2.0,1.3333333333333333,1.0,2.0,1.3333333333333333,1.0,1.3333333333333333,5.0,1.6666666666666667,3.3333333333333335,4.333333333333333,5.0
05f9b95856dc5ea9c7e2cf63a5f2ca2a1fc5cb948ac94366bb02a364ce2556d2,exp06_b_zh_tokenizer_ablation,B004,zh_tokenizer_ablation,ZH_PINYIN,compressed,2,qwen3_next_80b_instruct,3,3.897435897435898,1.2506408613597129,3.6666666666666665,4.0,3.6666666666666665,3.6666666666666665,3.6666666666666665,3.6666666666666665,4.0,3.6666666666666665,4.666666666666667,3.6666666666666665,4.666666666666667,2.0,2.3333333333333335
0674f7ec90ba571582de109a5904767b87f8f399a49132f8865eade772bc2311,exp06_b_zh_tokenizer_ablation,B002,zh_tokenizer_ablation,ZH,compressed,2,gemini_3_1_pro_preview,3,1.6153846153846156,0.23076923076923084,1.0,2.3333333333333335,1.0,1.0,1.0,1.0,1.0,1.0,4.0,1.0,4.0,4.333333333333333,5.0
068528fc65db0649bb925b41f439d6f90dcff3874346465900ad7422c5012f3e,exp06_b_zh_tokenizer_ablation,B008,zh_tokenizer_ablation,EN_LITERAL,compressed,2,grok_4_20_non_reasoning,3,4.794871794871795,0.1776462366737309,5.0,4.333333333333333,5.0,5.0,5.0,5.0,4.333333333333333,4.333333333333333,5.0,5.0,5.0,1.6666666666666667,1.0
068fcf28495932107341db3584b61fa3a7bebea88bfffd32e6d79bca6abab65b,exp06_b_zh_tokenizer_ablation,B001,zh_tokenizer_ablation,ES_LITERAL,compressed,3,qwen3_next_80b_instruct,3,4.717948717948718,0.42365927286816174,4.666666666666667,4.666666666666667,4.666666666666667,4.666666666666667,4.666666666666667,5.0,4.666666666666667,4.666666666666667,5.0,4.666666666666667,5.0,1.6666666666666667,1.3333333333333333
06ffc6c592f51da6563b69082550d6019db51b76a7840334f38446981c776a66,exp06_b_zh_tokenizer_ablation,B010,zh_tokenizer_ablation,ZH_PINYIN,hybrid_state,2,qwen3_next_80b_instruct,3,4.205128205128205,0.6217618283580586,4.0,4.333333333333333,4.0,4.666666666666667,4.333333333333333,4.333333333333333,4.333333333333333,4.0,5.0,4.333333333333333,3.0,1.6666666666666667,2.0
071b09324f042a680c569192184972086f917f4a328702f3bba79b6ab1839a79,exp06_a_hybrid_state_causal_handoff,A004,continuity_recovery,ES,compressed,1,grok_4_20_non_reasoning,3,4.846153846153846,0.2664693550105966,5.0,5.0,4.666666666666667,4.666666666666667,4.666666666666667,5.0,4.666666666666667,5.0,5.0,4.666666666666667,5.0,1.0,1.3333333333333333
073b3edef919517f82fd110925ebebae96bc6d89c1f69590f1128f54d355da26,exp06_b_zh_tokenizer_ablation,B007,zh_tokenizer_ablation,ZH_PINYIN,compressed,2,gemini_3_1_pro_preview,3,1.3076923076923077,0.07692307692307687,1.0,1.3333333333333333,1.0,1.0,1.0,1.0,1.3333333333333333,1.0,2.3333333333333335,1.0,3.0,5.0,5.0
076c4faa91155d7bc557f1dfd5e930d45200d3a9d63993face86a2c904c967aa,exp06_a_hybrid_state_causal_handoff,A002,handoff_state,ES,hybrid_state,2,azure_gpt_5_5_instant,3,5.0,0.0,5.0,5.0,5.0,5.0,5.0,5.0,5.0,5.0,5.0,5.0,5.0,1.0,1.0
077c9357d6123e485d5b51a77ad83136ab2c020a1a22bcc474bf28f3f780bcb2,exp06_a_hybrid_state_causal_handoff,A009,auditability,EN,compressed,2,azure_gpt_5_5_instant,3,4.128205128205129,0.5773502691896258,3.3333333333333335,4.666666666666667,3.3333333333333335,2.6666666666666665,4.333333333333333,3.6666666666666665,4.666666666666667,4.666666666666667,4.666666666666667,4.666666666666667,4.666666666666667,1.3333333333333333,2.3333333333333335
07ae0fdaf63216d97f29ef7d25a3ed6e5f298ca7de6e8be52991441bc4e7af34,exp06_b_zh_tokenizer_ablation,B003,zh_tokenizer_ablation,ZH_PINYIN,compressed,1,grok_4_20_non_reasoning,3,4.487179487179487,0.34686536560176073,4.333333333333333,4.0,4.666666666666667,4.666666666666667,4.666666666666667,4.666666666666667,4.333333333333333,4.333333333333333,4.666666666666667,4.666666666666667,4.333333333333333,1.6666666666666667,1.3333333333333333
07cbcc1b257558440bfff73107661903c9a9ea555e9ef17c004741f0d038ae94,exp06_a_hybrid_state_causal_handoff,A011,handoff_state,EN,hybrid_state,3,azure_gpt_5_5_instant,3,4.333333333333333,1.0243581720737527,4.333333333333333,4.333333333333333,4.333333333333333,4.0,4.0,4.333333333333333,4.0,4.333333333333333,5.0,4.666666666666667,5.0,2.0,2.0
07d0d1e0b97f3d27218ed4c50d74c588826220b65def076c3e2280826043f56b,exp06_b_zh_tokenizer_ablation,B010,zh_tokenizer_ablation,ZH,hybrid_state,1,gemini_3_1_pro_preview,3,1.5897435897435896,0.3468653656017611,1.6666666666666667,1.6666666666666667,1.0,1.0,1.3333333333333333,1.0,1.3333333333333333,1.0,3.6666666666666665,1.0,3.3333333333333335,4.333333333333333,5.0
07fb126747777fe778c2cd14eb445fec1f98e132c10172737e9d737cadae76f5,exp06_a_hybrid_state_causal_handoff,A009,auditability,EN,hybrid_state,1,azure_gpt_5_5_instant,3,4.230769230769231,0.46790481002294,4.0,4.333333333333333,3.6666666666666665,3.0,4.666666666666667,4.333333333333333,4.666666666666667,4.333333333333333,4.666666666666667,4.333333333333333,4.666666666666667,1.6666666666666667,2.0
0819dc043e5b6325944d47dfd84f45c5d2aa5c8fc6f5ad86390b8d15fb008acd,exp06_b_zh_tokenizer_ablation,B004,zh_tokenizer_ablation,ES_LITERAL,hybrid_state,2,grok_4_20_non_reasoning,3,4.487179487179487,0.6979824404521127,4.333333333333333,4.0,4.666666666666667,4.333333333333333,4.333333333333333,4.666666666666667,4.666666666666667,4.333333333333333,5.0,4.666666666666667,4.666666666666667,2.0,1.3333333333333333
087730de984f48c27d45bddd4b47c11581ae888193af7f7b975e8c4f5d1f5f32,exp06_a_hybrid_state_causal_handoff,A001,handoff_state,ES,compressed,1,qwen3_next_80b_instruct,3,4.871794871794871,0.22205779584216398,5.0,5.0,5.0,5.0,4.666666666666667,5.0,4.666666666666667,5.0,5.0,4.666666666666667,5.0,1.3333333333333333,1.3333333333333333
088d00a89df1be4267d87243d0288db9201d00a3d6fafd8d398ccb3b35cbd92f,exp06_b_zh_tokenizer_ablation,B001,zh_tokenizer_ablation,ZH,compressed,2,qwen3_next_80b_instruct,3,4.846153846153846,0.2664693550105966,5.0,4.666666666666667,4.666666666666667,5.0,5.0,5.0,4.666666666666667,4.666666666666667,5.0,4.666666666666667,5.0,1.3333333333333333,1.0
0899673c6ba4ddfb4a6bf3c5bc05792224829d5fe5aae3d129e12927849131bf,exp06_b_zh_tokenizer_ablation,B009,zh_tokenizer_ablation,EN_LITERAL,hybrid_state,1,qwen3_next_80b_instruct,3,4.076923076923077,0.8140773264814124,4.0,3.0,3.0,3.3333333333333335,5.0,4.666666666666667,4.333333333333333,4.0,5.0,4.666666666666667,4.666666666666667,2.6666666666666665,2.0
08b328ad38b3f2e22430cfa39dc1b9a56670faf41913266dcf931a1494febcce,exp06_a_hybrid_state_causal_handoff,A006,continuity_recovery,ES,compressed,3,grok_4_20_non_reasoning,3,4.9743589743589745,0.0444115591684326,5.0,5.0,5.0,5.0,5.0,5.0,5.0,5.0,4.666666666666667,5.0,5.0,1.0,1.0
08b52c993a5bc6bf33da9b618ff6d8b43943279c90be03e3ef0212dca77e2aec,exp06_b_zh_tokenizer_ablation,B010,zh_tokenizer_ablation,ES_LITERAL,compressed,3,qwen3_next_80b_instruct,3,4.948717948717949,0.0888231183368657,5.0,4.666666666666667,5.0,5.0,5.0,5.0,5.0,5.0,5.0,5.0,5.0,1.3333333333333333,1.0
08bf244c63273bc57b7937d4d0075e882f60e4129a9cc8e86ef982aea0822051,exp06_a_hybrid_state_causal_handoff,A009,auditability,EN,hybrid_state,1,grok_4_20_non_reasoning,3,3.4871794871794872,1.152135484033896,3.3333333333333335,2.3333333333333335,2.6666666666666665,3.0,4.333333333333333,4.0,4.0,4.0,5.0,4.333333333333333,3.3333333333333335,3.6666666666666665,3.3333333333333335
08c71d770e986a3263b3dd4b5ededca9dd37e0d22aad4512da48054be108421d,exp06_b_zh_tokenizer_ablation,B003,zh_tokenizer_ablation,EN_LITERAL,compressed,2,qwen3_next_80b_instruct,3,4.538461538461538,0.4679048100229399,4.666666666666667,4.0,4.666666666666667,4.666666666666667,4.666666666666667,4.666666666666667,4.333333333333333,4.666666666666667,4.666666666666667,4.666666666666667,4.666666666666667,2.0,1.3333333333333333
08f6ac9272d30043ce84069f193a71440691ff46b7246ee841440e053178d8f1,exp06_a_hybrid_state_causal_handoff,A001,handoff_state,ZH,hybrid_state,2,grok_4_20_non_reasoning,3,4.743589743589744,0.320256307610174,5.0,4.333333333333333,4.666666666666667,5.0,4.666666666666667,5.0,4.666666666666667,4.666666666666667,5.0,5.0,4.666666666666667,1.6666666666666667,1.3333333333333333
096137747d33438719f05696827458e611a6ef9641b82ee97b0a5ff1fa998347,exp06_b_zh_tokenizer_ablation,B007,zh_tokenizer_ablation,ZH_PINYIN,compressed,3,grok_4_20_non_reasoning,3,4.641025641025641,0.38717099668055127,4.333333333333333,4.666666666666667,4.333333333333333,4.666666666666667,4.333333333333333,4.666666666666667,4.333333333333333,4.666666666666667,5.0,4.666666666666667,5.0,1.3333333333333333,1.0
0982488a078f5c09b2a1a3c9a6af179d65525cbf7573880a094fee6ec874908b,exp06_b_zh_tokenizer_ablation,B008,zh_tokenizer_ablation,ZH,hybrid_state,2,grok_4_20_non_reasoning,3,4.717948717948718,0.270144968021865,4.666666666666667,4.333333333333333,4.666666666666667,4.666666666666667,5.0,5.0,4.666666666666667,4.333333333333333,5.0,5.0,4.666666666666667,1.6666666666666667,1.0
09ae9c9177068c887b9c62374599b87bc664f00b3de948d6a7121f962f104f9a,exp06_a_hybrid_state_causal_handoff,A004,continuity_recovery,ZH,hybrid_state,2,qwen3_next_80b_instruct,3,4.794871794871795,0.23500388179260723,4.666666666666667,4.333333333333333,5.0,4.666666666666667,5.0,5.0,5.0,5.0,5.0,5.0,4.666666666666667,1.6666666666666667,1.3333333333333333
09c1ddd97a8fd089b00c026c9fb380a572ea2c82af1efb388d18bbeec759f510,exp06_b_zh_tokenizer_ablation,B010,zh_tokenizer_ablation,EN_LITERAL,hybrid_state,2,qwen3_next_80b_instruct,3,4.256410256410256,0.320256307610174,4.333333333333333,3.6666666666666665,4.333333333333333,4.333333333333333,4.666666666666667,4.666666666666667,4.333333333333333,4.0,4.666666666666667,4.666666666666667,4.0,2.3333333333333335,2.0
09c24b3928b208249a128c4f2e8d723b6b4fae13232dfa2fe60734b156d9122a,exp06_a_hybrid_state_causal_handoff,A009,auditability,ES,hybrid_state,1,gemini_3_1_pro_preview,3,1.3589743589743588,0.49454619287143364,1.0,1.6666666666666667,1.0,1.0,1.0,1.0,1.0,1.0,2.0,1.0,3.0,4.0,5.0
0a3205ad0cc3ee3c9f79342e7b2b8a536167f9df3df4eb6d8ae3b8c8ed32ae3f,exp06_b_zh_tokenizer_ablation,B004,zh_tokenizer_ablation,EN_LITERAL,hybrid_state,2,qwen3_next_80b_instruct,3,4.615384615384616,0.3846153846153846,4.333333333333333,4.0,4.666666666666667,4.333333333333333,5.0,5.0,4.666666666666667,4.666666666666667,5.0,5.0,5.0,2.0,1.6666666666666667
0a38c77cd98667b558f6b7df4c8505e16688853ca2d32083d28b2992733a6777,exp06_b_zh_tokenizer_ablation,B001,zh_tokenizer_ablation,ZH_PINYIN,compressed,3,qwen3_next_80b_instruct,3,4.538461538461538,0.39970403251589487,4.333333333333333,4.666666666666667,4.333333333333333,4.333333333333333,4.333333333333333,5.0,4.333333333333333,4.333333333333333,5.0,4.666666666666667,5.0,1.6666666666666667,1.6666666666666667
0a47a84d23629a7cda98de8bbb9003c1e8a106ac51aefe72d5b3fe3c87c5a6d6,exp06_a_hybrid_state_causal_handoff,A012,continuity_recovery,ES,hybrid_state,1,qwen3_next_80b_instruct,3,4.41025641025641,0.545738375738276,4.333333333333333,4.333333333333333,4.666666666666667,4.0,5.0,4.666666666666667,4.333333333333333,4.333333333333333,5.0,4.333333333333333,4.666666666666667,2.3333333333333335,2.0
0ad2c22c0f70ae76f3933cba6f5436d4f039a68ba59e7f22630b18034711dcef,exp06_a_hybrid_state_causal_handoff,A012,continuity_recovery,ES,compressed,1,azure_gpt_5_5_instant,3,4.846153846153846,0.15384615384615374,5.0,5.0,5.0,4.666666666666667,5.0,5.0,4.333333333333333,5.0,4.666666666666667,5.0,5.0,1.3333333333333333,1.3333333333333333
0aef2e8c02aa6e267e1294f7e3d3f0d3f7d1045dc07654664882991ed9d43505,exp06_b_zh_tokenizer_ablation,B004,zh_tokenizer_ablation,ES_LITERAL,hybrid_state,3,gemini_3_1_pro_preview,3,1.5128205128205128,0.24727309643571677,1.6666666666666667,1.6666666666666667,1.0,1.0,1.0,1.0,1.0,1.0,4.0,1.0,3.0,4.666666666666667,5.0
0b1325ab444201cab6184dba065a06a41cd6e8b1f11c1434628c5a5f1932a889,exp06_a_hybrid_state_causal_handoff,A004,continuity_recovery,ZH,compressed,1,azure_gpt_5_5_instant,3,5.0,0.0,5.0,5.0,5.0,5.0,5.0,5.0,5.0,5.0,5.0,5.0,5.0,1.0,1.0
0b266c4da9cb7caf09874d556236686a061a32dae44237e88d0aa842638ddfb3,exp06_a_hybrid_state_causal_handoff,A012,continuity_recovery,EN,compressed,3,azure_gpt_5_5_instant,3,4.58974358974359,0.5236045604272342,4.666666666666667,4.666666666666667,4.666666666666667,4.333333333333333,4.666666666666667,4.666666666666667,4.666666666666667,4.666666666666667,4.666666666666667,4.666666666666667,4.666666666666667,1.6666666666666667,1.6666666666666667
0b4311cb6cba8b2bbca1d9a65bf3feb84da32b0fa3a87a97d7df4fe5c8fb5b96,exp06_b_zh_tokenizer_ablation,B001,zh_tokenizer_ablation,ES_LITERAL,hybrid_state,1,grok_4_20_non_reasoning,3,4.461538461538461,0.8031005006854269,4.333333333333333,4.0,4.333333333333333,5.0,4.333333333333333,4.666666666666667,4.666666666666667,4.333333333333333,5.0,4.333333333333333,4.333333333333333,2.0,1.3333333333333333
0b5ae6d27bd55961a286b82e7117d40e8271d8a3425f6102a38e3708addd0fdb,exp06_b_zh_tokenizer_ablation,B005,zh_tokenizer_ablation,ZH_PINYIN,hybrid_state,1,gemini_3_1_pro_preview,3,1.794871794871795,0.19358549834027564,1.6666666666666667,2.6666666666666665,1.0,1.0,1.0,1.0,1.0,1.0,4.333333333333333,1.3333333333333333,4.333333333333333,4.0,5.0
0b84219471b17d2d06f53bd6214445f31fdae2d863070e5035a83920a29a92c0,exp06_a_hybrid_state_causal_handoff,A003,handoff_state,ZH,compressed,3,qwen3_next_80b_instruct,3,4.846153846153846,0.2664693550105966,4.666666666666667,5.0,4.666666666666667,4.666666666666667,5.0,5.0,4.666666666666667,4.666666666666667,5.0,5.0,5.0,1.0,1.3333333333333333
0ba33cdf9e59bfa97b7c58939394b539280d18f9c9274687248094990058726f,exp06_b_zh_tokenizer_ablation,B008,zh_tokenizer_ablation,ES_LITERAL,compressed,3,qwen3_next_80b_instruct,3,5.0,0.0,5.0,5.0,5.0,5.0,5.0,5.0,5.0,5.0,5.0,5.0,5.0,1.0,1.0
0bd5b0a6b1e5cea3e2e5228465464f02c37b414c6e82584bc4a389af70f56b4c,exp06_b_zh_tokenizer_ablation,B005,zh_tokenizer_ablation,ZH_PINYIN,compressed,3,gemini_3_1_pro_preview,3,1.1025641025641024,0.04441155916843272,1.0,1.0,1.0,1.0,1.0,1.0,1.0,1.0,1.3333333333333333,1.0,2.0,5.0,5.0
0bedfb6accf8d2522fd687bbe3827a35105deddc2f56432f7ecc1ddc9b7e9313,exp06_a_hybrid_state_causal_handoff,A006,continuity_recovery,EN,compressed,2,gemini_3_1_pro_preview,3,1.6666666666666667,0.2701449680218651,1.6666666666666667,1.6666666666666667,1.0,1.0,1.6666666666666667,1.6666666666666667,1.0,1.0,3.3333333333333335,1.0,4.333333333333333,4.666666666666667,5.0
0bf74b62954b6ffe72662dfcf56ed6a16f28f189ec8970568515fefebed24d07,exp06_a_hybrid_state_causal_handoff,A005,continuity_recovery,ZH,compressed,2,qwen3_next_80b_instruct,3,4.769230769230769,0.20351933162035324,4.666666666666667,5.0,4.333333333333333,4.333333333333333,5.0,4.666666666666667,4.666666666666667,5.0,5.0,5.0,5.0,1.3333333333333333,1.3333333333333333
0c1c0c9d4caa6ddbdc6aaec964bad484ebcad304fec7b35d8353c96933f08653,exp06_a_hybrid_state_causal_handoff,A004,continuity_recovery,EN,hybrid_state,1,gemini_3_1_pro_preview,3,1.6923076923076923,0.2035193316203532,1.6666666666666667,2.3333333333333335,1.0,1.0,1.0,1.0,1.0,1.0,3.6666666666666665,1.3333333333333333,4.333333333333333,4.333333333333333,5.0
0c3d0dc5d9d7b31ffe87cd244bb3f1e992f4ed76bc09958bd89b9689958bc4ea,exp06_b_zh_tokenizer_ablation,B010,zh_tokenizer_ablation,ES_LITERAL,hybrid_state,2,qwen3_next_80b_instruct,3,4.82051282051282,0.19358549834027583,5.0,4.0,5.0,5.0,5.0,5.0,5.0,5.0,5.0,5.0,4.666666666666667,1.6666666666666667,1.3333333333333333
0c6ea872fdcad7156aae5e91f20793c656b36cf85ca9d72bbf4a46b2ed0ee80a,exp06_a_hybrid_state_causal_handoff,A009,auditability,EN,compressed,1,grok_4_20_non_reasoning,3,4.0,0.4282895663715402,3.6666666666666665,4.333333333333333,3.3333333333333335,3.0,4.0,4.333333333333333,4.333333333333333,4.333333333333333,4.666666666666667,4.333333333333333,4.666666666666667,2.0,3.0
0c7113c415240c96017826a101d74df6a16a6b86d214666d9fba2cf5cc6ae08f,exp06_a_hybrid_state_causal_handoff,A011,handoff_state,ES,hybrid_state,1,qwen3_next_80b_instruct,3,4.333333333333333,0.5773502691896258,4.333333333333333,3.6666666666666665,4.333333333333333,4.666666666666667,5.0,4.666666666666667,4.333333333333333,4.333333333333333,5.0,4.333333333333333,4.333333333333333,2.3333333333333335,2.3333333333333335
0c71c1932b8d154234a3f62323805ebe3b82e141cbf8cd6a10c91d0e93fa9aba,exp06_b_zh_tokenizer_ablation,B004,zh_tokenizer_ablation,EN_LITERAL,compressed,2,qwen3_next_80b_instruct,3,4.58974358974359,0.47000776358521457,4.333333333333333,4.666666666666667,4.666666666666667,4.0,4.333333333333333,4.666666666666667,4.666666666666667,4.666666666666667,5.0,4.666666666666667,5.0,1.3333333333333333,1.6666666666666667
0ce5fe3522ffb9f0afba2df6818626c1874b827e4cc080673984d3956341cb78,exp06_a_hybrid_state_causal_handoff,A010,auditability,EN,hybrid_state,2,azure_gpt_5_5_instant,3,4.58974358974359,0.38717099668055127,4.333333333333333,4.666666666666667,4.333333333333333,4.0,4.666666666666667,5.0,4.333333333333333,5.0,5.0,5.0,5.0,1.6666666666666667,2.0
0d13375b2df8a433e3b773a86a240d07731f3d001c4192a0bd2733073dfae4a3,exp06_b_zh_tokenizer_ablation,B002,zh_tokenizer_ablation,ZH_PINYIN,compressed,1,gemini_3_1_pro_preview,3,1.5384615384615383,0.2035193316203531,1.3333333333333333,2.0,1.0,1.0,1.0,1.0,1.0,1.0,4.0,1.3333333333333333,3.0,4.666666666666667,5.0
0d227ebdda823613a035a1e9b55b3fb038a5c324db7323331d449f020291cd0f,exp06_b_zh_tokenizer_ablation,B009,zh_tokenizer_ablation,ZH,hybrid_state,1,gemini_3_1_pro_preview,3,1.1794871794871795,0.24727309643571677,1.0,1.0,1.0,1.0,1.3333333333333333,1.0,1.3333333333333333,1.0,2.3333333333333335,1.0,1.3333333333333333,5.0,5.0
0d328385d4894c5ec4eaad09fcadaf7e16d5b81e78069206d5b2cceabf3c84d8,exp06_a_hybrid_state_causal_handoff,A002,handoff_state,ES,compressed,2,azure_gpt_5_5_instant,3,5.0,0.0,5.0,5.0,5.0,5.0,5.0,5.0,5.0,5.0,5.0,5.0,5.0,1.0,1.0
0d3cfc199a32f9c51392118f15e0cd4104048945c9009c57d26e9e13287ee476,exp06_b_zh_tokenizer_ablation,B010,zh_tokenizer_ablation,ZH,compressed,2,gemini_3_1_pro_preview,3,2.1794871794871793,0.8981681993916407,2.3333333333333335,2.0,2.0,1.3333333333333333,2.3333333333333335,2.0,2.0,1.6666666666666667,4.333333333333333,2.3333333333333335,2.6666666666666665,4.0,4.666666666666667
0da59dc29d1c93287263174f0220b1e26afd561dc039e2212bd142c89fe6edc3,exp06_b_zh_tokenizer_ablation,B009,zh_tokenizer_ablation,EN_LITERAL,hybrid_state,2,grok_4_20_non_reasoning,3,3.1794871794871793,0.49454619287143353,3.0,2.0,1.6666666666666667,2.3333333333333335,4.333333333333333,3.6666666666666665,3.6666666666666665,3.0,4.666666666666667,3.6666666666666665,4.666666666666667,4.0,3.3333333333333335
0daa384c293d3990afab660dd3be326e531ad98578b49afc66111fe22d361e10,exp06_b_zh_tokenizer_ablation,B006,zh_tokenizer_ablation,EN_LITERAL,compressed,2,gemini_3_1_pro_preview,3,1.435897435897436,0.08882311833686557,1.3333333333333333,1.3333333333333333,1.0,1.0,1.3333333333333333,1.0,1.3333333333333333,1.0,2.3333333333333335,1.0,4.0,5.0,5.0
0dcf796e683647bcf6657eb38c024b9ec2dcf48222d3cc699a31c933fd506228,exp06_a_hybrid_state_causal_handoff,A002,handoff_state,EN,hybrid_state,3,qwen3_next_80b_instruct,3,3.871794871794872,0.9800776848008407,3.6666666666666665,3.0,3.6666666666666665,4.333333333333333,4.0,4.333333333333333,3.6666666666666665,3.6666666666666665,5.0,4.0,4.333333333333333,3.0,2.3333333333333335
0e5d1934b0ae00087703db2df74449b06ff821d2398e09d703bb1a478172a77c,exp06_a_hybrid_state_causal_handoff,A002,handoff_state,ES,hybrid_state,1,grok_4_20_non_reasoning,3,4.538461538461538,0.5044183480232308,4.333333333333333,4.0,4.666666666666667,4.333333333333333,5.0,4.666666666666667,4.666666666666667,4.666666666666667,5.0,4.666666666666667,4.666666666666667,2.0,1.6666666666666667
0e7aec43ffab3382bd0c7c2e77311e76850f54aef0673a9ebfd6fc3be0523edf,exp06_a_hybrid_state_causal_handoff,A001,handoff_state,EN,hybrid_state,2,qwen3_next_80b_instruct,3,4.461538461538461,0.42828956637154,4.666666666666667,4.0,4.666666666666667,4.666666666666667,4.666666666666667,4.666666666666667,4.333333333333333,4.333333333333333,4.666666666666667,4.333333333333333,4.666666666666667,2.0,1.6666666666666667
0e801d5a06c983ccfa44a72b20012182b0fc3a29b6efafe28eb084070e752d5e,exp06_a_hybrid_state_causal_handoff,A012,continuity_recovery,EN,hybrid_state,2,gemini_3_1_pro_preview,3,2.3846153846153846,0.6296425209132653,2.6666666666666665,3.3333333333333335,1.6666666666666667,1.6666666666666667,1.6666666666666667,1.3333333333333333,1.3333333333333333,2.0,5.0,2.3333333333333335,4.666666666666667,4.0,4.666666666666667
0e8e741a2acaff377e2796635b5f69f000a36e36758e875764da3f25b7fbdb28,exp06_b_zh_tokenizer_ablation,B009,zh_tokenizer_ablation,ZH,hybrid_state,2,grok_4_20_non_reasoning,3,4.769230769230769,0.3352999187338978,5.0,4.333333333333333,4.333333333333333,5.0,5.0,5.0,5.0,4.666666666666667,4.333333333333333,5.0,4.666666666666667,1.3333333333333333,1.0
0ea7e66bf957a864a5cb7df0b56f0afa5b91b0a80211dc72fa626b7f8fe6a81c,exp06_b_zh_tokenizer_ablation,B002,zh_tokenizer_ablation,ZH_PINYIN,hybrid_state,3,gemini_3_1_pro_preview,3,1.282051282051282,0.1601281538050871,1.0,1.6666666666666667,1.0,1.0,1.0,1.0,1.0,1.0,2.6666666666666665,1.0,2.3333333333333335,5.0,5.0
0ed58eda743738868089ec7ec25c3231c4c988b0807f2cc6708863948f371e62,exp06_a_hybrid_state_causal_handoff,A010,auditability,ES,compressed,1,grok_4_20_non_reasoning,3,4.9743589743589745,0.0444115591684326,5.0,5.0,4.666666666666667,5.0,5.0,5.0,5.0,5.0,5.0,5.0,5.0,1.0,1.0
0ed9b1803bb16bb18f264b48bee04c4f902dca8af6d91a65d2fb1b2ccd1d8ee5,exp06_a_hybrid_state_causal_handoff,A011,handoff_state,ZH,hybrid_state,3,gemini_3_1_pro_preview,3,1.6153846153846152,0.1332346775052983,1.3333333333333333,2.0,1.0,1.0,1.3333333333333333,1.0,1.0,1.0,4.333333333333333,1.3333333333333333,3.3333333333333335,4.666666666666667,5.0
0f7fad8d9569e56036485e71611133628e7159fab998d0d34118552a5e756eea,exp06_b_zh_tokenizer_ablation,B008,zh_tokenizer_ablation,EN_LITERAL,hybrid_state,3,grok_4_20_non_reasoning,3,4.512820512820513,0.545738375738276,4.666666666666667,4.0,4.666666666666667,4.666666666666667,5.0,4.666666666666667,4.666666666666667,4.333333333333333,5.0,4.666666666666667,3.6666666666666665,2.0,1.3333333333333333
0f8dae2ba861fc3470da27824de40ff259a282ef1171feb6176c4b14fef6fad3,exp06_a_hybrid_state_causal_handoff,A004,continuity_recovery,EN,hybrid_state,1,grok_4_20_non_reasoning,3,4.615384615384616,0.3525058226889109,4.666666666666667,4.333333333333333,4.666666666666667,4.333333333333333,5.0,4.666666666666667,4.333333333333333,4.333333333333333,5.0,5.0,5.0,1.6666666666666667,1.6666666666666667
0fa1c2dc5073c9ee17bc00e9760f1a8183a09708546a510e29857198e7c22f75,exp06_a_hybrid_state_causal_handoff,A011,handoff_state,ZH,compressed,2,qwen3_next_80b_instruct,3,4.102564102564103,0.967927491701378,4.0,4.666666666666667,4.0,3.3333333333333335,3.6666666666666665,4.666666666666667,3.6666666666666665,4.0,5.0,4.333333333333333,5.0,2.0,3.0
0fdbb7093c5ea6256c7f04744c249ba816428492ffa25f06f07473a1323668f5,exp06_a_hybrid_state_causal_handoff,A007,causal_claim,EN,hybrid_state,2,gemini_3_1_pro_preview,3,1.6923076923076923,0.2035193316203531,1.3333333333333333,2.6666666666666665,1.0,1.0,1.0,1.0,1.0,1.0,4.666666666666667,1.0,3.6666666666666665,4.333333333333333,5.0
10a46e6e2cca21e4620643c1ce27bd86e03fd3ddde39e1320964e43bcb7facb5,exp06_b_zh_tokenizer_ablation,B006,zh_tokenizer_ablation,ZH,compressed,3,gemini_3_1_pro_preview,3,1.6666666666666667,0.47000776358521446,1.6666666666666667,2.0,1.3333333333333333,1.0,1.6666666666666667,1.3333333333333333,1.3333333333333333,1.3333333333333333,4.0,1.3333333333333333,2.3333333333333335,4.666666666666667,5.0
110df52b887090f0e8a18618e3f9020385e600e69967f931d86bdde6b28b4c9f,exp06_a_hybrid_state_causal_handoff,A005,continuity_recovery,ES,hybrid_state,3,qwen3_next_80b_instruct,3,4.051282051282051,0.8438196242002223,4.0,3.3333333333333335,4.0,4.0,5.0,4.0,4.0,4.0,5.0,4.333333333333333,4.333333333333333,3.0,2.3333333333333335
1112fcd8d8087481533c7cc8f93a0b2acf67995f462af82d907705cee2d72263,exp06_b_zh_tokenizer_ablation,B005,zh_tokenizer_ablation,ZH,hybrid_state,3,gemini_3_1_pro_preview,3,1.564102564102564,0.08882311833686557,1.3333333333333333,1.6666666666666667,1.0,1.0,1.0,1.0,1.0,1.0,5.0,1.0,3.3333333333333335,5.0,5.0
113665f82203a6e6c154b966b47f4d3ab8fb8d5a2b0347c59be3fbcae154dc26,exp06_b_zh_tokenizer_ablation,B001,zh_tokenizer_ablation,ES_LITERAL,compressed,2,gemini_3_1_pro_preview,3,1.7692307692307692,0.48038446141526137,1.6666666666666667,2.0,1.3333333333333333,1.0,1.3333333333333333,1.3333333333333333,1.0,1.3333333333333333,4.0,1.6666666666666667,3.6666666666666665,4.333333333333333,5.0
1189175fbbcd0a45ee9ca8495fc9e4e8697186f2512ac9eb147bc5a711915aa0,exp06_a_hybrid_state_causal_handoff,A010,auditability,ZH,hybrid_state,2,gemini_3_1_pro_preview,3,2.205128205128205,0.32025630761017426,2.0,3.6666666666666665,1.6666666666666667,1.3333333333333333,1.3333333333333333,1.6666666666666667,1.3333333333333333,1.3333333333333333,4.333333333333333,1.6666666666666667,4.333333333333333,3.3333333333333335,4.666666666666667
11912b102e6b0b567007c5d693e0d38207a13b395ea91765d3cc9b303a081a60,exp06_a_hybrid_state_causal_handoff,A004,continuity_recovery,ZH,hybrid_state,3,azure_gpt_5_5_instant,3,4.948717948717949,0.0888231183368657,5.0,4.666666666666667,5.0,5.0,5.0,5.0,5.0,5.0,5.0,5.0,5.0,1.3333333333333333,1.0
1191e5a007d17810351bd4a3cd3b803490d95bcbc17a43ad9ae9119e99d3b4da,exp06_a_hybrid_state_causal_handoff,A005,continuity_recovery,ZH,compressed,3,gemini_3_1_pro_preview,3,1.435897435897436,0.34686536560176107,1.3333333333333333,1.6666666666666667,1.0,1.0,1.0,1.0,1.0,1.0,3.3333333333333335,1.0,3.0,4.666666666666667,5.0
11cae1b24f97aaa484d8534e4318ba7eab4ec248816b9459c3bc599b6f712bf8,exp06_b_zh_tokenizer_ablation,B002,zh_tokenizer_ablation,EN_LITERAL,hybrid_state,2,qwen3_next_80b_instruct,3,4.282051282051282,0.663206008019362,4.666666666666667,3.3333333333333335,4.0,4.666666666666667,5.0,4.333333333333333,4.0,4.0,5.0,4.333333333333333,4.666666666666667,2.6666666666666665,1.6666666666666667
11d63f27a6dc5887492de1dd1267416b2f510a724fd03e186c10f6796e7956a3,exp06_a_hybrid_state_causal_handoff,A008,causal_claim,EN,compressed,3,gemini_3_1_pro_preview,3,1.4615384615384617,0.27735009811261463,1.3333333333333333,1.3333333333333333,1.0,1.0,1.3333333333333333,1.0,1.3333333333333333,1.0,2.6666666666666665,1.0,3.6666666666666665,4.666666666666667,5.0
120dc53cb3fd93c20e39ff9f8f66c637871beeab3d26690deef8855470947c19,exp06_b_zh_tokenizer_ablation,B009,zh_tokenizer_ablation,EN_LITERAL,hybrid_state,2,qwen3_next_80b_instruct,3,3.9743589743589745,1.0009857074842634,4.0,3.3333333333333335,3.3333333333333335,4.0,4.333333333333333,4.333333333333333,4.0,4.0,5.0,4.666666666666667,3.6666666666666665,2.6666666666666665,2.3333333333333335
122d162606e2204d0336615a8915defc40759e1f7fd0f7e29f5358268bccf3c2,exp06_b_zh_tokenizer_ablation,B003,zh_tokenizer_ablation,ZH_PINYIN,compressed,3,grok_4_20_non_reasoning,3,4.435897435897435,0.4945461928714337,4.333333333333333,4.0,4.333333333333333,4.333333333333333,5.0,4.333333333333333,4.333333333333333,4.333333333333333,4.666666666666667,4.666666666666667,5.0,2.0,1.6666666666666667
1238f44a282464cd0a4b6ec0962306c697dd19ea0dd18db6a4caaed5389b6e42,exp06_a_hybrid_state_causal_handoff,A010,auditability,ZH,compressed,1,grok_4_20_non_reasoning,3,4.58974358974359,0.710584946694924,4.666666666666667,4.666666666666667,4.666666666666667,4.333333333333333,4.333333333333333,4.666666666666667,4.333333333333333,4.666666666666667,5.0,5.0,5.0,1.6666666666666667,2.0
12613a49e24b1a4e4a4aa545dacd6bbc5c6bf07c8eca2353155bf87b0a2b881d,exp06_b_zh_tokenizer_ablation,B010,zh_tokenizer_ablation,ZH_PINYIN,compressed,1,qwen3_next_80b_instruct,3,4.615384615384616,0.3352999187338978,4.666666666666667,4.333333333333333,4.666666666666667,4.333333333333333,4.666666666666667,5.0,4.333333333333333,4.666666666666667,5.0,5.0,4.666666666666667,1.6666666666666667,1.6666666666666667
131631d50bd8125dd73992ebc6d9a0f988870b373161066d52ed6520362cb16f,exp06_a_hybrid_state_causal_handoff,A008,causal_claim,ZH,hybrid_state,3,qwen3_next_80b_instruct,3,4.743589743589744,0.270144968021865,5.0,4.333333333333333,4.666666666666667,4.333333333333333,5.0,5.0,5.0,5.0,5.0,5.0,4.666666666666667,1.6666666666666667,1.6666666666666667
1336251eca1b06ca926b788446da3235b494a1036aa0ac01843352e2bd5c7455,exp06_b_zh_tokenizer_ablation,B005,zh_tokenizer_ablation,ZH_PINYIN,compressed,1,gemini_3_1_pro_preview,3,1.3076923076923077,0.26646935501059643,1.3333333333333333,1.3333333333333333,1.0,1.0,1.0,1.0,1.0,1.0,3.3333333333333335,1.0,2.0,5.0,5.0
134ce77ecf556cba66bf5267aa5bd677d97f736443672a9d898737bbc41b48ee,exp06_b_zh_tokenizer_ablation,B007,zh_tokenizer_ablation,ZH,hybrid_state,2,gemini_3_1_pro_preview,3,2.282051282051282,0.32025630761017415,2.0,3.0,1.6666666666666667,1.0,2.3333333333333335,2.0,1.6666666666666667,1.6666666666666667,4.333333333333333,2.0,4.333333333333333,4.0,4.333333333333333
135b8f0eb8d0199b4b3329f5b5448560f9ad4f49c5f5ecbace6af01b9bc92cf1,exp06_b_zh_tokenizer_ablation,B005,zh_tokenizer_ablation,ZH_PINYIN,compressed,1,grok_4_20_non_reasoning,3,4.461538461538461,0.6296425209132653,4.333333333333333,5.0,4.333333333333333,5.0,4.0,4.666666666666667,4.0,4.333333333333333,5.0,4.666666666666667,5.0,2.0,2.3333333333333335
1365f62f27ca18b9f484aa49d3ac634559926e1dbe656ba04cbebc551b2bcb8f,exp06_a_hybrid_state_causal_handoff,A006,continuity_recovery,ES,compressed,1,qwen3_next_80b_instruct,3,4.948717948717949,0.0444115591684326,5.0,5.0,5.0,4.666666666666667,5.0,5.0,4.666666666666667,5.0,5.0,5.0,5.0,1.0,1.0
1391f394361adb423b41cdda6465a9f50cde4b1f765fc0a0141feb271c6fd636,exp06_b_zh_tokenizer_ablation,B003,zh_tokenizer_ablation,EN_LITERAL,compressed,3,gemini_3_1_pro_preview,3,1.9743589743589745,0.3635242789425083,1.6666666666666667,2.6666666666666665,1.3333333333333333,1.3333333333333333,1.3333333333333333,1.3333333333333333,1.3333333333333333,1.3333333333333333,4.666666666666667,1.6666666666666667,4.333333333333333,4.666666666666667,4.666666666666667
13c4c14c7aceeff74f7456b64148732061cee4ef9c8e5069d33494e7ef7c0429,exp06_b_zh_tokenizer_ablation,B008,zh_tokenizer_ablation,ES_LITERAL,compressed,2,grok_4_20_non_reasoning,3,4.9743589743589745,0.0444115591684326,5.0,5.0,5.0,5.0,5.0,5.0,5.0,5.0,5.0,5.0,4.666666666666667,1.0,1.0
13d92d5b169fd39727945de80300413c75bfd4b8c19c5d789d590ac2226d09e6,exp06_a_hybrid_state_causal_handoff,A009,auditability,ES,compressed,3,qwen3_next_80b_instruct,3,4.743589743589744,0.44411559168432746,4.666666666666667,4.666666666666667,4.666666666666667,5.0,4.666666666666667,4.666666666666667,4.666666666666667,4.666666666666667,5.0,4.666666666666667,5.0,1.3333333333333333,1.3333333333333333
13f909aead2eb2b1363f26da68c416b0a89b2c3069682280c4cd53b181cdd7f7,exp06_b_zh_tokenizer_ablation,B007,zh_tokenizer_ablation,ZH,hybrid_state,1,grok_4_20_non_reasoning,3,4.435897435897436,0.5402899360437302,4.333333333333333,3.6666666666666665,4.333333333333333,4.333333333333333,4.666666666666667,4.666666666666667,4.666666666666667,4.666666666666667,5.0,4.666666666666667,4.666666666666667,2.3333333333333335,1.6666666666666667
142802279e000ff466b0b2544a5e917f723b02bae1daf5ae0aea61a042684bad,exp06_a_hybrid_state_causal_handoff,A012,continuity_recovery,ZH,compressed,3,qwen3_next_80b_instruct,3,4.58974358974359,0.38717099668055127,4.333333333333333,5.0,4.333333333333333,4.333333333333333,4.666666666666667,5.0,4.0,4.666666666666667,5.0,5.0,5.0,1.6666666666666667,2.0
142fe00ed5af827b03e15e88b43428304cee1eb567f4f24a819b74bd001876d3,exp06_b_zh_tokenizer_ablation,B002,zh_tokenizer_ablation,ZH_PINYIN,compressed,2,gemini_3_1_pro_preview,3,1.435897435897436,0.5121790860368763,1.3333333333333333,1.6666666666666667,1.3333333333333333,1.0,1.0,1.3333333333333333,1.0,1.3333333333333333,3.3333333333333335,1.3333333333333333,1.0,4.0,5.0
1440afe56c6b01ffbf7ca59886f0a364f68e510ef6386434c03134c2bbe4d90c,exp06_a_hybrid_state_causal_handoff,A008,causal_claim,EN,compressed,2,gemini_3_1_pro_preview,3,2.41025641025641,0.11750194089630361,2.0,4.0,1.3333333333333333,1.0,2.0,1.3333333333333333,1.6666666666666667,1.3333333333333333,5.0,1.6666666666666667,5.0,2.3333333333333335,4.666666666666667
147d23a2612aec0fe1638ba333035613995215d0d06239e1bedf83ca46e0c7c6,exp06_a_hybrid_state_causal_handoff,A006,continuity_recovery,ES,compressed,3,azure_gpt_5_5_instant,3,4.9743589743589745,0.0444115591684326,5.0,5.0,5.0,5.0,5.0,5.0,5.0,5.0,4.666666666666667,5.0,5.0,1.0,1.0
152546757f2dbb51061061e310c33ecd4722dc22ebf955c053a219b01922bccc,exp06_b_zh_tokenizer_ablation,B005,zh_tokenizer_ablation,ZH,compressed,3,gemini_3_1_pro_preview,3,1.5384615384615383,0.335299918733898,1.6666666666666667,2.0,1.0,1.0,1.0,1.0,1.0,1.0,3.6666666666666665,1.0,3.6666666666666665,5.0,5.0
153c9b4cefd1ee8063771f4edc08095fc44afe658aa50220f587606fba9a9e3d,exp06_b_zh_tokenizer_ablation,B009,zh_tokenizer_ablation,ZH_PINYIN,compressed,3,gemini_3_1_pro_preview,3,1.282051282051282,0.1601281538050871,1.0,1.3333333333333333,1.0,1.0,1.0,1.3333333333333333,1.0,1.0,2.3333333333333335,1.0,2.3333333333333335,4.666666666666667,5.0
1550c8d00858120e835e32d812918840cc2061e2e8377ac709a0b406971a0cc5,exp06_b_zh_tokenizer_ablation,B009,zh_tokenizer_ablation,ZH_PINYIN,hybrid_state,1,gemini_3_1_pro_preview,3,1.7692307692307692,0.5547001962252293,1.6666666666666667,2.0,1.0,1.0,2.0,1.6666666666666667,1.6666666666666667,1.3333333333333333,3.6666666666666665,1.0,3.3333333333333335,4.333333333333333,5.0
15808536601cdc09cb5932da9baa54d552da168426f3fbada69589cbe535dd19,exp06_a_hybrid_state_causal_handoff,A009,auditability,ES,hybrid_state,2,gemini_3_1_pro_preview,3,1.153846153846154,0.2035193316203531,1.0,1.3333333333333333,1.0,1.0,1.0,1.0,1.0,1.3333333333333333,2.3333333333333335,1.0,1.0,5.0,5.0
158a2a6954160a6d8253b77345b2e394d5110322a7520627ad8d5f44d1c279f3,exp06_b_zh_tokenizer_ablation,B002,zh_tokenizer_ablation,ZH_PINYIN,compressed,3,grok_4_20_non_reasoning,3,4.564102564102565,0.39473857226514486,4.333333333333333,4.333333333333333,4.666666666666667,4.333333333333333,5.0,4.333333333333333,4.333333333333333,4.666666666666667,5.0,4.666666666666667,5.0,1.6666666666666667,1.6666666666666667
158d230596ea8b7d204ca5245817c5186888f65d6f137099fd847a135bae2a27,exp06_a_hybrid_state_causal_handoff,A002,handoff_state,EN,compressed,1,azure_gpt_5_5_instant,3,5.0,0.0,5.0,5.0,5.0,5.0,5.0,5.0,5.0,5.0,5.0,5.0,5.0,1.0,1.0
163a5090e9e4df8640f53771fe6c72c73d7432634fda6f5ba8b4d89c60db501d,exp06_b_zh_tokenizer_ablation,B004,zh_tokenizer_ablation,EN_LITERAL,compressed,1,grok_4_20_non_reasoning,3,4.923076923076923,0.1332346775052983,5.0,5.0,5.0,4.666666666666667,5.0,5.0,4.666666666666667,5.0,5.0,5.0,5.0,1.0,1.3333333333333333
163f9ba78497cec5fe99c5594fa38f6012da20057834b2d3beb8e95252e75809,exp06_b_zh_tokenizer_ablation,B006,zh_tokenizer_ablation,ZH_PINYIN,hybrid_state,2,qwen3_next_80b_instruct,3,3.6153846153846154,1.3846153846153846,3.6666666666666665,3.0,3.0,3.3333333333333335,4.0,3.6666666666666665,4.0,3.6666666666666665,4.666666666666667,4.0,4.333333333333333,3.3333333333333335,3.0
168273d62764d5dd6d867c8362f4c3cfd7f3b7017b8b095f4ae203e666ad9ea4,exp06_b_zh_tokenizer_ablation,B006,zh_tokenizer_ablation,ZH,compressed,2,gemini_3_1_pro_preview,3,1.717948717948718,0.2912260690153987,1.6666666666666667,2.3333333333333335,1.0,1.0,1.3333333333333333,1.3333333333333333,1.0,1.3333333333333333,3.6666666666666665,1.0,4.0,4.333333333333333,5.0
1682e8ec7bc5404f90d85b8796339f5a09f61933dd84ae7023c1e79f159dbd9d,exp06_b_zh_tokenizer_ablation,B003,zh_tokenizer_ablation,ZH_PINYIN,compressed,1,qwen3_next_80b_instruct,3,3.41025641025641,0.6542231190857986,3.0,3.6666666666666665,3.3333333333333335,4.0,4.333333333333333,4.0,3.3333333333333335,3.6666666666666665,4.0,3.3333333333333335,1.3333333333333333,2.6666666666666665,3.0
16ef54b70b1737dd88b3c936faeecbf80a3fb67a7280e2eedc9a8d964b381cbc,exp06_a_hybrid_state_causal_handoff,A008,causal_claim,EN,compressed,1,gemini_3_1_pro_preview,3,2.307692307692308,0.07692307692307687,2.0,3.6666666666666665,1.0,1.0,2.0,1.3333333333333333,1.3333333333333333,1.3333333333333333,5.0,1.6666666666666667,5.0,2.3333333333333335,5.0
1730293c2335a499a9f5e6f3a59594894836dc6917646421e01d2400b5e053e2,exp06_b_zh_tokenizer_ablation,B008,zh_tokenizer_ablation,ZH_PINYIN,compressed,1,gemini_3_1_pro_preview,3,1.7692307692307692,0.3525058226889108,1.6666666666666667,2.0,1.3333333333333333,1.0,1.3333333333333333,1.0,1.0,1.3333333333333333,5.0,1.3333333333333333,3.3333333333333335,4.333333333333333,5.0
173cc25593b85144eaadf4d840f59fd85976056bf520629ed578792b35579658,exp06_b_zh_tokenizer_ablation,B009,zh_tokenizer_ablation,ZH,compressed,3,qwen3_next_80b_instruct,3,4.384615384615384,0.5384615384615384,4.333333333333333,4.666666666666667,4.0,3.6666666666666665,4.333333333333333,4.333333333333333,4.0,4.333333333333333,5.0,4.666666666666667,5.0,1.3333333333333333,2.0
17677d2d50b47a3964de45633fa9a08e1d8283beaacf05a2d290e93f4f635c9b,exp06_a_hybrid_state_causal_handoff,A011,handoff_state,ES,compressed,2,azure_gpt_5_5_instant,3,4.948717948717949,0.0888231183368657,5.0,5.0,5.0,5.0,4.666666666666667,5.0,4.666666666666667,5.0,5.0,5.0,5.0,1.0,1.0
17b264f3a19a45ab095bf793b8d6b16dc83156d4e50305dabe32806d9f51d1d9,exp06_b_zh_tokenizer_ablation,B010,zh_tokenizer_ablation,ZH,hybrid_state,2,grok_4_20_non_reasoning,3,4.358974358974359,0.5670088304486148,4.666666666666667,3.6666666666666665,4.333333333333333,4.333333333333333,4.666666666666667,4.666666666666667,4.333333333333333,4.0,5.0,4.333333333333333,4.333333333333333,2.0,1.6666666666666667
17bc3bef429f3850642b265f6a1004dfd2d59106be4e31ccabda9910bdcfb027,exp06_a_hybrid_state_causal_handoff,A011,handoff_state,EN,compressed,1,grok_4_20_non_reasoning,3,4.641025641025641,0.38717099668055127,4.666666666666667,5.0,4.666666666666667,4.333333333333333,4.666666666666667,5.0,4.0,4.666666666666667,5.0,5.0,5.0,1.6666666666666667,2.0
1805d250afcd1869c4feceaacd0a6ec0a85d9c8dbfac430669e7f1774833253b,exp06_a_hybrid_state_causal_handoff,A004,continuity_recovery,EN,hybrid_state,1,azure_gpt_5_5_instant,3,4.871794871794872,0.16012815380508708,5.0,4.666666666666667,5.0,5.0,5.0,5.0,5.0,4.666666666666667,4.666666666666667,5.0,5.0,1.3333333333333333,1.3333333333333333
1817a82a091e831443ab3cc0dea27345ba3ec68746078ce3b09beab225bcbc62,exp06_b_zh_tokenizer_ablation,B007,zh_tokenizer_ablation,ZH_PINYIN,compressed,3,qwen3_next_80b_instruct,3,3.5128205128205128,0.7147364033213515,3.6666666666666665,3.6666666666666665,3.0,3.0,3.3333333333333335,3.3333333333333335,4.0,3.3333333333333335,4.666666666666667,3.6666666666666665,4.333333333333333,3.3333333333333335,3.0
181fbe7a178c34274d9ffe0a546e6317eaf956264741e9eb84019c96bcd56bd9,exp06_b_zh_tokenizer_ablation,B008,zh_tokenizer_ablation,ZH_PINYIN,hybrid_state,3,gemini_3_1_pro_preview,3,1.8974358974358976,0.394738572265145,1.6666666666666667,2.6666666666666665,1.3333333333333333,1.0,1.3333333333333333,1.3333333333333333,1.0,1.3333333333333333,4.666666666666667,1.3333333333333333,3.6666666666666665,3.6666666666666665,5.0
1833938a276e7039ca8e4f492bf7c05b57ce1da454c12ffa845fd4511b0efc1d,exp06_b_zh_tokenizer_ablation,B001,zh_tokenizer_ablation,EN_LITERAL,compressed,2,qwen3_next_80b_instruct,3,4.82051282051282,0.3108809141790292,4.666666666666667,4.666666666666667,5.0,5.0,4.666666666666667,5.0,4.666666666666667,4.666666666666667,5.0,5.0,5.0,1.3333333333333333,1.3333333333333333
1865fb8a14bd2c08407812702559d1ba39567b4ea0ce87ddb25de9dd5106d778,exp06_b_zh_tokenizer_ablation,B003,zh_tokenizer_ablation,ZH_PINYIN,hybrid_state,1,qwen3_next_80b_instruct,3,4.051282051282051,1.0500305245868344,4.0,3.6666666666666665,4.0,4.0,4.0,4.0,4.0,3.6666666666666665,5.0,4.0,4.666666666666667,2.3333333333333335,2.0
1866d99cb021dae6afbda07061ea7121d8990c739d2d1e2cd096d5d361ea07d4,exp06_a_hybrid_state_causal_handoff,A009,auditability,EN,hybrid_state,1,gemini_3_1_pro_preview,3,1.205128205128205,0.23500388179260714,1.0,1.0,1.0,1.0,1.0,1.0,1.3333333333333333,1.0,3.0,1.0,1.3333333333333333,5.0,5.0
1868240181928f453e4a0e7fe9e69afb30e4781bb295e4093c0181b07e607841,exp06_a_hybrid_state_causal_handoff,A006,continuity_recovery,ES,compressed,3,qwen3_next_80b_instruct,3,4.9743589743589745,0.0444115591684326,5.0,5.0,5.0,4.666666666666667,5.0,5.0,5.0,5.0,5.0,5.0,5.0,1.0,1.0
186efda079f5eb1dc6de8dbbb3e192bde436b5cbc78eeadc75e8993bcd64fe48,exp06_b_zh_tokenizer_ablation,B004,zh_tokenizer_ablation,ZH_PINYIN,hybrid_state,2,gemini_3_1_pro_preview,3,1.8974358974358976,0.19358549834027572,2.0,2.0,1.6666666666666667,1.0,2.0,1.3333333333333333,1.0,1.3333333333333333,5.0,1.6666666666666667,3.0,4.333333333333333,5.0
18d5a92ecc96551ad4414f2dc270520b4fb66bf2f3a1b60779101faf73f89a06,exp06_b_zh_tokenizer_ablation,B009,zh_tokenizer_ablation,ES_LITERAL,compressed,1,grok_4_20_non_reasoning,3,4.923076923076923,0.0769230769230771,5.0,4.666666666666667,5.0,4.666666666666667,5.0,5.0,5.0,5.0,5.0,5.0,4.666666666666667,1.0,1.0
18e51ee66ee1ea9727e933b98602e8c1251a3d6ce650edaa8b225acdfe186597,exp06_b_zh_tokenizer_ablation,B008,zh_tokenizer_ablation,ES_LITERAL,hybrid_state,2,grok_4_20_non_reasoning,3,4.769230769230769,0.3352999187338978,5.0,4.0,5.0,5.0,5.0,4.666666666666667,5.0,4.666666666666667,5.0,4.666666666666667,4.666666666666667,1.3333333333333333,1.3333333333333333
18ff738a53ddcb4ec0f0d482f876ed3c46efa5ff05e26c2675cf2eb508809c87,exp06_b_zh_tokenizer_ablation,B003,zh_tokenizer_ablation,ES_LITERAL,hybrid_state,2,gemini_3_1_pro_preview,3,1.8205128205128205,0.34686536560176107,1.6666666666666667,2.6666666666666665,1.3333333333333333,1.0,1.0,1.3333333333333333,1.0,1.3333333333333333,4.666666666666667,1.3333333333333333,3.6666666666666665,4.333333333333333,5.0
1922bb87864c8f59c22653882c9627010290e43c51c09d94f0b767b7444f6520,exp06_a_hybrid_state_causal_handoff,A006,continuity_recovery,EN,compressed,2,azure_gpt_5_5_instant,3,4.9743589743589745,0.0444115591684326,5.0,5.0,5.0,5.0,5.0,5.0,5.0,5.0,4.666666666666667,5.0,5.0,1.0,1.0
193c5195b915fadda04594a13daa00d39d6a02eebd9170fbf68439c032bee54d,exp06_b_zh_tokenizer_ablation,B002,zh_tokenizer_ablation,ZH,compressed,3,grok_4_20_non_reasoning,3,4.9743589743589745,0.0444115591684326,5.0,5.0,5.0,5.0,5.0,5.0,5.0,5.0,4.666666666666667,5.0,5.0,1.0,1.0
194f8e2c55f5ce10b15151d1ef441996d94eeccad388ec1729bb21f9f511cb0c,exp06_a_hybrid_state_causal_handoff,A007,causal_claim,EN,compressed,3,grok_4_20_non_reasoning,3,4.897435897435898,0.11750194089630366,5.0,5.0,5.0,4.333333333333333,5.0,5.0,4.666666666666667,5.0,5.0,5.0,5.0,1.0,1.3333333333333333
1993b74a99e2acb4c58bc92c78a5fc396d39b65d39faaafebb1b4d5f25d1a6cf,exp06_a_hybrid_state_causal_handoff,A006,continuity_recovery,EN,compressed,1,qwen3_next_80b_instruct,3,4.923076923076923,0.1332346775052983,5.0,4.666666666666667,5.0,5.0,5.0,5.0,4.666666666666667,5.0,5.0,5.0,5.0,1.3333333333333333,1.0
199b6efa38843cad866f565d4f567ab249f10d9cc067c1ba3e26a2168e6c0e1b,exp06_b_zh_tokenizer_ablation,B006,zh_tokenizer_ablation,ZH_PINYIN,hybrid_state,1,gemini_3_1_pro_preview,3,1.9230769230769231,0.4282895663715401,1.6666666666666667,2.6666666666666665,1.0,1.0,1.6666666666666667,1.6666666666666667,1.3333333333333333,1.3333333333333333,4.333333333333333,1.3333333333333333,4.0,4.0,5.0
19e1632cc20322fdd89490e1747b505ad041bc33e333f44b02e49a26831e0a94,exp06_a_hybrid_state_causal_handoff,A009,auditability,ZH,hybrid_state,3,qwen3_next_80b_instruct,3,4.6923076923076925,0.3076923076923075,5.0,4.333333333333333,5.0,5.0,5.0,5.0,4.333333333333333,4.666666666666667,5.0,4.666666666666667,4.333333333333333,2.0,1.3333333333333333
19e6daee369743b0dde98358bdeb147e58b63b76d665e72bdab1976fb2f0d9e0,exp06_a_hybrid_state_causal_handoff,A010,auditability,ZH,compressed,2,qwen3_next_80b_instruct,3,4.384615384615384,0.6153846153846154,4.333333333333333,4.666666666666667,4.0,4.0,4.0,4.666666666666667,4.0,4.333333333333333,5.0,4.666666666666667,5.0,1.6666666666666667,2.0
19f409661a96bb42fb28d26fd1449f0d3ec9343d49afb03a4ee4f4f753f8d563,exp06_a_hybrid_state_causal_handoff,A008,causal_claim,EN,hybrid_state,3,gemini_3_1_pro_preview,3,2.128205128205128,0.11750194089630361,1.6666666666666667,3.0,1.0,1.0,2.0,1.3333333333333333,1.6666666666666667,1.0,5.0,2.0,5.0,4.0,5.0
19f648e4e291c814b64563ed8a594db5acbd1f16e07b3bdd2cfaf4f19718c59f,exp06_b_zh_tokenizer_ablation,B001,zh_tokenizer_ablation,ZH,compressed,3,qwen3_next_80b_instruct,3,4.794871794871795,0.19358549834027583,5.0,4.333333333333333,5.0,5.0,5.0,5.0,4.333333333333333,4.666666666666667,5.0,4.666666666666667,5.0,1.6666666666666667,1.0
1a0c2ccab3f9d139a33032e67f56345d0f9037fd11bdf82aa49a9e100f08567c,exp06_b_zh_tokenizer_ablation,B002,zh_tokenizer_ablation,ZH,hybrid_state,3,gemini_3_1_pro_preview,3,1.435897435897436,0.3871709966805514,1.3333333333333333,1.3333333333333333,1.0,1.0,2.0,1.6666666666666667,1.3333333333333333,1.0,2.6666666666666665,1.3333333333333333,2.0,5.0,5.0
1a2228cf4d6133c0e1890e2513fa2a47eedcd2acc707e88dab02e88ccb3b755e,exp06_a_hybrid_state_causal_handoff,A006,continuity_recovery,EN,compressed,3,azure_gpt_5_5_instant,3,5.0,0.0,5.0,5.0,5.0,5.0,5.0,5.0,5.0,5.0,5.0,5.0,5.0,1.0,1.0
1a5fb2cdc7f6f4a550b6bccece08fe2b3199af2328dba3440d0ca5d39a4a3740,exp06_b_zh_tokenizer_ablation,B002,zh_tokenizer_ablation,EN_LITERAL,compressed,2,qwen3_next_80b_instruct,3,4.923076923076923,0.1332346775052983,5.0,5.0,5.0,5.0,5.0,4.666666666666667,4.666666666666667,5.0,5.0,5.0,5.0,1.3333333333333333,1.0
1a6c9c3fa48ec9c6bb6119480c6c360e65183e5ba53945e2c2394f7ceefe2dc6,exp06_a_hybrid_state_causal_handoff,A009,auditability,ES,hybrid_state,1,qwen3_next_80b_instruct,3,4.384615384615384,0.42828956637154,4.666666666666667,3.6666666666666665,4.333333333333333,4.666666666666667,4.666666666666667,4.666666666666667,4.333333333333333,4.333333333333333,4.666666666666667,4.333333333333333,4.333333333333333,2.0,1.6666666666666667
1abccf0a75f98839d64fb0b8aa6d5f36109981d30ec495dded48541d2268884f,exp06_a_hybrid_state_causal_handoff,A008,causal_claim,ES,compressed,3,azure_gpt_5_5_instant,3,4.743589743589744,0.320256307610174,4.666666666666667,5.0,4.666666666666667,4.333333333333333,4.666666666666667,4.666666666666667,4.666666666666667,5.0,4.666666666666667,5.0,5.0,1.3333333333333333,1.3333333333333333
1acf8568c52e111b36d3cc83ca8470d227cd821b18e5ce3d45990a5695e16294,exp06_b_zh_tokenizer_ablation,B009,zh_tokenizer_ablation,ES_LITERAL,compressed,2,grok_4_20_non_reasoning,3,4.769230769230769,0.3352999187338978,5.0,4.666666666666667,4.666666666666667,4.333333333333333,5.0,4.666666666666667,5.0,4.666666666666667,5.0,5.0,4.333333333333333,1.0,1.3333333333333333
1b10c82517f861fcc0a93299f3a567d0958232f6d3d861fa8d6b70fc68b33777,exp06_a_hybrid_state_causal_handoff,A011,handoff_state,ES,hybrid_state,1,azure_gpt_5_5_instant,3,4.205128205128205,0.7147364033213515,4.333333333333333,4.333333333333333,4.0,3.6666666666666665,4.333333333333333,4.666666666666667,4.333333333333333,4.0,4.666666666666667,4.333333333333333,5.0,2.3333333333333335,2.6666666666666665
1b2d80370e687cebd8dc364861a8f9004fbd3eecdd31e77833e1014578df5a1c,exp06_b_zh_tokenizer_ablation,B006,zh_tokenizer_ablation,ZH,hybrid_state,1,qwen3_next_80b_instruct,3,4.435897435897435,0.4945461928714337,4.333333333333333,3.6666666666666665,4.333333333333333,4.333333333333333,5.0,5.0,4.333333333333333,4.333333333333333,5.0,5.0,4.0,2.0,1.6666666666666667
1ba9fa3238a6c3468ef31d5fc53933c6a14dce4cedbbfa844ce15ebfdea42f1f,exp06_b_zh_tokenizer_ablation,B004,zh_tokenizer_ablation,ZH_PINYIN,compressed,1,qwen3_next_80b_instruct,3,4.076923076923077,0.8140773264814124,4.0,4.0,3.6666666666666665,4.0,4.0,3.6666666666666665,4.333333333333333,3.6666666666666665,5.0,4.0,5.0,2.3333333333333335,2.0
1bc01d2f3f18faa5d192bd44786488ef1b1cfad59f2af9142ce13fb859def60f,exp06_b_zh_tokenizer_ablation,B004,zh_tokenizer_ablation,ZH,hybrid_state,1,grok_4_20_non_reasoning,3,4.333333333333333,0.5773502691896258,4.333333333333333,3.6666666666666665,4.333333333333333,4.333333333333333,4.666666666666667,4.333333333333333,4.333333333333333,4.333333333333333,5.0,4.333333333333333,4.666666666666667,2.3333333333333335,1.6666666666666667
1bc526dc6bbb1755765f26aeef773e122dddb7f0edf2be19a0388db8050d2b14,exp06_a_hybrid_state_causal_handoff,A001,handoff_state,ZH,compressed,1,grok_4_20_non_reasoning,3,4.743589743589744,0.44411559168432746,4.666666666666667,5.0,4.666666666666667,4.666666666666667,4.666666666666667,5.0,4.666666666666667,4.666666666666667,5.0,4.666666666666667,5.0,1.3333333333333333,1.6666666666666667
1bdc12b076c10f77a9805841af500277bb183fbb49ef5d8cccee4d07ebb5823b,exp06_a_hybrid_state_causal_handoff,A012,continuity_recovery,ES,hybrid_state,3,azure_gpt_5_5_instant,3,4.615384615384616,0.3846153846153846,4.333333333333333,5.0,4.333333333333333,4.0,5.0,4.333333333333333,4.333333333333333,4.333333333333333,5.0,4.666666666666667,5.0,1.0,1.3333333333333333
1be034a0d765f349e89c85b2b939e6643655e88fb333686e00aeca316aed050f,exp06_b_zh_tokenizer_ablation,B005,zh_tokenizer_ablation,EN_LITERAL,hybrid_state,2,grok_4_20_non_reasoning,3,3.6153846153846154,1.270977818604485,3.3333333333333335,3.6666666666666665,3.3333333333333335,3.3333333333333335,4.0,4.0,3.3333333333333335,3.3333333333333335,4.333333333333333,3.3333333333333335,5.0,2.6666666666666665,3.3333333333333335
1bee264595d7f242656c9c5f2c61f559974243637ae031a2d0f899fea1fd96ae,exp06_b_zh_tokenizer_ablation,B005,zh_tokenizer_ablation,ES_LITERAL,compressed,3,qwen3_next_80b_instruct,3,4.17948717948718,0.7743419933611025,4.333333333333333,4.333333333333333,4.0,4.666666666666667,3.6666666666666665,4.333333333333333,3.3333333333333335,4.0,5.0,4.333333333333333,5.0,2.3333333333333335,2.3333333333333335
1c56381ac7920bb978e4ed3f41c15e482512b6bb847edf0e56a67a4bcf10564b,exp06_a_hybrid_state_causal_handoff,A005,continuity_recovery,EN,compressed,3,gemini_3_1_pro_preview,3,1.5384615384615383,0.15384615384615385,1.3333333333333333,1.3333333333333333,1.0,1.0,1.0,1.0,1.0,1.0,4.0,1.0,4.333333333333333,5.0,5.0
1c85247a0b9814ae728f1d95ce12ceb95650df1ecc7c52644cdeef75c2165521,exp06_a_hybrid_state_causal_handoff,A003,handoff_state,ES,hybrid_state,2,gemini_3_1_pro_preview,3,1.6153846153846156,0.13323467750529816,1.0,2.3333333333333335,1.0,1.0,1.3333333333333333,1.0,1.0,1.0,4.666666666666667,1.0,2.0,3.3333333333333335,5.0
1cd3d9ebeeb852235f061e3b191e76f8452467e967fb2020f7feaba156b4b275,exp06_b_zh_tokenizer_ablation,B001,zh_tokenizer_ablation,ZH_PINYIN,hybrid_state,2,gemini_3_1_pro_preview,3,1.5384615384615383,0.4070386632407062,1.6666666666666667,1.6666666666666667,1.0,1.0,1.0,1.0,1.3333333333333333,1.0,3.3333333333333335,1.0,3.6666666666666665,4.666666666666667,5.0
1cea7f1b70d7054ea98a02ae2fed2554b0bc1ed6f08b126a28cfc809151e68e1,exp06_a_hybrid_state_causal_handoff,A010,auditability,EN,compressed,2,azure_gpt_5_5_instant,3,4.743589743589744,0.22205779584216398,4.666666666666667,5.0,4.333333333333333,4.666666666666667,4.666666666666667,5.0,4.333333333333333,5.0,5.0,5.0,5.0,1.3333333333333333,1.6666666666666667
1d1fe7a94f95b017424883ce32f5f0ecb0b4e0c6889a3b1f6d2dcbcaabac0731,exp06_a_hybrid_state_causal_handoff,A002,handoff_state,EN,hybrid_state,2,gemini_3_1_pro_preview,3,1.8205128205128205,0.2912260690153986,1.6666666666666667,1.6666666666666667,1.3333333333333333,1.3333333333333333,1.3333333333333333,1.3333333333333333,1.3333333333333333,1.0,4.0,1.3333333333333333,4.333333333333333,4.333333333333333,4.666666666666667
1d23e1a9f2dd46468a8a63aecea21f289e983e8936df0aea8cb57c7ea64882f5,exp06_a_hybrid_state_causal_handoff,A008,causal_claim,ES,hybrid_state,3,qwen3_next_80b_instruct,3,4.384615384615384,0.5329387100211932,4.333333333333333,4.0,4.333333333333333,4.0,5.0,4.666666666666667,4.333333333333333,4.333333333333333,5.0,4.666666666666667,4.666666666666667,2.3333333333333335,2.0
1d532d6a762e730f3fa5b5b358bd952c5e693d0877f64f9cdf46d3074d03547a,exp06_a_hybrid_state_causal_handoff,A003,handoff_state,ES,compressed,2,gemini_3_1_pro_preview,3,1.6666666666666667,0.11750194089630352,1.0,2.3333333333333335,1.0,1.0,1.6666666666666667,1.0,1.0,1.0,5.0,1.0,3.0,4.333333333333333,5.0
1d80c473b8621e539412fd11da65ba6667d8b0c972424faa0bcc4541a6b94238,exp06_b_zh_tokenizer_ablation,B007,zh_tokenizer_ablation,EN_LITERAL,compressed,3,qwen3_next_80b_instruct,3,4.256410256410256,0.645115160277391,4.333333333333333,3.6666666666666665,4.333333333333333,4.333333333333333,4.333333333333333,4.333333333333333,4.333333333333333,4.0,5.0,4.333333333333333,4.333333333333333,2.3333333333333335,1.6666666666666667
1d9218b9aa0a205af93496c503fd2b4e734bbcf9d8fc257224703722e6c803af,exp06_b_zh_tokenizer_ablation,B006,zh_tokenizer_ablation,EN_LITERAL,compressed,3,gemini_3_1_pro_preview,3,2.435897435897436,0.3202563076101742,2.0,3.6666666666666665,1.6666666666666667,1.0,2.0,2.0,1.3333333333333333,2.0,4.666666666666667,2.0,4.333333333333333,2.3333333333333335,4.666666666666667
1dcc7db4ccc7887fbc14b3ce060558647eb34aa2c9a746531fba4d9d363d309c,exp06_a_hybrid_state_causal_handoff,A002,handoff_state,EN,hybrid_state,1,gemini_3_1_pro_preview,3,1.5384615384615383,0.07692307692307698,1.3333333333333333,1.3333333333333333,1.0,1.0,1.0,1.3333333333333333,1.0,1.0,4.0,1.0,3.6666666666666665,4.666666666666667,5.0
1dd74fe3faa25c2d87b4937c11f3d490f1a53dc9d8ffe6347b6db00e0f9cf751,exp06_a_hybrid_state_causal_handoff,A007,causal_claim,ES,hybrid_state,1,grok_4_20_non_reasoning,3,4.564102564102565,0.39473857226514486,4.333333333333333,3.6666666666666665,4.333333333333333,4.333333333333333,5.0,5.0,4.666666666666667,4.666666666666667,5.0,5.0,4.666666666666667,1.6666666666666667,1.6666666666666667
1de64e1eea0cce1f3f8d00956e33f4a4a5349104318695753f4b360250bb61d3,exp06_b_zh_tokenizer_ablation,B006,zh_tokenizer_ablation,ES_LITERAL,hybrid_state,1,grok_4_20_non_reasoning,3,4.6923076923076925,0.3076923076923075,4.666666666666667,3.6666666666666665,4.666666666666667,5.0,5.0,5.0,5.0,5.0,5.0,5.0,4.333333333333333,2.0,1.3333333333333333
1df0421c3e9b26d02e79a65b926bc40dbe545198ec3db9012ec9ff3752abcd76,exp06_a_hybrid_state_causal_handoff,A010,auditability,ES,compressed,1,gemini_3_1_pro_preview,3,1.3461538461538463,0.48953546389837904,1.0,2.5,1.0,1.0,1.0,1.0,1.0,1.0,3.0,1.0,1.5,4.5,5.0
1e0ab245540e9a1e674e4659a6456203a3ac0f4e7c0e0ab5a5c499cba9105ec0,exp06_b_zh_tokenizer_ablation,B005,zh_tokenizer_ablation,EN_LITERAL,compressed,1,gemini_3_1_pro_preview,3,1.1794871794871795,0.19358549834027564,1.0,1.3333333333333333,1.0,1.0,1.0,1.0,1.0,1.0,1.6666666666666667,1.0,2.3333333333333335,5.0,5.0
1e1b91e20f553001ca995bf5b647c2cc87b7de4f9e0484da481527b0203383e0,exp06_a_hybrid_state_causal_handoff,A009,auditability,ZH,hybrid_state,3,grok_4_20_non_reasoning,3,3.9743589743589745,1.0009857074842634,4.0,3.6666666666666665,3.6666666666666665,3.0,4.666666666666667,4.333333333333333,4.0,4.0,5.0,4.666666666666667,4.333333333333333,2.6666666666666665,3.0
1ea9eadee4fff145fccb9f59546a73b22500a1803c3384d7a7a69ce2b69808ca,exp06_a_hybrid_state_causal_handoff,A011,handoff_state,EN,compressed,2,gemini_3_1_pro_preview,3,1.871794871794872,0.23500388179260726,1.6666666666666667,2.6666666666666665,1.0,1.0,1.0,1.0,1.3333333333333333,1.0,4.666666666666667,1.3333333333333333,5.0,4.333333333333333,5.0
1ef2d77b874632e74336cfdebaafb59f223c2dfd2461c96cf8640546a8dc7364,exp06_b_zh_tokenizer_ablation,B007,zh_tokenizer_ablation,ZH_PINYIN,hybrid_state,1,gemini_3_1_pro_preview,3,1.564102564102564,0.23500388179260714,1.3333333333333333,1.3333333333333333,1.0,1.0,1.3333333333333333,1.3333333333333333,1.3333333333333333,1.0,4.0,1.0,3.6666666666666665,5.0,5.0
1efa00177a3d7052327039e5b417f9c9dfc29cfcdabefcc41f52ff0db24a1f61,exp06_b_zh_tokenizer_ablation,B006,zh_tokenizer_ablation,EN_LITERAL,hybrid_state,2,gemini_3_1_pro_preview,3,1.4615384615384617,0.5384615384615385,1.0,1.3333333333333333,1.0,1.0,1.3333333333333333,1.3333333333333333,1.3333333333333333,1.3333333333333333,3.6666666666666665,1.3333333333333333,2.3333333333333335,5.0,5.0
1f65eae70b5a44bc066641dc27370aa61ddda17f169ad7d369b72010ff41df2d,exp06_a_hybrid_state_causal_handoff,A002,handoff_state,ES,hybrid_state,2,qwen3_next_80b_instruct,3,4.6923076923076925,0.2664693550105966,4.333333333333333,4.333333333333333,5.0,4.666666666666667,5.0,5.0,4.333333333333333,4.666666666666667,5.0,4.666666666666667,5.0,1.6666666666666667,1.3333333333333333
1f68595e311c0fb738ebda9adc7fdae0ec2380e05ef59a978510deab59aa858a,exp06_a_hybrid_state_causal_handoff,A011,handoff_state,EN,compressed,1,azure_gpt_5_5_instant,3,4.461538461538462,0.8668790515065111,4.333333333333333,5.0,4.333333333333333,4.333333333333333,4.0,4.333333333333333,4.0,4.333333333333333,4.666666666666667,4.666666666666667,5.0,1.0,2.0
1f6899b5c30c291d8dc8dd55cafbe42cff5f70f6e4ae1bbd0e7798d654dbad3a,exp06_a_hybrid_state_causal_handoff,A011,handoff_state,ZH,hybrid_state,2,gemini_3_1_pro_preview,3,1.9230769230769231,0.20351933162035307,2.0,3.0,1.0,1.0,2.0,1.0,1.0,1.0,5.0,1.6666666666666667,3.6666666666666665,4.333333333333333,5.0
1f6e66228596def67721dd855cc4ea0e2afa5fc1582edb7cc11ca47d46a2dc40,exp06_a_hybrid_state_causal_handoff,A009,auditability,ZH,compressed,1,azure_gpt_5_5_instant,3,4.794871794871795,0.3552924733474618,5.0,5.0,4.666666666666667,4.666666666666667,4.666666666666667,4.666666666666667,4.666666666666667,4.666666666666667,5.0,5.0,5.0,1.3333333333333333,1.3333333333333333
1fb1be71fb59abea5801696ba0a1b5f673ab70b72b778e40ab0d9825b9b36c57,exp06_a_hybrid_state_causal_handoff,A001,handoff_state,ES,hybrid_state,2,gemini_3_1_pro_preview,3,1.5128205128205128,0.11750194089630363,1.0,1.6666666666666667,1.0,1.0,1.0,1.0,1.0,1.0,4.0,1.0,3.6666666666666665,4.666666666666667,5.0
1fb4adbc29d69265a9c355df0970953e361775b3e383503e4c2a4a9e6f91f6f0,exp06_a_hybrid_state_causal_handoff,A003,handoff_state,EN,hybrid_state,1,gemini_3_1_pro_preview,3,1.9743589743589745,0.3871709966805512,1.3333333333333333,2.0,1.3333333333333333,1.0,2.0,1.6666666666666667,1.3333333333333333,1.3333333333333333,5.0,1.6666666666666667,4.0,4.333333333333333,4.666666666666667
1fc8dd11bf11b930581200c8113777194b23a08be0834747c796cbc4699e7506,exp06_a_hybrid_state_causal_handoff,A011,handoff_state,ES,hybrid_state,2,grok_4_20_non_reasoning,3,4.205128205128205,0.7391556566871578,4.333333333333333,3.6666666666666665,4.0,4.0,4.666666666666667,4.333333333333333,4.0,4.0,5.0,4.666666666666667,4.666666666666667,2.3333333333333335,2.3333333333333335
200fa1cb034babf2a289a232bf4a95d1c412e4674580309ad918f65cec7037be,exp06_b_zh_tokenizer_ablation,B010,zh_tokenizer_ablation,ZH_PINYIN,compressed,3,grok_4_20_non_reasoning,3,4.82051282051282,0.24727309643571693,5.0,4.666666666666667,5.0,4.333333333333333,4.666666666666667,5.0,4.666666666666667,5.0,5.0,5.0,5.0,1.3333333333333333,1.3333333333333333
20249a27d25e5dfea89a7a2b02b2ad61e0929e2e1eea6d8da4b19df8152da516,exp06_b_zh_tokenizer_ablation,B006,zh_tokenizer_ablation,ZH,hybrid_state,3,qwen3_next_80b_instruct,3,4.564102564102565,0.4236592728681615,4.666666666666667,3.6666666666666665,4.666666666666667,4.666666666666667,5.0,5.0,4.333333333333333,4.666666666666667,5.0,5.0,4.333333333333333,2.0,1.6666666666666667
203f0f2d70c05b1e4cbf0c88737cc2f6a87a8fc5e38dee4308a37d65d5105faf,exp06_a_hybrid_state_causal_handoff,A010,auditability,EN,hybrid_state,2,qwen3_next_80b_instruct,3,4.538461538461539,0.42828956637154,4.666666666666667,4.0,4.333333333333333,4.666666666666667,5.0,4.666666666666667,4.0,4.333333333333333,5.0,4.666666666666667,5.0,2.0,1.3333333333333333
205eba4e5bc4c72d4aae1ee8f33f17efbf73a3142744a836ca18d6174fe5cab2,exp06_b_zh_tokenizer_ablation,B010,zh_tokenizer_ablation,ZH_PINYIN,hybrid_state,1,qwen3_next_80b_instruct,3,4.384615384615384,0.5384615384615384,4.333333333333333,4.333333333333333,4.666666666666667,4.0,4.666666666666667,4.666666666666667,4.333333333333333,4.666666666666667,5.0,4.666666666666667,3.0,1.3333333333333333,2.0
20693b266c29a720f347bcda5b9db4ef926b3b4c225a271642bcb3795d3d5c00,exp06_a_hybrid_state_causal_handoff,A007,causal_claim,ZH,compressed,2,azure_gpt_5_5_instant,3,5.0,0.0,5.0,5.0,5.0,5.0,5.0,5.0,5.0,5.0,5.0,5.0,5.0,1.0,1.0
20f93e567202c217601199656a4490e906525a614546bf791658422b1fabd2b8,exp06_a_hybrid_state_causal_handoff,A002,handoff_state,ZH,compressed,2,qwen3_next_80b_instruct,3,4.846153846153846,0.2664693550105966,4.666666666666667,5.0,5.0,4.666666666666667,4.666666666666667,5.0,4.666666666666667,5.0,5.0,5.0,5.0,1.3333333333333333,1.3333333333333333
21039b0dec59a11cbb8f4f41a5a0531b84930ddab112a409f6c4babf97effd80,exp06_b_zh_tokenizer_ablation,B003,zh_tokenizer_ablation,ES_LITERAL,compressed,1,grok_4_20_non_reasoning,3,4.871794871794871,0.22205779584216398,5.0,4.666666666666667,5.0,5.0,5.0,5.0,4.666666666666667,4.666666666666667,5.0,5.0,4.333333333333333,1.0,1.0
2114f83106890e70dd1def3af1ba843c98646ac1889c6e848dff2f84cf351060,exp06_b_zh_tokenizer_ablation,B007,zh_tokenizer_ablation,ES_LITERAL,compressed,1,qwen3_next_80b_instruct,3,4.282051282051282,0.663206008019362,4.333333333333333,4.0,4.333333333333333,4.0,4.333333333333333,4.333333333333333,4.0,4.0,5.0,4.333333333333333,5.0,2.0,2.0
2183d7fb71c20be1c159bac4e1d414ce1b65b820649b282852c65ee0d7557cc7,exp06_b_zh_tokenizer_ablation,B008,zh_tokenizer_ablation,ES_LITERAL,hybrid_state,1,grok_4_20_non_reasoning,3,4.846153846153846,0.2035193316203534,5.0,4.333333333333333,5.0,5.0,5.0,4.666666666666667,5.0,4.666666666666667,5.0,5.0,4.666666666666667,1.3333333333333333,1.0
21b9f994ebab0bfe2f1a89daa5e44f7726684d8ae97c501695f55ff09b0608f5,exp06_a_hybrid_state_causal_handoff,A002,handoff_state,ZH,hybrid_state,3,azure_gpt_5_5_instant,3,4.82051282051282,0.24727309643571693,5.0,4.333333333333333,5.0,4.666666666666667,5.0,5.0,4.666666666666667,5.0,5.0,4.666666666666667,4.666666666666667,1.3333333333333333,1.0
21cbb2d6e7189f160ca50f77b1efdee54859906d9e6a2e735cdd8e245269383e,exp06_a_hybrid_state_causal_handoff,A005,continuity_recovery,ES,compressed,1,gemini_3_1_pro_preview,3,1.3589743589743588,0.08882311833686544,1.0,1.3333333333333333,1.0,1.0,1.0,1.0,1.3333333333333333,1.0,2.0,1.0,4.0,5.0,5.0
21dbd5a287f40cac3144334be128c4212f15567c5b12c17cb5460ec6523c0d46,exp06_a_hybrid_state_causal_handoff,A006,continuity_recovery,ZH,compressed,2,gemini_3_1_pro_preview,3,2.871794871794872,0.3635242789425082,2.6666666666666665,4.333333333333333,2.3333333333333335,1.6666666666666667,1.6666666666666667,2.6666666666666665,2.3333333333333335,2.3333333333333335,5.0,2.0,5.0,2.3333333333333335,4.333333333333333
21e670d5bf6241ab3537ef361175dc06a02378b638c7b11e77d3dfe2fbe1f2b2,exp06_b_zh_tokenizer_ablation,B009,zh_tokenizer_ablation,EN_LITERAL,compressed,3,qwen3_next_80b_instruct,3,4.564102564102565,0.4236592728681615,4.666666666666667,4.333333333333333,4.333333333333333,4.666666666666667,5.0,4.333333333333333,4.666666666666667,4.333333333333333,4.0,5.0,5.0,1.6666666666666667,1.3333333333333333
21f074cd770fb66b375a36fd6867b4561568178641d2ddae4c823c1e1793080b,exp06_a_hybrid_state_causal_handoff,A004,continuity_recovery,ES,hybrid_state,1,qwen3_next_80b_instruct,3,4.666666666666667,0.39473857226514486,5.0,4.0,4.666666666666667,4.666666666666667,5.0,4.666666666666667,4.666666666666667,4.666666666666667,5.0,5.0,4.333333333333333,1.6666666666666667,1.3333333333333333
21f47e6159161c3f72d502800b88eb28728c65a35c4ee1c8a4acdda799de9a35,exp06_a_hybrid_state_causal_handoff,A006,continuity_recovery,ES,hybrid_state,3,qwen3_next_80b_instruct,3,4.435897435897436,0.4636702902570546,4.666666666666667,3.6666666666666665,4.666666666666667,4.666666666666667,5.0,5.0,4.333333333333333,4.333333333333333,5.0,4.666666666666667,3.3333333333333335,2.0,1.6666666666666667
21f55bf13758c3746f3245a9990a0769bc675e04d29960024fded9beaade37c2,exp06_a_hybrid_state_causal_handoff,A010,auditability,EN,hybrid_state,2,grok_4_20_non_reasoning,3,4.6923076923076925,0.35250582268891084,4.666666666666667,4.0,4.666666666666667,5.0,5.0,5.0,4.666666666666667,4.666666666666667,5.0,5.0,4.666666666666667,2.0,1.3333333333333333
224c27ee3b4ead894cc1ab4866d41d2b45c4716638419a3958a450f93fa5b759,exp06_b_zh_tokenizer_ablation,B003,zh_tokenizer_ablation,EN_LITERAL,hybrid_state,1,grok_4_20_non_reasoning,3,4.487179487179486,0.437403131005948,4.666666666666667,4.0,4.666666666666667,4.666666666666667,4.666666666666667,4.666666666666667,4.333333333333333,4.333333333333333,4.666666666666667,4.666666666666667,4.333333333333333,2.0,1.3333333333333333
224e94cf929e807026b7d2327b8c0021853ec9dd3a889757a306abbd687a8897,exp06_a_hybrid_state_causal_handoff,A002,handoff_state,EN,compressed,3,gemini_3_1_pro_preview,3,2.1794871794871793,0.3635242789425084,2.0,2.3333333333333335,1.6666666666666667,1.3333333333333333,1.6666666666666667,1.6666666666666667,1.6666666666666667,1.6666666666666667,4.666666666666667,1.6666666666666667,4.666666666666667,4.0,4.666666666666667
22d19240e99007184ff89d44dcacac6f38fd599062ed546051e078dc2fdee483,exp06_b_zh_tokenizer_ablation,B003,zh_tokenizer_ablation,ES_LITERAL,hybrid_state,1,gemini_3_1_pro_preview,3,1.3846153846153844,0.2773500981126146,1.6666666666666667,1.3333333333333333,1.0,1.0,1.0,1.0,1.3333333333333333,1.0,2.6666666666666665,1.0,2.6666666666666665,4.666666666666667,5.0
233064bf269b32b7b99ab963e782243f6612446b442158a0165ccfa632b6db5f,exp06_a_hybrid_state_causal_handoff,A011,handoff_state,EN,hybrid_state,2,grok_4_20_non_reasoning,3,3.8205128205128207,0.5974964203964638,4.0,3.3333333333333335,3.6666666666666665,3.6666666666666665,4.333333333333333,3.6666666666666665,3.6666666666666665,3.6666666666666665,4.666666666666667,4.333333333333333,4.333333333333333,3.0,2.6666666666666665
2347647d87d1fecb89ff0b845c0f957a1922bbfe72e3c391cd69019478b87dd3,exp06_a_hybrid_state_causal_handoff,A004,continuity_recovery,EN,hybrid_state,3,qwen3_next_80b_instruct,3,4.794871794871795,0.23500388179260723,5.0,4.333333333333333,5.0,4.666666666666667,5.0,5.0,5.0,4.666666666666667,5.0,4.666666666666667,5.0,1.6666666666666667,1.3333333333333333
23701a0f83cef8a27abf3dda6d207a12933b22ca46e489986b1c76a41eb4cb38,exp06_a_hybrid_state_causal_handoff,A003,handoff_state,ZH,compressed,1,qwen3_next_80b_instruct,3,4.871794871794871,0.22205779584216398,4.666666666666667,5.0,4.666666666666667,4.666666666666667,5.0,5.0,4.666666666666667,5.0,5.0,5.0,5.0,1.0,1.3333333333333333
23b42bdc79afa9e210cc0edde9f99433c400918638a38dbf972344da4054f599,exp06_b_zh_tokenizer_ablation,B003,zh_tokenizer_ablation,EN_LITERAL,compressed,3,grok_4_20_non_reasoning,3,4.564102564102565,0.4945461928714337,4.666666666666667,4.0,4.666666666666667,4.666666666666667,4.666666666666667,4.666666666666667,4.333333333333333,4.333333333333333,4.666666666666667,4.666666666666667,4.666666666666667,1.3333333333333333,1.3333333333333333
23d8dad6b70ceca5b64665bca938fd5f89086df98541eabfe1552b0ef9b24b4b,exp06_a_hybrid_state_causal_handoff,A002,handoff_state,EN,hybrid_state,2,qwen3_next_80b_instruct,3,4.051282051282051,0.8438196242002223,4.0,3.3333333333333335,4.0,4.333333333333333,4.0,4.666666666666667,4.0,3.6666666666666665,5.0,4.0,4.666666666666667,3.0,2.0
23ec96dc5455b75bbfc8a07f82f6748c04bedbdef994a19178b382ae2fc4fd30,exp06_a_hybrid_state_causal_handoff,A003,handoff_state,ZH,hybrid_state,1,gemini_3_1_pro_preview,3,1.3589743589743588,0.32025630761017426,1.0,1.6666666666666667,1.0,1.0,1.3333333333333333,1.0,1.0,1.0,3.3333333333333335,1.0,2.0,4.666666666666667,5.0
2409bfef1bebc273244a6b131fedf1be4d2f604b2ae13c265bd412048078c783,exp06_a_hybrid_state_causal_handoff,A008,causal_claim,EN,hybrid_state,2,grok_4_20_non_reasoning,3,4.384615384615384,0.3846153846153846,4.666666666666667,3.6666666666666665,4.333333333333333,4.333333333333333,4.666666666666667,4.666666666666667,4.333333333333333,4.333333333333333,4.666666666666667,4.666666666666667,4.666666666666667,2.0,2.0
2423990bbee71e08b798a7e150c46bec15590430a10c13cd09484c440231ca5b,exp06_a_hybrid_state_causal_handoff,A007,causal_claim,ES,compressed,3,grok_4_20_non_reasoning,3,4.948717948717949,0.0888231183368657,5.0,4.666666666666667,5.0,4.666666666666667,5.0,5.0,5.0,5.0,5.0,5.0,5.0,1.0,1.0
242a6e2c93bab60b17b04dd5dd7f997612f7b8dd2190e890c959ec64a9189b8c,exp06_b_zh_tokenizer_ablation,B006,zh_tokenizer_ablation,ZH_PINYIN,hybrid_state,3,grok_4_20_non_reasoning,3,4.564102564102565,0.39473857226514486,4.333333333333333,3.6666666666666665,4.666666666666667,4.333333333333333,5.0,5.0,5.0,4.333333333333333,5.0,5.0,4.666666666666667,2.0,1.6666666666666667
2454090df1df72de294847fecc98ce53d2bdce01f2443c370a934e01d9493a5c,exp06_b_zh_tokenizer_ablation,B009,zh_tokenizer_ablation,ZH_PINYIN,compressed,1,gemini_3_1_pro_preview,3,2.5384615384615383,0.6153846153846153,2.3333333333333335,3.0,1.6666666666666667,1.3333333333333333,2.3333333333333335,2.3333333333333335,1.6666666666666667,2.0,5.0,2.6666666666666665,4.666666666666667,3.6666666666666665,4.333333333333333
246a8de1bffb12f94ad413ba6ebb14077d37fb3e29620d72ed446153f9fb3ac9,exp06_a_hybrid_state_causal_handoff,A001,handoff_state,ES,compressed,1,gemini_3_1_pro_preview,3,1.4871794871794872,0.3635242789425083,1.3333333333333333,2.0,1.0,1.0,1.0,1.0,1.0,1.0,2.6666666666666665,1.0,3.6666666666666665,4.333333333333333,5.0
24d29d03f1d4e20c08e1f29e59f614d41dff42e6cbf7890d0cf9c9e0ee64f898,exp06_b_zh_tokenizer_ablation,B005,zh_tokenizer_ablation,EN_LITERAL,hybrid_state,3,gemini_3_1_pro_preview,3,1.5384615384615383,0.2035193316203531,1.0,1.6666666666666667,1.0,1.0,1.0,1.0,1.0,1.0,3.6666666666666665,1.0,4.333333333333333,4.666666666666667,5.0
250688230c0211fc458156fc7d19d77670ea1374d456b91ead9e46014e254b7e,exp06_b_zh_tokenizer_ablation,B005,zh_tokenizer_ablation,ZH_PINYIN,compressed,2,grok_4_20_non_reasoning,3,4.358974358974359,0.8006407690254355,4.333333333333333,4.666666666666667,4.0,4.666666666666667,3.6666666666666665,4.666666666666667,3.6666666666666665,4.333333333333333,5.0,4.666666666666667,5.0,1.6666666666666667,2.3333333333333335
250ddcaabf67f511c25e391860578c25a1bf77edfe97fb65c32cb626f8e9012e,exp06_a_hybrid_state_causal_handoff,A009,auditability,ES,compressed,2,qwen3_next_80b_instruct,3,5.0,0.0,5.0,5.0,5.0,5.0,5.0,5.0,5.0,5.0,5.0,5.0,5.0,1.0,1.0
25449506f709c1c0b4ce1f505c48d1a150ce092f210fccee3dbcd6fe23f57e8f,exp06_b_zh_tokenizer_ablation,B007,zh_tokenizer_ablation,EN_LITERAL,compressed,2,grok_4_20_non_reasoning,3,4.205128205128205,1.1825489802666878,4.333333333333333,3.6666666666666665,4.333333333333333,4.0,4.333333333333333,4.333333333333333,3.6666666666666665,4.0,5.0,4.333333333333333,4.666666666666667,2.3333333333333335,1.6666666666666667
254588fed2d449306017fcb302e6d9c1e8fe21c4dfb9aba551978bd1be39c665,exp06_b_zh_tokenizer_ablation,B002,zh_tokenizer_ablation,EN_LITERAL,compressed,1,grok_4_20_non_reasoning,3,4.769230769230769,0.20351933162035324,5.0,4.333333333333333,5.0,5.0,5.0,4.666666666666667,4.333333333333333,4.333333333333333,5.0,4.666666666666667,5.0,1.3333333333333333,1.0
25677a9dc319095276752575e4dafc41eb3df628eccc991c395e4277c4cf299f,exp06_a_hybrid_state_causal_handoff,A004,continuity_recovery,ES,compressed,2,azure_gpt_5_5_instant,3,4.897435897435898,0.1776462366737309,4.666666666666667,5.0,5.0,4.666666666666667,4.666666666666667,5.0,5.0,5.0,5.0,5.0,5.0,1.0,1.3333333333333333
2576ff5b67b2ad6c480673c70cf18fbb9efee4b97d3c912fbc90f6639f77e396,exp06_b_zh_tokenizer_ablation,B005,zh_tokenizer_ablation,EN_LITERAL,compressed,1,qwen3_next_80b_instruct,3,3.307692307692308,0.5044183480232308,2.6666666666666665,4.0,3.0,3.6666666666666665,3.0,3.3333333333333335,2.3333333333333335,3.0,4.666666666666667,3.6666666666666665,4.666666666666667,3.0,4.0
257e12f52e13e6c058403f9350334c1ca6e4aa0ace9e036ac7db8999f0ac13b4,exp06_a_hybrid_state_causal_handoff,A003,handoff_state,EN,hybrid_state,1,grok_4_20_non_reasoning,3,4.384615384615384,0.5329387100211932,4.333333333333333,3.6666666666666665,4.333333333333333,4.333333333333333,5.0,4.666666666666667,4.333333333333333,4.333333333333333,5.0,4.333333333333333,4.666666666666667,2.3333333333333335,1.6666666666666667
2593b0f495415865bc30487d687fc71f3ed1dcfa066211cc7da28c9cbb56f7d2,exp06_b_zh_tokenizer_ablation,B008,zh_tokenizer_ablation,ES_LITERAL,hybrid_state,3,grok_4_20_non_reasoning,3,4.871794871794871,0.11750194089630366,5.0,4.333333333333333,5.0,5.0,5.0,5.0,5.0,5.0,5.0,5.0,4.666666666666667,1.6666666666666667,1.0
25a4d23e2cf0572e80bbbddc99843d6e81640ecaf70ce37fe33cf2c2ef7c8c12,exp06_b_zh_tokenizer_ablation,B010,zh_tokenizer_ablation,ZH,compressed,3,gemini_3_1_pro_preview,3,1.6923076923076923,0.5384615384615385,1.3333333333333333,2.0,1.3333333333333333,1.0,1.6666666666666667,1.3333333333333333,1.6666666666666667,1.3333333333333333,2.6666666666666665,1.3333333333333333,2.0,3.0,4.666666666666667
25ebb25f9434915caa4e52d08189c4625f627aad54ce110f2bd35cee9cdf55d9,exp06_a_hybrid_state_causal_handoff,A012,continuity_recovery,EN,compressed,1,qwen3_next_80b_instruct,3,4.487179487179487,0.34686536560176073,4.333333333333333,4.666666666666667,4.333333333333333,4.333333333333333,5.0,4.0,4.333333333333333,4.666666666666667,5.0,4.666666666666667,5.0,1.6666666666666667,2.3333333333333335
25ec8af44e55ccb94bea371559720faadea51be454214dad93926439727a06a5,exp06_a_hybrid_state_causal_handoff,A011,handoff_state,ZH,hybrid_state,2,qwen3_next_80b_instruct,3,4.230769230769231,0.670599837467796,4.333333333333333,4.0,4.333333333333333,4.0,4.666666666666667,4.333333333333333,4.0,4.333333333333333,5.0,4.333333333333333,4.333333333333333,2.3333333333333335,2.3333333333333335
25efdc74595164f4d3b4f468cca9cbd614a719eb656af2783e7b33ea0c33872b,exp06_a_hybrid_state_causal_handoff,A006,continuity_recovery,ES,hybrid_state,1,grok_4_20_non_reasoning,3,4.641025641025641,0.4945461928714337,4.666666666666667,4.0,4.666666666666667,4.666666666666667,5.0,4.666666666666667,4.666666666666667,4.666666666666667,5.0,4.666666666666667,5.0,2.0,1.3333333333333333
2644963712fe72557f9d09d2193691b72995f25a7df183de01a7adc3be21e9c8,exp06_a_hybrid_state_causal_handoff,A005,continuity_recovery,EN,compressed,3,azure_gpt_5_5_instant,3,4.9743589743589745,0.0444115591684326,5.0,5.0,5.0,5.0,5.0,5.0,5.0,5.0,4.666666666666667,5.0,5.0,1.0,1.0
265681bf4db461cf798a027ffb252934cc80d49cb900aa945f45cdb42df2ff09,exp06_b_zh_tokenizer_ablation,B003,zh_tokenizer_ablation,ES_LITERAL,compressed,1,gemini_3_1_pro_preview,3,1.6923076923076923,0.07692307692307687,1.0,2.6666666666666665,1.0,1.0,1.0,1.0,1.0,1.0,4.666666666666667,1.0,4.0,4.333333333333333,5.0
26acab4dcad958083342a988e9efddfefe099902387f398fb8cb72d5bc4f54aa,exp06_b_zh_tokenizer_ablation,B002,zh_tokenizer_ablation,ES_LITERAL,hybrid_state,2,qwen3_next_80b_instruct,3,4.487179487179487,0.47000776358521446,4.666666666666667,4.0,4.333333333333333,4.666666666666667,5.0,4.666666666666667,4.333333333333333,4.333333333333333,5.0,4.333333333333333,4.666666666666667,2.0,1.6666666666666667
26b5317633654033fb81e61bc33bb5941b033b8e2774ffa7468851fa3ed497ec,exp06_a_hybrid_state_causal_handoff,A003,handoff_state,EN,compressed,1,grok_4_20_non_reasoning,3,4.794871794871795,0.19358549834027583,5.0,4.666666666666667,5.0,4.333333333333333,5.0,5.0,4.666666666666667,5.0,5.0,5.0,5.0,1.6666666666666667,1.6666666666666667
26b8194954e67544f1322c22f0dff46d99543d1f60b80fc93dd3911c0fcf8a4a,exp06_b_zh_tokenizer_ablation,B009,zh_tokenizer_ablation,ZH_PINYIN,hybrid_state,1,qwen3_next_80b_instruct,3,3.4615384615384617,0.48038446141526137,3.0,3.0,3.0,3.3333333333333335,4.333333333333333,4.333333333333333,3.6666666666666665,3.6666666666666665,4.666666666666667,4.666666666666667,1.3333333333333333,3.0,3.0
26d74e6f51a9aa817d8149b5d7ea759107dae1bd89ec928b82755fb3e43885fc,exp06_b_zh_tokenizer_ablation,B007,zh_tokenizer_ablation,EN_LITERAL,hybrid_state,1,grok_4_20_non_reasoning,3,3.7692307692307696,1.2379597645716216,3.6666666666666665,3.3333333333333335,3.0,3.3333333333333335,4.666666666666667,3.6666666666666665,4.0,3.6666666666666665,4.0,4.0,4.666666666666667,2.6666666666666665,2.3333333333333335
26d79a250a194dda87ac44e378bf484d33b0bd27bfec96bc1fc5a260a43e11a9,exp06_a_hybrid_state_causal_handoff,A012,continuity_recovery,ZH,hybrid_state,3,gemini_3_1_pro_preview,3,1.6410256410256412,0.27014496802186516,1.6666666666666667,2.6666666666666665,1.0,1.0,1.3333333333333333,1.0,1.0,1.0,4.0,1.0,2.3333333333333335,3.6666666666666665,5.0
26d91e4233b79f144a89eb52b7b988c4fa0137e42d958f7780c744a77aa05d7f,exp06_a_hybrid_state_causal_handoff,A009,auditability,ZH,compressed,1,qwen3_next_80b_instruct,3,4.435897435897436,0.5402899360437302,4.333333333333333,4.666666666666667,4.333333333333333,4.0,4.333333333333333,4.333333333333333,4.333333333333333,4.666666666666667,5.0,4.666666666666667,5.0,2.0,2.0
273fc03b8b9971e9084f6ba39e57f70aaf678a6a6b113796f699228c22808b6a,exp06_a_hybrid_state_causal_handoff,A006,continuity_recovery,ES,compressed,2,gemini_3_1_pro_preview,3,2.3846153846153846,0.554700196225229,2.3333333333333335,3.3333333333333335,2.0,1.3333333333333333,2.0,1.6666666666666667,1.6666666666666667,1.3333333333333333,5.0,1.3333333333333333,5.0,3.6666666666666665,4.333333333333333
2772a451d0dd08b2f56bb9ce792a397fe54dad60b526ba742be57c4eef1f722d,exp06_a_hybrid_state_causal_handoff,A009,auditability,ES,hybrid_state,1,azure_gpt_5_5_instant,3,4.538461538461538,0.20351933162035324,4.0,4.333333333333333,4.0,3.3333333333333335,5.0,5.0,5.0,5.0,5.0,5.0,5.0,1.6666666666666667,2.0
277d4b291c6001d95f9aede3fb0965505179091a92d35928f616f044340c3c2d,exp06_a_hybrid_state_causal_handoff,A012,continuity_recovery,EN,hybrid_state,3,azure_gpt_5_5_instant,3,4.512820512820513,0.5004928537421317,4.666666666666667,4.333333333333333,4.333333333333333,4.666666666666667,4.666666666666667,4.333333333333333,4.333333333333333,4.666666666666667,4.666666666666667,4.666666666666667,4.666666666666667,1.6666666666666667,1.6666666666666667
27aafd0bd0d16851e31c97dac0399bc72e965ca31d053885db1efe76d50ebf0e,exp06_a_hybrid_state_causal_handoff,A012,continuity_recovery,ZH,hybrid_state,3,qwen3_next_80b_instruct,3,3.948717948717949,1.003937023100097,4.0,3.6666666666666665,4.0,3.3333333333333335,4.333333333333333,4.0,3.6666666666666665,4.0,5.0,4.0,4.0,2.3333333333333335,2.3333333333333335
27c01ea90f7f440c77ada4e59bf4c3cae86dd0383a3824eb51ddc840b797bc82,exp06_a_hybrid_state_causal_handoff,A007,causal_claim,ES,hybrid_state,2,qwen3_next_80b_instruct,3,4.282051282051282,0.8748062620118965,4.0,3.3333333333333335,4.666666666666667,4.0,4.666666666666667,4.666666666666667,4.333333333333333,4.333333333333333,5.0,4.666666666666667,4.333333333333333,2.3333333333333335,2.0
27c9985f6685eee4e254434ee0c23b3c6ac63d47f62b22b1c6aeb46cae291d6f,exp06_b_zh_tokenizer_ablation,B008,zh_tokenizer_ablation,ZH_PINYIN,hybrid_state,1,gemini_3_1_pro_preview,3,2.0256410256410255,0.22205779584216373,1.6666666666666667,3.0,1.6666666666666667,1.0,1.0,1.3333333333333333,1.0,1.3333333333333333,5.0,1.6666666666666667,4.666666666666667,4.0,5.0
27ca8e83245fbaf79b277d16b3d0aec8e3a2b9072a0fb164d4ba4dc94c14a460,exp06_b_zh_tokenizer_ablation,B004,zh_tokenizer_ablation,ES_LITERAL,hybrid_state,3,grok_4_20_non_reasoning,3,4.717948717948718,0.48852715085276005,4.666666666666667,4.333333333333333,4.666666666666667,5.0,4.666666666666667,4.666666666666667,5.0,4.666666666666667,5.0,4.666666666666667,4.666666666666667,1.6666666666666667,1.0
27ebd3174b2db528089053a1bdb814991305a7b9af099e18267afced6d2c400d,exp06_a_hybrid_state_causal_handoff,A005,continuity_recovery,EN,compressed,3,qwen3_next_80b_instruct,3,4.743589743589744,0.320256307610174,4.666666666666667,4.666666666666667,5.0,4.333333333333333,5.0,5.0,4.333333333333333,4.666666666666667,5.0,4.666666666666667,5.0,1.3333333333333333,1.3333333333333333
27fcca600e38b2ad225f83d0da5afcebd5c7fb45f5501b5bc19bc9b263375bba,exp06_b_zh_tokenizer_ablation,B005,zh_tokenizer_ablation,ES_LITERAL,hybrid_state,3,gemini_3_1_pro_preview,3,1.435897435897436,0.24727309643571688,1.6666666666666667,2.0,1.0,1.0,1.0,1.0,1.0,1.0,3.6666666666666665,1.0,2.3333333333333335,5.0,5.0
283da6976862dadece3517a864c7ab0368aa53f88a59cb9967fe31d633a40097,exp06_a_hybrid_state_causal_handoff,A007,causal_claim,ES,compressed,2,qwen3_next_80b_instruct,3,4.666666666666667,0.2912260690153986,4.333333333333333,5.0,4.333333333333333,4.333333333333333,5.0,5.0,4.333333333333333,5.0,5.0,5.0,4.666666666666667,1.6666666666666667,1.6666666666666667
285d2e589227ee17e54be7ff08cadda4df646b4a7b9a6b65c8a53318ce83d5ef,exp06_a_hybrid_state_causal_handoff,A004,continuity_recovery,ZH,hybrid_state,2,grok_4_20_non_reasoning,3,4.794871794871795,0.23500388179260723,5.0,4.333333333333333,5.0,4.666666666666667,5.0,5.0,5.0,4.666666666666667,5.0,5.0,4.666666666666667,1.6666666666666667,1.3333333333333333
2937026a031d81ee6ce12ff042fd43a78bbf60519ac8035f7bb9ada965f295cd,exp06_a_hybrid_state_causal_handoff,A006,continuity_recovery,ZH,hybrid_state,3,grok_4_20_non_reasoning,3,4.384615384615384,0.5384615384615384,4.666666666666667,3.6666666666666665,4.333333333333333,4.666666666666667,4.666666666666667,5.0,4.333333333333333,4.333333333333333,5.0,4.333333333333333,4.0,2.3333333333333335,1.6666666666666667
293a5e2447fc56853808c950f47814e476959f9af24c1e62d7304b207b3ec342,exp06_b_zh_tokenizer_ablation,B010,zh_tokenizer_ablation,ZH,compressed,3,qwen3_next_80b_instruct,3,4.717948717948718,0.310880914179029,4.666666666666667,4.666666666666667,4.666666666666667,4.666666666666667,5.0,5.0,4.333333333333333,5.0,5.0,5.0,5.0,2.0,1.6666666666666667
2966bd50d8bb455c90b9968bcef3163b270a3615b86e2f2fdcd1756c34d308d3,exp06_b_zh_tokenizer_ablation,B006,zh_tokenizer_ablation,ES_LITERAL,hybrid_state,3,grok_4_20_non_reasoning,3,4.82051282051282,0.19358549834027583,5.0,4.333333333333333,4.666666666666667,5.0,5.0,5.0,5.0,5.0,5.0,5.0,4.666666666666667,1.6666666666666667,1.3333333333333333
297450b169e2856f63c23174a8c5314203b8f298c4169f3486cbb5da5bf5dc94,exp06_b_zh_tokenizer_ablation,B001,zh_tokenizer_ablation,EN_LITERAL,compressed,2,gemini_3_1_pro_preview,3,2.0256410256410255,0.29122606901539866,2.0,2.6666666666666665,1.6666666666666667,1.0,1.0,1.3333333333333333,1.0,1.3333333333333333,4.666666666666667,1.3333333333333333,5.0,3.6666666666666665,5.0
298329d9a8e60cbf891bfca0ffacbd52d0184d2b4b6ab183092b759b4c9fe069,exp06_a_hybrid_state_causal_handoff,A009,auditability,ZH,hybrid_state,3,azure_gpt_5_5_instant,3,4.82051282051282,0.19358549834027583,5.0,5.0,4.333333333333333,3.6666666666666665,5.0,5.0,5.0,5.0,5.0,5.0,5.0,1.0,1.3333333333333333
2992317e1a1056af21f6524042c3a4f7935114f7681b64ec0d19183c9d7421b4,exp06_a_hybrid_state_causal_handoff,A007,causal_claim,ZH,compressed,2,grok_4_20_non_reasoning,3,4.9743589743589745,0.0444115591684326,5.0,5.0,5.0,4.666666666666667,5.0,5.0,5.0,5.0,5.0,5.0,5.0,1.0,1.0
299abec10569e52918535edf6ab1ed9a0aa0bb27c6d800d81990d3d466272119,exp06_b_zh_tokenizer_ablation,B010,zh_tokenizer_ablation,ZH_PINYIN,compressed,1,grok_4_20_non_reasoning,3,4.512820512820513,0.5004928537421317,4.333333333333333,4.0,4.666666666666667,4.333333333333333,4.666666666666667,4.666666666666667,4.333333333333333,4.666666666666667,5.0,4.666666666666667,5.0,1.6666666666666667,2.0
2a8060499f1b4f0ade6e730406443f915d646e67e71cd044a1bddff1e93a25b4,exp06_b_zh_tokenizer_ablation,B004,zh_tokenizer_ablation,ZH,hybrid_state,3,qwen3_next_80b_instruct,3,4.333333333333333,0.5824521380307974,4.333333333333333,3.6666666666666665,4.333333333333333,4.333333333333333,4.666666666666667,4.333333333333333,4.333333333333333,4.333333333333333,5.0,4.666666666666667,4.333333333333333,2.3333333333333335,1.6666666666666667
2a85de2a84963e6f8d7cb4b80e5092d9312ee3308380bad84794a7f5742fcb1b,exp06_a_hybrid_state_causal_handoff,A002,handoff_state,ZH,hybrid_state,1,grok_4_20_non_reasoning,3,3.794871794871795,0.9556228283889345,3.3333333333333335,3.6666666666666665,3.6666666666666665,3.3333333333333335,4.0,4.0,3.6666666666666665,3.3333333333333335,5.0,4.0,4.666666666666667,2.6666666666666665,2.6666666666666665
2aa95dcbe97fbfa82f0f710d9493a6f82bb37212bef441ebd9491d451bdcdb5c,exp06_b_zh_tokenizer_ablation,B008,zh_tokenizer_ablation,ZH_PINYIN,hybrid_state,3,qwen3_next_80b_instruct,3,4.0256410256410255,0.5773502691896258,4.333333333333333,3.6666666666666665,4.333333333333333,4.333333333333333,4.333333333333333,4.333333333333333,4.0,4.333333333333333,5.0,4.0,1.6666666666666667,2.3333333333333335,1.6666666666666667
2ac6674793e07e30b3438d57c19931888f8855cc5902788427259fd0e76aade8,exp06_a_hybrid_state_causal_handoff,A004,continuity_recovery,ES,compressed,1,azure_gpt_5_5_instant,3,5.0,0.0,5.0,5.0,5.0,5.0,5.0,5.0,5.0,5.0,5.0,5.0,5.0,1.0,1.0
2b480bd83cfa3d58b6afd3deb14b1d666273e149a67f8d067524f98df012b351,exp06_b_zh_tokenizer_ablation,B006,zh_tokenizer_ablation,ZH,compressed,1,qwen3_next_80b_instruct,3,4.564102564102564,0.5670088304486149,4.666666666666667,4.0,4.666666666666667,4.666666666666667,4.666666666666667,4.666666666666667,4.333333333333333,4.666666666666667,5.0,4.666666666666667,5.0,2.0,1.6666666666666667
2bdd5a50b1f0293daf3ec36bfb9ea399069efa64870e2f5b0c1d576474dabe24,exp06_a_hybrid_state_causal_handoff,A003,handoff_state,ES,compressed,1,gemini_3_1_pro_preview,3,1.6538461538461537,0.054392829322042084,1.0,2.0,1.0,1.0,1.5,1.0,1.0,1.0,5.0,1.0,3.5,4.5,5.0
2bfdecfaf81a9467f9e6da7912a9cda9c7bede1a873e94001c9213d31bbf9759,exp06_b_zh_tokenizer_ablation,B005,zh_tokenizer_ablation,ES_LITERAL,hybrid_state,1,grok_4_20_non_reasoning,3,3.5384615384615383,1.270977818604485,3.3333333333333335,3.6666666666666665,3.6666666666666665,3.3333333333333335,3.6666666666666665,3.6666666666666665,3.3333333333333335,3.3333333333333335,4.333333333333333,3.3333333333333335,3.6666666666666665,2.3333333333333335,3.0
2c6a6cf8fadc2da57e6e7c672f5eb80f64dd3bbc58d424d061a98134ae9a7187,exp06_a_hybrid_state_causal_handoff,A007,causal_claim,EN,compressed,2,azure_gpt_5_5_instant,3,4.9743589743589745,0.0444115591684326,5.0,5.0,5.0,5.0,5.0,5.0,5.0,5.0,4.666666666666667,5.0,5.0,1.0,1.0
2c709d5a891fdefbc3573d7ea0a5b7f2c65985dbbbf36367fb7c858632cbba9a,exp06_a_hybrid_state_causal_handoff,A004,continuity_recovery,ES,compressed,3,gemini_3_1_pro_preview,3,2.435897435897436,0.3202563076101742,2.0,4.0,1.6666666666666667,1.3333333333333333,1.3333333333333333,1.6666666666666667,1.6666666666666667,1.6666666666666667,5.0,1.6666666666666667,5.0,3.0,4.333333333333333
2ccd483bebbec103a5fdf0db3f8c40097673538d4efaf5ab60962322296b67f0,exp06_a_hybrid_state_causal_handoff,A004,continuity_recovery,ZH,compressed,3,qwen3_next_80b_instruct,3,4.589743589743589,0.5824521380307973,4.666666666666667,5.0,4.666666666666667,4.0,4.333333333333333,4.666666666666667,4.333333333333333,4.666666666666667,5.0,4.666666666666667,5.0,1.3333333333333333,2.0
2d027ed5871d52dc027a59543d06b75e267919fcba2340472437255837096070,exp06_a_hybrid_state_causal_handoff,A011,handoff_state,ES,hybrid_state,3,azure_gpt_5_5_instant,3,4.538461538461538,0.5547001962252293,4.333333333333333,4.666666666666667,4.666666666666667,4.0,4.666666666666667,5.0,4.0,4.666666666666667,5.0,5.0,5.0,1.6666666666666667,2.3333333333333335
2d2e3808ff3a04aa9d148da04e1abce11301005d88627f6e29de1f0765266b45,exp06_a_hybrid_state_causal_handoff,A011,handoff_state,EN,compressed,3,gemini_3_1_pro_preview,3,1.5384615384615383,0.1332346775052983,1.0,1.6666666666666667,1.0,1.0,1.0,1.0,1.0,1.0,3.3333333333333335,1.0,4.666666666666667,4.666666666666667,5.0
2d43ba6f10714f3697db8cd2f794f3bde2c41e36d6d0c285de04e31954e58ea8,exp06_b_zh_tokenizer_ablation,B008,zh_tokenizer_ablation,ZH_PINYIN,compressed,3,qwen3_next_80b_instruct,3,3.5641025641025643,1.1572599073227443,3.6666666666666665,4.666666666666667,3.0,3.6666666666666665,3.3333333333333335,3.6666666666666665,3.6666666666666665,3.6666666666666665,4.333333333333333,3.0,1.3333333333333333,1.3333333333333333,2.3333333333333335
2db5c20a4e9dbf11610a70702b96ac8c4ffcd372bca9e2766b3d06b70899a50d,exp06_a_hybrid_state_causal_handoff,A003,handoff_state,ZH,compressed,3,gemini_3_1_pro_preview,3,1.9230769230769231,0.46790481002294004,1.3333333333333333,2.6666666666666665,1.3333333333333333,1.0,1.3333333333333333,1.3333333333333333,1.0,1.3333333333333333,5.0,1.6666666666666667,4.0,4.0,5.0
2de3e1c2345a6a562d965042c20d9e0af31d7b4d48d90204c7a18bd3e6a60656,exp06_a_hybrid_state_causal_handoff,A002,handoff_state,ES,hybrid_state,3,azure_gpt_5_5_instant,3,5.0,0.0,5.0,5.0,5.0,5.0,5.0,5.0,5.0,5.0,5.0,5.0,5.0,1.0,1.0
2de84a4f2f81d23ae2ea714815c80114db860481a841708162854b352c56979e,exp06_a_hybrid_state_causal_handoff,A005,continuity_recovery,ES,hybrid_state,1,qwen3_next_80b_instruct,3,4.41025641025641,0.545738375738276,4.333333333333333,3.6666666666666665,4.666666666666667,4.333333333333333,5.0,4.333333333333333,4.333333333333333,4.666666666666667,5.0,4.666666666666667,4.666666666666667,2.3333333333333335,2.0
2df0b8baebef2472831abebca05500721021a148b59893e3a71329d38f38cdcd,exp06_b_zh_tokenizer_ablation,B009,zh_tokenizer_ablation,ES_LITERAL,compressed,2,qwen3_next_80b_instruct,3,4.615384615384616,0.3352999187338978,4.666666666666667,4.666666666666667,4.333333333333333,4.0,5.0,4.666666666666667,4.333333333333333,4.333333333333333,5.0,5.0,5.0,1.0,2.0
2df963fcfb01874eeed5168d8f5c8b47f617e1c1e50acd5361f7a799261b5969,exp06_b_zh_tokenizer_ablation,B006,zh_tokenizer_ablation,ES_LITERAL,hybrid_state,1,gemini_3_1_pro_preview,3,1.7179487179487178,0.44411559168432757,1.3333333333333333,2.6666666666666665,1.0,1.0,1.3333333333333333,1.3333333333333333,1.3333333333333333,1.0,3.6666666666666665,1.0,3.6666666666666665,4.0,5.0
2e1e8564ec147dcd7f1e7993f932fa6cb1d3363454f286293161ead9b6449fb2,exp06_b_zh_tokenizer_ablation,B003,zh_tokenizer_ablation,ES_LITERAL,hybrid_state,3,gemini_3_1_pro_preview,3,1.5897435897435896,0.04441155916843272,1.0,2.0,1.0,1.0,1.3333333333333333,1.0,1.0,1.0,4.666666666666667,1.3333333333333333,3.3333333333333335,5.0,5.0
2e23ef04f32605c0bd745879f374f2c2d61f171a479b749106368eb60c2ecd12,exp06_b_zh_tokenizer_ablation,B003,zh_tokenizer_ablation,ES_LITERAL,compressed,3,qwen3_next_80b_instruct,3,4.743589743589744,0.270144968021865,4.666666666666667,4.666666666666667,4.666666666666667,4.666666666666667,5.0,5.0,4.333333333333333,4.333333333333333,5.0,5.0,5.0,1.6666666666666667,1.0
2e49327d9b2fae6f23ee7f1d3ad1696ae1a6a330b32f17deafb2eb5eecdcbd8a,exp06_a_hybrid_state_causal_handoff,A010,auditability,ES,hybrid_state,3,azure_gpt_5_5_instant,3,4.717948717948718,0.310880914179029,4.666666666666667,4.666666666666667,4.666666666666667,4.333333333333333,4.666666666666667,5.0,4.666666666666667,4.666666666666667,5.0,5.0,5.0,1.3333333333333333,1.6666666666666667
2e6710b52cc46516a9dc11d0d1f74e22130f57c89e7504896c293c619e4ee388,exp06_a_hybrid_state_causal_handoff,A009,auditability,ZH,compressed,2,qwen3_next_80b_instruct,3,4.794871794871795,0.3552924733474618,5.0,4.666666666666667,5.0,4.666666666666667,4.666666666666667,5.0,4.666666666666667,4.666666666666667,5.0,4.666666666666667,5.0,1.3333333333333333,1.3333333333333333
2e7561d74eb2b39106cb02cd1fbddc0e3715a813cfc78dbf487ccd616e31fdd4,exp06_b_zh_tokenizer_ablation,B003,zh_tokenizer_ablation,EN_LITERAL,compressed,1,grok_4_20_non_reasoning,3,4.564102564102565,0.4945461928714337,4.666666666666667,4.0,4.666666666666667,4.666666666666667,4.666666666666667,4.666666666666667,4.333333333333333,4.333333333333333,4.666666666666667,4.666666666666667,4.666666666666667,1.3333333333333333,1.3333333333333333
2ea10157654482394d6fee60fd699cb06647519dabd6c9c7c2be4414eb340773,exp06_b_zh_tokenizer_ablation,B001,zh_tokenizer_ablation,ES_LITERAL,compressed,1,gemini_3_1_pro_preview,3,1.7692307692307694,0.46790481002294,1.6666666666666667,2.3333333333333335,1.3333333333333333,1.0,1.0,1.0,1.0,1.0,4.333333333333333,1.6666666666666667,3.6666666666666665,4.0,5.0
2ea276eee605c67e62d851ab030a125c140da87eb8827b2c434c3cd88c9fdaaa,exp06_a_hybrid_state_causal_handoff,A012,continuity_recovery,ZH,hybrid_state,1,qwen3_next_80b_instruct,3,3.948717948717949,0.9494106964909548,3.6666666666666665,3.6666666666666665,4.0,3.3333333333333335,4.333333333333333,4.0,4.0,4.0,5.0,4.333333333333333,4.333333333333333,2.6666666666666665,2.6666666666666665
2ea704af3257ffafde6242c0ff4592ae1da3acf7b76053f6f6f73ea6962db9c6,exp06_a_hybrid_state_causal_handoff,A010,auditability,ES,hybrid_state,2,azure_gpt_5_5_instant,3,5.0,0.0,5.0,5.0,5.0,5.0,5.0,5.0,5.0,5.0,5.0,5.0,5.0,1.0,1.0
2ef5388e6e306eca519e87a57081062bb76b22d8b81b2ceff71befdf9c1c7d9e,exp06_a_hybrid_state_causal_handoff,A003,handoff_state,ES,compressed,2,grok_4_20_non_reasoning,3,4.923076923076923,0.1332346775052983,5.0,5.0,5.0,4.666666666666667,5.0,5.0,5.0,5.0,5.0,5.0,5.0,1.3333333333333333,1.3333333333333333
2f039d672a7b4521b12efe83de4ce31ddd95817da350dd5b939a7a5930c1609c,exp06_b_zh_tokenizer_ablation,B001,zh_tokenizer_ablation,ES_LITERAL,compressed,1,qwen3_next_80b_instruct,3,4.461538461538462,0.5384615384615385,4.0,4.666666666666667,4.333333333333333,4.333333333333333,4.333333333333333,4.666666666666667,4.333333333333333,4.666666666666667,5.0,4.333333333333333,5.0,1.6666666666666667,2.0
2f5113d1c4aa813e20178e44b2a238693a8cd56dccb8c63a2def1511de332471,exp06_b_zh_tokenizer_ablation,B005,zh_tokenizer_ablation,ES_LITERAL,hybrid_state,1,qwen3_next_80b_instruct,3,4.487179487179487,0.6405126152203485,4.666666666666667,4.0,4.666666666666667,4.0,4.666666666666667,5.0,4.333333333333333,4.666666666666667,5.0,4.666666666666667,4.666666666666667,2.0,2.0
2f5c20e8d9a27287944693828fde3cf570c4b270ffe57eec35d5256d76f06fff,exp06_a_hybrid_state_causal_handoff,A008,causal_claim,EN,hybrid_state,1,azure_gpt_5_5_instant,3,4.9743589743589745,0.0444115591684326,5.0,5.0,5.0,5.0,5.0,5.0,5.0,5.0,4.666666666666667,5.0,5.0,1.0,1.0
3020a657a8fdec62dda6845a4265a9cd87c4b246a9a5d8c7a09a59bae1985657,exp06_b_zh_tokenizer_ablation,B007,zh_tokenizer_ablation,ZH,compressed,2,gemini_3_1_pro_preview,3,2.0256410256410255,0.5236045604272342,1.6666666666666667,2.6666666666666665,1.3333333333333333,1.3333333333333333,1.6666666666666667,1.3333333333333333,1.3333333333333333,1.3333333333333333,4.666666666666667,1.6666666666666667,4.333333333333333,4.333333333333333,4.666666666666667
304365c086a0249ba7d11e6f8a0e3ba4c7a3dcc228ee5d65190d54d56ed06dcc,exp06_a_hybrid_state_causal_handoff,A007,causal_claim,ZH,hybrid_state,1,azure_gpt_5_5_instant,3,4.948717948717949,0.0444115591684326,5.0,5.0,5.0,5.0,5.0,5.0,5.0,5.0,4.333333333333333,5.0,5.0,1.0,1.0
305acc7ca9dff9801b072508da8293b7b94139942d4500a1efbe7a6e33c98acd,exp06_a_hybrid_state_causal_handoff,A002,handoff_state,EN,compressed,1,grok_4_20_non_reasoning,3,4.948717948717949,0.0888231183368657,5.0,4.666666666666667,5.0,5.0,5.0,5.0,5.0,5.0,5.0,5.0,5.0,1.3333333333333333,1.0
315f9e1740a996fbee9758634762c536c3c61eef3a688dba0db4bbd340d307e9,exp06_b_zh_tokenizer_ablation,B004,zh_tokenizer_ablation,EN_LITERAL,hybrid_state,1,qwen3_next_80b_instruct,3,4.41025641025641,0.5236045604272342,5.0,3.6666666666666665,4.333333333333333,4.333333333333333,4.666666666666667,4.666666666666667,4.333333333333333,4.333333333333333,5.0,4.333333333333333,5.0,2.3333333333333335,2.0
31cb415e4b909867ed24c7c5ea9dfeaec84cb19d93d42186ecc6fcd2f8a09889,exp06_a_hybrid_state_causal_handoff,A004,continuity_recovery,ZH,compressed,3,azure_gpt_5_5_instant,3,5.0,0.0,5.0,5.0,5.0,5.0,5.0,5.0,5.0,5.0,5.0,5.0,5.0,1.0,1.0
31d384ede60094bdb3cb715f8074e64d3c61c9c52d97c58f62aec72f3408a0bb,exp06_a_hybrid_state_causal_handoff,A002,handoff_state,EN,compressed,2,qwen3_next_80b_instruct,3,4.897435897435898,0.1776462366737309,5.0,5.0,5.0,4.666666666666667,4.666666666666667,5.0,4.666666666666667,5.0,5.0,5.0,5.0,1.0,1.3333333333333333
320b2813442a5af2192867c2183c6ae5c0d40154dd40e79cf5bbd8b4d29faa94,exp06_b_zh_tokenizer_ablation,B003,zh_tokenizer_ablation,ZH,hybrid_state,1,qwen3_next_80b_instruct,3,4.333333333333333,0.5773502691896258,4.333333333333333,3.6666666666666665,4.333333333333333,4.666666666666667,5.0,4.666666666666667,4.333333333333333,3.6666666666666665,5.0,4.333333333333333,4.333333333333333,2.3333333333333335,1.6666666666666667
321718cbadcd342c1aefa5397d6bd9820dbd0937652401cf504f5e1b5a3ed154,exp06_a_hybrid_state_causal_handoff,A004,continuity_recovery,EN,compressed,2,gemini_3_1_pro_preview,3,2.307692307692308,0.23076923076923062,2.0,3.6666666666666665,1.6666666666666667,1.3333333333333333,1.0,2.0,1.3333333333333333,1.6666666666666667,5.0,2.0,5.0,4.0,4.666666666666667
32c0c0f16ca7da1d7357849f8888f442ee0ce5ddb1885ca7d573c047898ed74a,exp06_b_zh_tokenizer_ablation,B002,zh_tokenizer_ablation,ZH,hybrid_state,3,grok_4_20_non_reasoning,3,4.6923076923076925,0.3076923076923075,4.666666666666667,4.0,4.333333333333333,4.666666666666667,5.0,4.666666666666667,5.0,4.666666666666667,5.0,5.0,4.666666666666667,1.6666666666666667,1.0
335bc5b1111fc9fdb1111e59a4f6cf3e341d8e740d3ad8d0378979af77d1d529,exp06_b_zh_tokenizer_ablation,B010,zh_tokenizer_ablation,EN_LITERAL,compressed,1,qwen3_next_80b_instruct,3,4.666666666666667,0.5773502691896258,4.666666666666667,4.666666666666667,4.666666666666667,4.666666666666667,4.666666666666667,4.666666666666667,4.666666666666667,4.666666666666667,4.666666666666667,4.666666666666667,4.666666666666667,1.3333333333333333,1.3333333333333333
33ac11d82271dedfe319162aa839949edc38b4930f5f918c3b442d638f258370,exp06_a_hybrid_state_causal_handoff,A007,causal_claim,EN,compressed,3,azure_gpt_5_5_instant,3,5.0,0.0,5.0,5.0,5.0,5.0,5.0,5.0,5.0,5.0,5.0,5.0,5.0,1.0,1.0
33cb115d4eb1fbe302135e294328cc83844f968c067b04850fdeb5714198f325,exp06_b_zh_tokenizer_ablation,B007,zh_tokenizer_ablation,ZH_PINYIN,compressed,1,grok_4_20_non_reasoning,3,4.615384615384616,0.48038446141526153,4.333333333333333,4.666666666666667,4.666666666666667,4.0,4.666666666666667,4.666666666666667,4.666666666666667,4.666666666666667,5.0,4.666666666666667,5.0,1.3333333333333333,1.6666666666666667
33d981924b06632835b84c3dece17bd734aec4aa688d08d3af92fafe5f210194,exp06_b_zh_tokenizer_ablation,B007,zh_tokenizer_ablation,ZH,hybrid_state,2,grok_4_20_non_reasoning,3,4.076923076923077,0.8320502943378437,4.0,3.3333333333333335,4.0,4.333333333333333,4.333333333333333,4.333333333333333,4.0,4.0,5.0,4.333333333333333,4.333333333333333,2.6666666666666665,2.3333333333333335
33eb160ffd4060c571dc38c5298870dfc8dfc980fc69edecda4dd47183692453,exp06_a_hybrid_state_causal_handoff,A008,causal_claim,EN,hybrid_state,1,gemini_3_1_pro_preview,3,1.948717948717949,0.27014496802186516,2.0,2.6666666666666665,1.0,1.0,1.3333333333333333,1.3333333333333333,1.3333333333333333,1.0,5.0,1.0,5.0,4.333333333333333,5.0
3405b6382bc46428feb5d912b74f27c6bfb9304581f80722417a79b488a702e3,exp06_b_zh_tokenizer_ablation,B007,zh_tokenizer_ablation,EN_LITERAL,compressed,2,qwen3_next_80b_instruct,3,4.256410256410256,0.9740215340114143,4.333333333333333,3.6666666666666665,4.333333333333333,4.666666666666667,4.0,4.333333333333333,4.0,3.6666666666666665,4.666666666666667,4.333333333333333,5.0,2.3333333333333335,1.3333333333333333
341e7916dfbac48bb1538d14a782cb9f7428a15d3c9f4581fe4ba6b4d6df429d,exp06_a_hybrid_state_causal_handoff,A007,causal_claim,ES,hybrid_state,3,azure_gpt_5_5_instant,3,4.948717948717949,0.0444115591684326,5.0,5.0,5.0,5.0,5.0,5.0,5.0,5.0,4.333333333333333,5.0,5.0,1.0,1.0
3452a24a648bee1b3b4edaac0a4a743436e03cc286379009b1a2e6544536bcaa,exp06_a_hybrid_state_causal_handoff,A004,continuity_recovery,ZH,hybrid_state,2,azure_gpt_5_5_instant,3,4.948717948717949,0.0888231183368657,5.0,4.666666666666667,5.0,5.0,5.0,5.0,5.0,5.0,5.0,5.0,5.0,1.3333333333333333,1.0
34aad32cd016fabeda701b401aad426851296c4efb65eaf1a3a51a6d4f3856ee,exp06_b_zh_tokenizer_ablation,B006,zh_tokenizer_ablation,ZH_PINYIN,compressed,3,qwen3_next_80b_instruct,3,4.564102564102564,0.4636702902570546,4.333333333333333,4.333333333333333,4.333333333333333,4.333333333333333,4.666666666666667,4.666666666666667,4.333333333333333,4.666666666666667,5.0,4.666666666666667,5.0,1.3333333333333333,1.6666666666666667
34da61eee9972c2f6d72338422192087a61ec30f4bbc5c601c1fd8985e8015dc,exp06_b_zh_tokenizer_ablation,B001,zh_tokenizer_ablation,ES_LITERAL,compressed,3,gemini_3_1_pro_preview,3,1.794871794871795,0.394738572265145,2.0,2.0,1.3333333333333333,1.0,1.3333333333333333,1.3333333333333333,1.0,1.3333333333333333,5.0,1.3333333333333333,3.3333333333333335,4.666666666666667,5.0
34ea0ee84a42018e8c4f5567ffcabd9e4ed903ce4c8599f03a03f78634cd58a6,exp06_b_zh_tokenizer_ablation,B008,zh_tokenizer_ablation,ZH,hybrid_state,1,gemini_3_1_pro_preview,3,2.2820512820512824,0.31088091417902924,2.0,2.6666666666666665,2.0,1.3333333333333333,2.0,2.0,1.6666666666666667,2.0,4.333333333333333,2.6666666666666665,3.3333333333333335,4.0,4.333333333333333
3552620e2370df5cb6cd7ce787ad87a36e317cb38ffdc0bf7468f39bc74f1f14,exp06_a_hybrid_state_causal_handoff,A004,continuity_recovery,ZH,compressed,2,qwen3_next_80b_instruct,3,4.717948717948718,0.48852715085276005,4.666666666666667,5.0,4.666666666666667,4.333333333333333,4.666666666666667,4.666666666666667,4.666666666666667,4.666666666666667,5.0,4.666666666666667,5.0,1.0,1.6666666666666667
355e93b2de691fd076735b4e11ee5a703eb31eac0da476577eea554126b11d18,exp06_a_hybrid_state_causal_handoff,A008,causal_claim,ES,compressed,1,gemini_3_1_pro_preview,3,1.205128205128205,0.23500388179260714,1.0,1.0,1.0,1.0,1.0,1.0,1.0,1.0,2.6666666666666665,1.0,2.0,5.0,5.0
356991a90200cdc94779fb95f891a50c2929211b75210c4d58ecab608edd70c1,exp06_a_hybrid_state_causal_handoff,A003,handoff_state,ZH,hybrid_state,3,qwen3_next_80b_instruct,3,4.3076923076923075,0.6105579948610593,4.333333333333333,3.6666666666666665,4.333333333333333,4.0,5.0,4.333333333333333,4.333333333333333,4.333333333333333,5.0,4.333333333333333,4.666666666666667,2.3333333333333335,2.0
35795a18ef2dbd21e3d3507154e79b1eaf8173b7f910539e569b4db1a1555626,exp06_a_hybrid_state_causal_handoff,A002,handoff_state,EN,compressed,3,azure_gpt_5_5_instant,3,5.0,0.0,5.0,5.0,5.0,5.0,5.0,5.0,5.0,5.0,5.0,5.0,5.0,1.0,1.0
357d091443bdd347230aa17f010b835647854204d0565df326e1a316a42f7c38,exp06_a_hybrid_state_causal_handoff,A009,auditability,EN,compressed,3,azure_gpt_5_5_instant,3,4.0769230769230775,0.5384615384615385,3.6666666666666665,4.666666666666667,3.0,2.6666666666666665,4.333333333333333,4.333333333333333,4.333333333333333,4.333333333333333,4.666666666666667,4.333333333333333,4.666666666666667,1.3333333333333333,2.6666666666666665
357f519524701532684c3ae470916cefd95b0b5448db73f799ffe5e069bc0b40,exp06_a_hybrid_state_causal_handoff,A007,causal_claim,ES,compressed,2,gemini_3_1_pro_preview,3,1.5384615384615383,0.1332346775052983,1.0,2.0,1.0,1.0,1.0,1.0,1.6666666666666667,1.0,3.6666666666666665,1.0,2.6666666666666665,4.0,5.0
35a7837fdced255d7245f667614155915ce8142ea94081c3b166669817c4a8bf,exp06_b_zh_tokenizer_ablation,B008,zh_tokenizer_ablation,ZH_PINYIN,compressed,2,grok_4_20_non_reasoning,3,4.564102564102565,0.5121790860368763,4.333333333333333,4.333333333333333,4.666666666666667,4.333333333333333,4.666666666666667,4.666666666666667,4.333333333333333,4.666666666666667,5.0,4.666666666666667,4.666666666666667,1.6666666666666667,1.3333333333333333
35a8213ea2b04bc122250b111455f741d59fb07b4041f8722de7270b47bc71f4,exp06_a_hybrid_state_causal_handoff,A011,handoff_state,ZH,hybrid_state,1,gemini_3_1_pro_preview,3,1.8717948717948716,0.24727309643571677,1.6666666666666667,2.3333333333333335,1.0,1.0,2.0,1.3333333333333333,1.0,1.0,5.0,1.6666666666666667,4.0,4.666666666666667,5.0
35ad952c925952394ff1c432db34c5c11ddb5777b934ef1b5ef11cd0188e8540,exp06_a_hybrid_state_causal_handoff,A012,continuity_recovery,EN,hybrid_state,1,gemini_3_1_pro_preview,3,1.6923076923076923,0.3525058226889109,1.6666666666666667,1.3333333333333333,1.3333333333333333,1.0,1.0,2.0,1.0,1.0,4.0,1.3333333333333333,4.0,4.666666666666667,5.0
35d5e9b5afdb31cd3e855d82a108e3ce320215338f0dbd55b323d0442a83a6aa,exp06_b_zh_tokenizer_ablation,B006,zh_tokenizer_ablation,ES_LITERAL,hybrid_state,2,qwen3_next_80b_instruct,3,4.153846153846154,0.982088102677208,4.333333333333333,3.3333333333333335,3.6666666666666665,4.333333333333333,4.666666666666667,4.666666666666667,4.333333333333333,4.333333333333333,5.0,4.666666666666667,3.3333333333333335,2.3333333333333335,2.3333333333333335
36d90a91b43449cda8e1b0185331692c7ab3b243760b2c5f744a5e5f1aed5d75,exp06_b_zh_tokenizer_ablation,B007,zh_tokenizer_ablation,ZH_PINYIN,compressed,1,gemini_3_1_pro_preview,3,1.4102564102564104,0.27014496802186516,1.3333333333333333,2.0,1.0,1.0,1.0,1.0,1.0,1.0,2.0,1.0,3.6666666666666665,4.666666666666667,5.0
3720bac43cf07803b80ced66c5cc6798d5a461d91fba6ce04fd796d960b3c957,exp06_a_hybrid_state_causal_handoff,A010,auditability,EN,compressed,2,gemini_3_1_pro_preview,3,2.0256410256410255,0.34686536560176107,1.6666666666666667,3.3333333333333335,1.3333333333333333,1.0,1.0,1.6666666666666667,1.0,1.3333333333333333,5.0,1.3333333333333333,5.0,4.333333333333333,5.0
373df9d160773862f0935521be235cc408ea9558bac119d8c1657e45f2ced080,exp06_b_zh_tokenizer_ablation,B007,zh_tokenizer_ablation,EN_LITERAL,hybrid_state,1,gemini_3_1_pro_preview,3,1.6410256410256412,0.11750194089630352,1.0,2.0,1.0,1.0,1.6666666666666667,1.3333333333333333,1.0,1.0,4.333333333333333,1.0,3.6666666666666665,4.666666666666667,5.0
37d474940f128f5ab4c80f7cae6c5d61cecc5a7d71487e0ce4d2385801d1a7ec,exp06_b_zh_tokenizer_ablation,B008,zh_tokenizer_ablation,ES_LITERAL,compressed,1,gemini_3_1_pro_preview,3,2.5384615384615383,0.3076923076923077,2.0,4.0,2.0,1.3333333333333333,1.6666666666666667,2.3333333333333335,1.3333333333333333,2.0,5.0,2.0,5.0,3.3333333333333335,4.333333333333333
37f332a427683ff1f36b840ab6d0b74834752b28e3d5f752efb843bbe318bfb9,exp06_b_zh_tokenizer_ablation,B002,zh_tokenizer_ablation,EN_LITERAL,compressed,1,qwen3_next_80b_instruct,3,4.82051282051282,0.3108809141790292,4.666666666666667,5.0,4.666666666666667,4.666666666666667,5.0,4.666666666666667,4.666666666666667,4.666666666666667,5.0,4.666666666666667,5.0,1.0,1.0
3824893fe3c222bee1ce7833dd72e3a1b2598a4e15d30422b96d454c36234a04,exp06_a_hybrid_state_causal_handoff,A004,continuity_recovery,EN,compressed,1,gemini_3_1_pro_preview,3,2.051282051282051,0.08882311833686544,2.0,3.6666666666666665,1.3333333333333333,1.0,1.0,1.3333333333333333,1.0,1.0,5.0,1.3333333333333333,5.0,4.0,5.0
385653e17b81798f30ff1143dcafa9d708db6d838f35bd12aabd6443caa3ee8e,exp06_b_zh_tokenizer_ablation,B005,zh_tokenizer_ablation,ES_LITERAL,compressed,3,gemini_3_1_pro_preview,3,1.435897435897436,0.2701449680218651,1.3333333333333333,1.6666666666666667,1.0,1.0,1.0,1.0,1.0,1.0,3.6666666666666665,1.0,2.6666666666666665,4.666666666666667,5.0
3896a1f2e86bf6fe8ceede731f36a6e0471862076fc22da5725e4b095119d4b2,exp06_b_zh_tokenizer_ablation,B007,zh_tokenizer_ablation,ES_LITERAL,hybrid_state,3,gemini_3_1_pro_preview,3,1.6153846153846152,0.2664693550105966,1.6666666666666667,2.0,1.0,1.0,1.3333333333333333,1.0,1.0,1.0,4.333333333333333,1.3333333333333333,3.0,4.666666666666667,5.0
38a67bd881200e998fc18b631bc2857b0ccbfa2b5186c56022d2586a443e8d02,exp06_a_hybrid_state_causal_handoff,A009,auditability,ES,compressed,2,grok_4_20_non_reasoning,3,4.9743589743589745,0.0444115591684326,5.0,5.0,5.0,5.0,5.0,5.0,5.0,5.0,5.0,5.0,4.666666666666667,1.0,1.0
38c8865ab1eef591f8bb0cd2c55168b9fd1717ea282a04146a4d0241a6468aee,exp06_b_zh_tokenizer_ablation,B010,zh_tokenizer_ablation,ZH,hybrid_state,2,qwen3_next_80b_instruct,3,4.58974358974359,0.47000776358521457,4.666666666666667,4.0,4.666666666666667,4.666666666666667,5.0,4.666666666666667,4.666666666666667,4.666666666666667,5.0,5.0,4.333333333333333,2.0,1.6666666666666667
38efe72ae82cb94a1f8692101dfe4def746daee5d0096a201fa49853ff173bf3,exp06_b_zh_tokenizer_ablation,B009,zh_tokenizer_ablation,EN_LITERAL,compressed,1,grok_4_20_non_reasoning,3,4.897435897435898,0.1776462366737309,5.0,4.666666666666667,4.666666666666667,5.0,5.0,4.666666666666667,5.0,4.666666666666667,5.0,5.0,5.0,1.0,1.0
391170948d7db61386e0adf6f6210831a54d81b0d327b88fa238f067a25c2c61,exp06_a_hybrid_state_causal_handoff,A003,handoff_state,EN,compressed,2,azure_gpt_5_5_instant,3,5.0,0.0,5.0,5.0,5.0,5.0,5.0,5.0,5.0,5.0,5.0,5.0,5.0,1.0,1.0
39225d34209abb46f8d3bdd980f596309157c5fc0c0297e2e585ba35f04fc5fc,exp06_b_zh_tokenizer_ablation,B001,zh_tokenizer_ablation,EN_LITERAL,compressed,3,gemini_3_1_pro_preview,3,2.794871794871795,0.24727309643571685,2.6666666666666665,4.0,2.3333333333333335,2.0,2.3333333333333335,2.0,2.0,2.3333333333333335,4.666666666666667,2.3333333333333335,4.666666666666667,2.6666666666666665,4.333333333333333
39404d438b719ffa6d98e6115d052f6783f7bab0da9eefe362a70f31e3ce44a4,exp06_b_zh_tokenizer_ablation,B001,zh_tokenizer_ablation,ES_LITERAL,compressed,1,grok_4_20_non_reasoning,3,4.871794871794871,0.22205779584216398,5.0,4.666666666666667,5.0,5.0,5.0,5.0,4.666666666666667,5.0,5.0,4.666666666666667,4.666666666666667,1.3333333333333333,1.0
3962a47b650cb96dd772334cb56acae689e5cd75f677e87f02fdeea35f870508,exp06_b_zh_tokenizer_ablation,B010,zh_tokenizer_ablation,ZH,hybrid_state,3,qwen3_next_80b_instruct,3,4.794871794871795,0.19358549834027583,5.0,4.333333333333333,5.0,4.666666666666667,5.0,5.0,4.666666666666667,5.0,5.0,5.0,4.666666666666667,1.6666666666666667,1.3333333333333333
3975f93b171c5d12cbc9804fdadc6d4e2a2259c6a60a14aa0a31c467c7e147b7,exp06_b_zh_tokenizer_ablation,B008,zh_tokenizer_ablation,EN_LITERAL,compressed,3,grok_4_20_non_reasoning,3,4.794871794871795,0.23500388179260723,4.666666666666667,4.333333333333333,5.0,4.666666666666667,5.0,5.0,4.666666666666667,4.666666666666667,5.0,5.0,5.0,1.6666666666666667,1.0
3998b0a5b06fe3a6990bd21ba28a055083f6a90c9fd993e756c7804f49c3b7b1,exp06_b_zh_tokenizer_ablation,B007,zh_tokenizer_ablation,ZH_PINYIN,hybrid_state,1,qwen3_next_80b_instruct,3,2.205128205128205,0.1776462366737309,2.0,2.0,2.0,2.0,3.0,2.3333333333333335,2.0,2.0,4.333333333333333,2.3333333333333335,1.0,4.0,4.333333333333333
39eb74c5cbaeb9be994c3b1880f10fca7d1450f2ac89c7caf9b740b4fc6615f0,exp06_b_zh_tokenizer_ablation,B001,zh_tokenizer_ablation,ES_LITERAL,hybrid_state,1,gemini_3_1_pro_preview,3,1.1025641025641024,0.04441155916843272,1.0,1.0,1.0,1.0,1.0,1.0,1.0,1.0,2.0,1.0,1.3333333333333333,5.0,5.0
3a010232a82984b39ed6e5a6a996d58d4c04a1e7ff1c0e5916b5dde3526312ee,exp06_b_zh_tokenizer_ablation,B002,zh_tokenizer_ablation,ES_LITERAL,compressed,1,grok_4_20_non_reasoning,3,4.9743589743589745,0.0444115591684326,5.0,5.0,5.0,5.0,5.0,5.0,5.0,5.0,4.666666666666667,5.0,5.0,1.0,1.0
3a069b500b97f907c882f025217af92e4a69345e8eccf94ed6cca84290b2d2a3,exp06_a_hybrid_state_causal_handoff,A004,continuity_recovery,EN,hybrid_state,1,qwen3_next_80b_instruct,3,4.897435897435898,0.1776462366737309,5.0,4.666666666666667,5.0,5.0,5.0,5.0,5.0,4.666666666666667,5.0,4.666666666666667,5.0,1.3333333333333333,1.0
3a216f550c6acfb4b0b4b6b07ab85ae5c4a56c296f30e821c67dbd311a4e68e7,exp06_b_zh_tokenizer_ablation,B005,zh_tokenizer_ablation,ZH_PINYIN,compressed,3,qwen3_next_80b_instruct,3,3.794871794871795,1.0443800950982718,4.0,4.333333333333333,3.6666666666666665,3.6666666666666665,3.3333333333333335,3.3333333333333335,3.0,3.6666666666666665,5.0,4.333333333333333,5.0,2.6666666666666665,3.3333333333333335
3a692b968ff53c23d89f0c064d58b24f68ee7209a0269678fb22d152f83ca95f,exp06_a_hybrid_state_causal_handoff,A008,causal_claim,ZH,compressed,1,qwen3_next_80b_instruct,3,4.282051282051282,0.6265021396343905,4.333333333333333,4.333333333333333,4.333333333333333,3.6666666666666665,4.333333333333333,4.333333333333333,4.0,4.333333333333333,5.0,4.666666666666667,5.0,2.3333333333333335,2.3333333333333335
3a79ba264f2a1321265c293d59977d074f4b5d5a8eb6ca35432b1903377e38a6,exp06_a_hybrid_state_causal_handoff,A009,auditability,EN,compressed,3,grok_4_20_non_reasoning,3,4.205128205128205,0.7781533797688985,3.3333333333333335,4.666666666666667,3.3333333333333335,2.6666666666666665,4.666666666666667,4.666666666666667,4.666666666666667,4.666666666666667,5.0,4.666666666666667,5.0,1.6666666666666667,3.0
3a9a049e6335a9d16cb8498ac640cef89fb395c76049f5da4c6ee9251d0e2a69,exp06_b_zh_tokenizer_ablation,B003,zh_tokenizer_ablation,ZH,compressed,1,qwen3_next_80b_instruct,3,4.948717948717949,0.0444115591684326,5.0,5.0,5.0,4.666666666666667,5.0,5.0,5.0,5.0,5.0,5.0,5.0,1.0,1.3333333333333333
3ab83801dffcf343ef222b6835bb1cdaa669ad9be52ae03c91acbca955cd3abf,exp06_b_zh_tokenizer_ablation,B002,zh_tokenizer_ablation,ZH_PINYIN,hybrid_state,1,qwen3_next_80b_instruct,3,3.6153846153846154,0.4070386632407062,3.6666666666666665,2.3333333333333335,3.0,4.0,4.666666666666667,4.0,4.0,4.0,5.0,4.333333333333333,1.0,2.6666666666666665,2.3333333333333335
3abc81a1f695a0d1d51c8e8d9e6ad7b197c606af5bfb346a18fed94149088a8d,exp06_a_hybrid_state_causal_handoff,A003,handoff_state,EN,hybrid_state,3,gemini_3_1_pro_preview,3,1.4615384615384617,0.15384615384615385,1.0,1.6666666666666667,1.0,1.0,1.3333333333333333,1.0,1.3333333333333333,1.0,3.0,1.0,3.3333333333333335,4.666666666666667,5.0
3b123b6de150e2b17e358533d9a779f484fa968f3de05e005c399778ed642528,exp06_a_hybrid_state_causal_handoff,A010,auditability,ZH,hybrid_state,3,qwen3_next_80b_instruct,3,4.564102564102564,0.6265021396343905,4.666666666666667,4.0,4.666666666666667,4.666666666666667,4.666666666666667,4.666666666666667,4.666666666666667,4.666666666666667,5.0,4.666666666666667,4.666666666666667,2.0,1.6666666666666667
3b225e3fbb6a0929874455d7d3680bb196f99a0fe82a3bbed069555024e24600,exp06_a_hybrid_state_causal_handoff,A003,handoff_state,ZH,hybrid_state,1,azure_gpt_5_5_instant,3,5.0,0.0,5.0,5.0,5.0,5.0,5.0,5.0,5.0,5.0,5.0,5.0,5.0,1.0,1.0
3b30c7306f5ef70c7239586ce89f65152f2b6f3a1401fe9717c1db0d6879e81e,exp06_b_zh_tokenizer_ablation,B009,zh_tokenizer_ablation,ES_LITERAL,hybrid_state,1,qwen3_next_80b_instruct,3,3.9743589743589745,1.2267562783493011,4.0,3.3333333333333335,3.6666666666666665,4.333333333333333,4.666666666666667,4.333333333333333,3.6666666666666665,3.6666666666666665,5.0,4.333333333333333,3.6666666666666665,2.6666666666666665,2.3333333333333335
3b65d8a62d8f2286c992e4f98ab8b1b57fe59ca3fb9919a7b9bd3a2e624936da,exp06_a_hybrid_state_causal_handoff,A003,handoff_state,EN,compressed,2,gemini_3_1_pro_preview,3,1.948717948717949,0.22205779584216387,1.0,2.6666666666666665,1.0,1.0,1.3333333333333333,1.0,1.3333333333333333,1.0,5.0,1.3333333333333333,5.0,3.3333333333333335,5.0
3b88888417eb88fbace70167b78d1968e7a68a83fd527c8767279c6dddb9dfde,exp06_b_zh_tokenizer_ablation,B009,zh_tokenizer_ablation,ZH,hybrid_state,2,qwen3_next_80b_instruct,3,2.9743589743589745,0.5004928537421317,2.6666666666666665,2.0,1.6666666666666667,1.6666666666666667,4.666666666666667,4.0,3.6666666666666665,3.0,4.333333333333333,3.6666666666666665,2.6666666666666665,3.6666666666666665,3.6666666666666665
3b942d4d62df723acabc6cbf4ed1c93798266ba69fc6e5bc0028618ff0eddb27,exp06_a_hybrid_state_causal_handoff,A003,handoff_state,ZH,compressed,2,azure_gpt_5_5_instant,3,4.948717948717949,0.0444115591684326,5.0,5.0,5.0,5.0,5.0,5.0,5.0,5.0,4.333333333333333,5.0,5.0,1.0,1.0
3ba535b4c1b611d3b5119506797f6b03de7680dab143bf5e442a8d6013544036,exp06_a_hybrid_state_causal_handoff,A001,handoff_state,EN,compressed,2,gemini_3_1_pro_preview,3,2.051282051282051,0.31088091417902924,1.6666666666666667,3.0,1.3333333333333333,1.3333333333333333,1.3333333333333333,1.3333333333333333,1.3333333333333333,1.3333333333333333,4.666666666666667,1.3333333333333333,4.666666666666667,4.0,4.666666666666667
3bea2884a7d1b8c15f234a61731c127be768e7778a09ee5c30e484ece76837a1,exp06_a_hybrid_state_causal_handoff,A007,causal_claim,EN,hybrid_state,1,gemini_3_1_pro_preview,3,1.6923076923076923,0.5384615384615385,1.6666666666666667,1.6666666666666667,1.6666666666666667,1.0,1.3333333333333333,1.3333333333333333,1.6666666666666667,1.0,3.3333333333333335,1.6666666666666667,2.6666666666666665,4.333333333333333,4.666666666666667
3c1c2b985f546791e0ec5713165e8d7c36e4d9ab767e8c772344d76e91568071,exp06_b_zh_tokenizer_ablation,B005,zh_tokenizer_ablation,ZH_PINYIN,hybrid_state,2,gemini_3_1_pro_preview,3,1.435897435897436,0.2701449680218651,1.3333333333333333,1.3333333333333333,1.0,1.0,1.0,1.0,1.3333333333333333,1.0,3.0,1.0,3.3333333333333335,4.666666666666667,5.0
3c1d8f4863ee5b841c85598449a457f39e565425dd1d57a6b5412d7f3a2e1269,exp06_a_hybrid_state_causal_handoff,A005,continuity_recovery,ZH,compressed,1,grok_4_20_non_reasoning,3,4.717948717948718,0.42365927286816174,4.666666666666667,4.666666666666667,5.0,4.666666666666667,5.0,5.0,4.666666666666667,4.666666666666667,5.0,4.666666666666667,4.333333333333333,1.6666666666666667,1.3333333333333333
3c36571c086702f779327b79e6a40bf233b49c3b99aba2dbf0d6d4cd0ef9868f,exp06_a_hybrid_state_causal_handoff,A006,continuity_recovery,ZH,hybrid_state,2,gemini_3_1_pro_preview,3,2.897435897435898,0.5402899360437303,2.3333333333333335,4.0,2.3333333333333335,1.6666666666666667,3.0,2.6666666666666665,2.3333333333333335,2.3333333333333335,5.0,2.6666666666666665,4.666666666666667,3.0,4.333333333333333
3c901c371e03e0b6518887a7bf53a104b71c7edbe42b6e7249f7428b55a60b48,exp06_b_zh_tokenizer_ablation,B009,zh_tokenizer_ablation,EN_LITERAL,hybrid_state,1,grok_4_20_non_reasoning,3,4.282051282051282,0.7743419933611025,4.666666666666667,3.3333333333333335,3.3333333333333335,4.0,4.666666666666667,4.333333333333333,4.666666666666667,4.0,5.0,5.0,4.333333333333333,2.0,1.6666666666666667
3cae6253dadd3d5eb062eed53aac699f02f89c2b6eec9e4f8033419fc911e33e,exp06_b_zh_tokenizer_ablation,B003,zh_tokenizer_ablation,ZH,compressed,1,grok_4_20_non_reasoning,3,5.0,0.0,5.0,5.0,5.0,5.0,5.0,5.0,5.0,5.0,5.0,5.0,5.0,1.0,1.0
3cbf741750475ac249c24c3389134ede3bd4845e86636d5584e3b370fa2574d8,exp06_a_hybrid_state_causal_handoff,A007,causal_claim,ZH,compressed,3,qwen3_next_80b_instruct,3,4.794871794871795,0.19358549834027583,4.333333333333333,5.0,4.666666666666667,4.333333333333333,5.0,5.0,4.666666666666667,5.0,5.0,5.0,5.0,1.0,1.6666666666666667
3d10ee2086bcba16072af94b45080e1af87433bc77e327fb372bbb3427950fc2,exp06_b_zh_tokenizer_ablation,B001,zh_tokenizer_ablation,ZH,hybrid_state,3,qwen3_next_80b_instruct,3,4.41025641025641,0.545738375738276,4.666666666666667,3.6666666666666665,4.333333333333333,4.666666666666667,5.0,4.666666666666667,4.0,4.333333333333333,5.0,4.333333333333333,4.333333333333333,2.3333333333333335,1.3333333333333333
3d7334ded56c5d1b2b3bc39d32dcece4a8411da8b24c01dc41c900dd7cb4c712,exp06_b_zh_tokenizer_ablation,B003,zh_tokenizer_ablation,ZH,hybrid_state,3,qwen3_next_80b_instruct,3,4.256410256410256,0.645115160277391,4.333333333333333,3.6666666666666665,4.333333333333333,4.333333333333333,5.0,4.666666666666667,4.0,3.6666666666666665,5.0,4.333333333333333,4.333333333333333,2.6666666666666665,1.6666666666666667
3d7a489d9420f6212707bc1976e4e0387315c159b42c76842941b7dd71a15dc4,exp06_a_hybrid_state_causal_handoff,A010,auditability,ZH,hybrid_state,2,qwen3_next_80b_instruct,3,4.769230769230769,0.27735009811261446,4.666666666666667,4.333333333333333,4.666666666666667,4.666666666666667,5.0,5.0,4.666666666666667,5.0,5.0,5.0,5.0,1.6666666666666667,1.3333333333333333
3dc7998182dbdcacae6db79f5d4cb63f02027ae5568946b3b3b19d491b15d6d7,exp06_b_zh_tokenizer_ablation,B004,zh_tokenizer_ablation,ZH,hybrid_state,3,grok_4_20_non_reasoning,3,4.358974358974359,0.5564752413900181,4.333333333333333,3.6666666666666665,4.333333333333333,4.666666666666667,4.333333333333333,4.666666666666667,4.666666666666667,4.333333333333333,4.333333333333333,4.333333333333333,4.666666666666667,2.3333333333333335,1.3333333333333333
3e7f9b35984b99e54934912493f6756d79805a09ab6fd5f8add8ceaeff70d60a,exp06_b_zh_tokenizer_ablation,B003,zh_tokenizer_ablation,ES_LITERAL,hybrid_state,2,qwen3_next_80b_instruct,3,4.6923076923076925,0.2773500981126146,4.666666666666667,4.333333333333333,5.0,4.666666666666667,5.0,5.0,4.333333333333333,4.333333333333333,5.0,4.666666666666667,4.666666666666667,1.6666666666666667,1.0
3e80594515f8d7718dfce8e11ac35b44556846d5711eac4d2008247325e5d82d,exp06_a_hybrid_state_causal_handoff,A012,continuity_recovery,EN,hybrid_state,2,azure_gpt_5_5_instant,3,4.3076923076923075,0.35250582268891084,4.333333333333333,4.0,4.333333333333333,4.333333333333333,4.333333333333333,4.666666666666667,4.0,4.333333333333333,4.666666666666667,4.333333333333333,4.666666666666667,2.0,2.0
3f0c972c533ce47ccb173e534bb5125c6365647f0e1390c877b5bf90d4881d0d,exp06_b_zh_tokenizer_ablation,B002,zh_tokenizer_ablation,EN_LITERAL,compressed,3,grok_4_20_non_reasoning,3,4.897435897435897,0.0888231183368657,5.0,4.666666666666667,5.0,5.0,5.0,5.0,5.0,4.666666666666667,5.0,5.0,5.0,1.3333333333333333,1.3333333333333333
3f61db10761dceb0f6d16291d4fcf26c55005596e23416d511f6475e13013bc0,exp06_a_hybrid_state_causal_handoff,A005,continuity_recovery,EN,compressed,3,grok_4_20_non_reasoning,3,4.666666666666667,0.5773502691896258,4.666666666666667,4.666666666666667,4.666666666666667,4.666666666666667,4.666666666666667,4.666666666666667,4.666666666666667,4.666666666666667,4.666666666666667,4.666666666666667,4.666666666666667,1.3333333333333333,1.3333333333333333
3f7de7da6c2f62ca06cac3ec6569cd011dad1e74ce9881a4a4e9bb679b360796,exp06_a_hybrid_state_causal_handoff,A005,continuity_recovery,ES,hybrid_state,2,qwen3_next_80b_instruct,3,4.256410256410256,0.7311065348401669,4.0,3.6666666666666665,4.0,4.0,5.0,4.333333333333333,4.333333333333333,4.333333333333333,5.0,4.666666666666667,4.333333333333333,2.3333333333333335,2.0
3fafb556a8f05aff92db687de6f4992270be835d411d51ad21572ffb6f5fc781,exp06_a_hybrid_state_causal_handoff,A001,handoff_state,ES,compressed,3,azure_gpt_5_5_instant,3,4.897435897435898,0.1776462366737309,5.0,5.0,5.0,5.0,4.666666666666667,5.0,4.666666666666667,5.0,5.0,5.0,5.0,1.3333333333333333,1.3333333333333333
3ffb679dfe68d2d2b779f2cf4ecbc2ae33688a6a7b799cb4850ff4cfeb48f4b0,exp06_b_zh_tokenizer_ablation,B007,zh_tokenizer_ablation,ES_LITERAL,compressed,1,grok_4_20_non_reasoning,3,4.17948717948718,1.1049467398161663,4.333333333333333,4.333333333333333,4.333333333333333,4.666666666666667,3.6666666666666665,4.0,4.0,3.3333333333333335,4.666666666666667,4.0,4.333333333333333,1.6666666666666667,1.6666666666666667
400549526ad1d9ebb4566fc2d3ebfcc5a5b323e787cc6a5f1b8414a3c582d9d4,exp06_a_hybrid_state_causal_handoff,A001,handoff_state,ZH,compressed,3,gemini_3_1_pro_preview,3,2.0256410256410255,0.04441155916843285,2.0,4.0,1.0,1.0,1.0,1.0,1.0,1.0,5.0,1.0,5.0,3.6666666666666665,5.0
4029553740e1850bc4d205da748ed134f17bd76c93412891167e2c1b3305a826,exp06_b_zh_tokenizer_ablation,B003,zh_tokenizer_ablation,EN_LITERAL,hybrid_state,3,qwen3_next_80b_instruct,3,3.564102564102564,0.6894528030640386,3.6666666666666665,2.6666666666666665,3.3333333333333335,4.0,3.6666666666666665,4.333333333333333,3.3333333333333335,3.3333333333333335,4.666666666666667,3.3333333333333335,3.6666666666666665,3.3333333333333335,2.3333333333333335
40b5e668d0b583b4001a4809b6e730ce9777dc200c95ceb70bc46b0a53f799fb,exp06_b_zh_tokenizer_ablation,B008,zh_tokenizer_ablation,ZH,compressed,2,grok_4_20_non_reasoning,3,4.769230769230769,0.20351933162035324,4.333333333333333,4.666666666666667,4.666666666666667,4.333333333333333,5.0,5.0,4.666666666666667,5.0,5.0,5.0,5.0,1.3333333333333333,1.3333333333333333
40b658f3767cb2b7b3741f14a067c1bcaf71e6e3a2bce0a6735f70fb0756feda,exp06_b_zh_tokenizer_ablation,B005,zh_tokenizer_ablation,EN_LITERAL,hybrid_state,2,gemini_3_1_pro_preview,3,1.4871794871794872,0.11750194089630363,1.0,1.6666666666666667,1.0,1.0,1.0,1.0,1.0,1.0,3.6666666666666665,1.0,4.0,5.0,5.0
40bfda4bcc40fbc292ead718e509a88524b6395aeda8974ab2a8834ae09395f0,exp06_b_zh_tokenizer_ablation,B006,zh_tokenizer_ablation,ZH_PINYIN,compressed,2,grok_4_20_non_reasoning,3,4.948717948717949,0.0888231183368657,5.0,4.666666666666667,5.0,5.0,5.0,5.0,5.0,5.0,5.0,5.0,5.0,1.3333333333333333,1.0
40c71df228806063b1980e9a94b7596bf5e8a1e55aefc15c4ece1c7ddbce10ff,exp06_b_zh_tokenizer_ablation,B005,zh_tokenizer_ablation,EN_LITERAL,compressed,2,qwen3_next_80b_instruct,3,3.0,0.733799385705343,2.6666666666666665,3.6666666666666665,2.6666666666666665,3.0,2.3333333333333335,3.0,2.0,2.6666666666666665,4.666666666666667,3.3333333333333335,4.333333333333333,3.3333333333333335,4.0
40f3b8707b2e02a5a8acbee2cce9bf7e0cbd2b3e200421a50987199b7d797c42,exp06_a_hybrid_state_causal_handoff,A001,handoff_state,EN,compressed,1,gemini_3_1_pro_preview,3,2.0512820512820515,0.2912260690153986,2.0,3.0,1.3333333333333333,1.3333333333333333,1.3333333333333333,1.3333333333333333,1.3333333333333333,1.3333333333333333,4.666666666666667,1.3333333333333333,4.333333333333333,4.0,4.666666666666667
41170d449fa6065a59cab361037d4ec9ae94878a2b1504f4e69ba70f6d7ab1e3,exp06_a_hybrid_state_causal_handoff,A004,continuity_recovery,EN,compressed,3,grok_4_20_non_reasoning,3,4.666666666666667,0.2912260690153986,4.333333333333333,5.0,4.666666666666667,4.333333333333333,4.666666666666667,4.666666666666667,4.666666666666667,5.0,5.0,4.666666666666667,5.0,1.3333333333333333,2.0
411b39f24a4e9553e0609bcafd74561c9bab13464fbfdbe00a7a858e290e7f65,exp06_b_zh_tokenizer_ablation,B005,zh_tokenizer_ablation,EN_LITERAL,compressed,3,gemini_3_1_pro_preview,3,1.4615384615384617,0.4070386632407062,1.3333333333333333,1.6666666666666667,1.0,1.0,1.0,1.0,1.0,1.0,3.6666666666666665,1.0,3.3333333333333335,5.0,5.0
4126f2fd3b28cef959ee2fdd9e601d2c33b8ed80f39777ad53728ef38e2d6231,exp06_b_zh_tokenizer_ablation,B009,zh_tokenizer_ablation,ES_LITERAL,hybrid_state,1,gemini_3_1_pro_preview,3,1.6153846153846156,0.39970403251589487,1.3333333333333333,2.0,1.0,1.0,1.3333333333333333,1.3333333333333333,1.3333333333333333,1.3333333333333333,4.0,1.0,2.6666666666666665,4.333333333333333,5.0
415f0edf8bf08cd94604449b1316a787c46c958c4014442f9cb814277aac4981,exp06_a_hybrid_state_causal_handoff,A011,handoff_state,ES,hybrid_state,3,gemini_3_1_pro_preview,3,1.4615384615384615,0.3076923076923077,1.3333333333333333,1.6666666666666667,1.0,1.0,1.0,1.3333333333333333,1.0,1.0,3.6666666666666665,1.0,3.0,5.0,5.0
41a31ade5c2e262059338d9ddd278fbbfc07cedd358fae4a0dcd93d7f18f3121,exp06_a_hybrid_state_causal_handoff,A004,continuity_recovery,ES,hybrid_state,3,gemini_3_1_pro_preview,3,1.2307692307692306,0.1332346775052983,1.0,1.3333333333333333,1.0,1.0,1.0,1.0,1.0,1.0,2.0,1.0,2.6666666666666665,5.0,5.0
41cdb782a480e9ebd0105f5fc81a9c584ab04bb94f3ab6cd07e0c6f28df30f1f,exp06_a_hybrid_state_causal_handoff,A005,continuity_recovery,EN,hybrid_state,2,azure_gpt_5_5_instant,3,5.0,0.0,5.0,5.0,5.0,5.0,5.0,5.0,5.0,5.0,5.0,5.0,5.0,1.0,1.0
41dd7dd390df331651b1773de8a502b5695cb8b350813aad4354f0c939010240,exp06_b_zh_tokenizer_ablation,B005,zh_tokenizer_ablation,ES_LITERAL,compressed,1,qwen3_next_80b_instruct,3,4.17948717948718,0.7270485578850167,4.0,4.333333333333333,4.333333333333333,4.666666666666667,3.6666666666666665,4.333333333333333,3.6666666666666665,4.0,5.0,4.0,4.666666666666667,2.0,2.3333333333333335
41e2c91fb8a7fbfbcd902ccd0b51c1eebffdb0f7ce4a1322db84ce89905e2eb4,exp06_b_zh_tokenizer_ablation,B002,zh_tokenizer_ablation,ZH_PINYIN,compressed,1,grok_4_20_non_reasoning,3,4.538461538461539,0.3525058226889109,4.333333333333333,4.666666666666667,4.333333333333333,4.333333333333333,5.0,4.333333333333333,4.333333333333333,4.666666666666667,4.666666666666667,4.333333333333333,5.0,1.3333333333333333,1.6666666666666667
427cce9aff65e3b18e39ab8dc8f2a9a70fd254294b986410707fbd5ffbd7be3f,exp06_b_zh_tokenizer_ablation,B001,zh_tokenizer_ablation,EN_LITERAL,compressed,3,qwen3_next_80b_instruct,3,4.717948717948718,0.310880914179029,4.666666666666667,4.333333333333333,5.0,4.666666666666667,4.666666666666667,5.0,4.333333333333333,4.666666666666667,5.0,5.0,5.0,1.6666666666666667,1.3333333333333333
42b73723e514c1e893f7ba1711f3761f7fc96e445ce2eb46a13f8ffbfe9e3403,exp06_b_zh_tokenizer_ablation,B002,zh_tokenizer_ablation,ZH_PINYIN,compressed,2,qwen3_next_80b_instruct,3,3.9230769230769234,0.9326427425370878,3.6666666666666665,4.333333333333333,3.6666666666666665,3.3333333333333335,4.333333333333333,3.6666666666666665,3.6666666666666665,3.6666666666666665,4.666666666666667,4.0,5.0,2.3333333333333335,2.6666666666666665
42b910a8450768dc9609433118981815220a8b46c388f1ba7434cad757e95913,exp06_b_zh_tokenizer_ablation,B002,zh_tokenizer_ablation,EN_LITERAL,compressed,2,gemini_3_1_pro_preview,3,2.5128205128205128,0.42365927286816174,1.6666666666666667,4.0,2.0,1.3333333333333333,2.0,2.3333333333333335,1.3333333333333333,2.3333333333333335,5.0,2.0,4.666666666666667,3.3333333333333335,4.666666666666667
4320adb4ae70b8d6aba126c2133d5e1895a679d3a413bddae8e3c2cd4f948ede,exp06_a_hybrid_state_causal_handoff,A008,causal_claim,ZH,hybrid_state,1,qwen3_next_80b_instruct,3,4.512820512820514,0.437403131005948,4.333333333333333,3.6666666666666665,4.333333333333333,4.0,5.0,5.0,4.666666666666667,4.333333333333333,5.0,5.0,5.0,2.0,1.6666666666666667
432796654096c7a172f8abfe91737df08ec08f668952841ac017cdff116c9db2,exp06_a_hybrid_state_causal_handoff,A005,continuity_recovery,EN,hybrid_state,1,grok_4_20_non_reasoning,3,4.3076923076923075,0.35250582268891084,4.666666666666667,3.3333333333333335,4.333333333333333,4.333333333333333,4.666666666666667,4.666666666666667,4.333333333333333,4.333333333333333,4.666666666666667,4.666666666666667,4.0,2.3333333333333335,1.6666666666666667
43860a4c57cc862ca30367a1a2d127e39ec9f9bf3f6fa02cb5a554f29d080b83,exp06_b_zh_tokenizer_ablation,B006,zh_tokenizer_ablation,ZH_PINYIN,hybrid_state,1,grok_4_20_non_reasoning,3,4.794871794871795,0.19358549834027583,5.0,4.333333333333333,4.666666666666667,4.666666666666667,5.0,5.0,5.0,5.0,5.0,5.0,4.666666666666667,1.6666666666666667,1.3333333333333333
43911c8534ef86b67d5980c46d889346831be950c7be5de0ed30867470dd4770,exp06_a_hybrid_state_causal_handoff,A002,handoff_state,ES,compressed,2,grok_4_20_non_reasoning,3,4.948717948717949,0.0888231183368657,5.0,5.0,5.0,5.0,5.0,5.0,5.0,5.0,5.0,5.0,4.666666666666667,1.3333333333333333,1.0
439e29886f0e8947c256d12f0c401cf0b7af365e146c92d7f0332df14c88b0e6,exp06_a_hybrid_state_causal_handoff,A002,handoff_state,ES,hybrid_state,1,gemini_3_1_pro_preview,3,1.871794871794872,0.04441155916843272,2.0,2.3333333333333335,1.3333333333333333,1.0,1.0,1.3333333333333333,1.0,1.0,4.333333333333333,1.0,4.333333333333333,4.0,4.333333333333333
4434dd9fb29185020f1a9c18ebdb283f9294fd2fd20eb4a6bee7bf85633993a4,exp06_a_hybrid_state_causal_handoff,A010,auditability,ES,compressed,1,azure_gpt_5_5_instant,3,4.897435897435898,0.1776462366737309,5.0,5.0,4.666666666666667,5.0,5.0,5.0,5.0,5.0,4.666666666666667,5.0,5.0,1.3333333333333333,1.3333333333333333
44507324d5714cf159ec9497ac4b04951f6c78fb920e41ea6437d57a0ef9c14e,exp06_b_zh_tokenizer_ablation,B003,zh_tokenizer_ablation,ES_LITERAL,hybrid_state,2,grok_4_20_non_reasoning,3,4.846153846153846,0.1332346775052983,5.0,4.333333333333333,5.0,5.0,5.0,5.0,5.0,5.0,5.0,5.0,4.333333333333333,1.6666666666666667,1.0
44887b3ac0210b5fc8987691e893c7d788df29b8148dcb07ddee2e1cbca54f4a,exp06_b_zh_tokenizer_ablation,B009,zh_tokenizer_ablation,ES_LITERAL,compressed,1,qwen3_next_80b_instruct,3,4.641025641025641,0.6217618283580586,4.666666666666667,4.333333333333333,4.333333333333333,4.333333333333333,4.666666666666667,4.666666666666667,4.666666666666667,4.666666666666667,5.0,4.666666666666667,5.0,1.3333333333333333,1.3333333333333333
448ccd9ea060d3badecdb0aa7f4373b82c10a9e77b54e6ebd3f379f07f32889d,exp06_b_zh_tokenizer_ablation,B010,zh_tokenizer_ablation,ES_LITERAL,hybrid_state,3,gemini_3_1_pro_preview,3,1.5897435897435896,0.42365927286816174,1.3333333333333333,1.6666666666666667,1.0,1.0,2.0,1.3333333333333333,1.6666666666666667,1.0,3.6666666666666665,1.0,2.6666666666666665,4.666666666666667,5.0
4497ddd0e0de9123d78744df6dd681147e3ca246ccaf88338ca2b3e0657ae4ae,exp06_a_hybrid_state_causal_handoff,A011,handoff_state,ES,compressed,2,grok_4_20_non_reasoning,3,4.769230769230769,0.39970403251589487,5.0,4.666666666666667,4.666666666666667,5.0,4.666666666666667,5.0,4.666666666666667,5.0,5.0,5.0,4.666666666666667,1.6666666666666667,1.6666666666666667
44e1e40c85bee08cb11aa94ddb853f5e6ca9f13080ac04ac97e9df08a9a3a587,exp06_b_zh_tokenizer_ablation,B010,zh_tokenizer_ablation,ZH,compressed,2,qwen3_next_80b_instruct,3,4.717948717948718,0.24727309643571693,4.333333333333333,4.666666666666667,4.666666666666667,4.333333333333333,5.0,5.0,4.333333333333333,5.0,5.0,5.0,5.0,1.6666666666666667,1.3333333333333333
451179a2c3037eb9577482a109c5bca14b21aa3a6c8a0ab57fd6434638b5cd66,exp06_a_hybrid_state_causal_handoff,A009,auditability,ZH,compressed,1,gemini_3_1_pro_preview,3,2.641025641025641,0.6720688421580079,2.3333333333333335,4.0,2.0,1.3333333333333333,2.3333333333333335,2.0,2.3333333333333335,2.0,5.0,2.3333333333333335,5.0,3.6666666666666665,4.666666666666667
452fc62cb2b4cbd308fd8db6620e57ea8918857d7dac35a5b68c093da72f93d6,exp06_b_zh_tokenizer_ablation,B001,zh_tokenizer_ablation,ES_LITERAL,hybrid_state,3,grok_4_20_non_reasoning,3,4.128205128205129,0.8152878510556228,4.0,3.6666666666666665,4.0,4.333333333333333,4.0,4.666666666666667,3.6666666666666665,4.0,5.0,4.0,4.333333333333333,2.3333333333333335,1.6666666666666667
453d3a37a7668fdae7850752c4e203fb2b295491df39511898b84c6868de6756,exp06_a_hybrid_state_causal_handoff,A003,handoff_state,ES,hybrid_state,3,grok_4_20_non_reasoning,3,4.358974358974359,0.5875097044815178,4.333333333333333,3.6666666666666665,4.333333333333333,4.333333333333333,5.0,4.666666666666667,4.333333333333333,4.333333333333333,5.0,4.666666666666667,4.0,2.0,2.0
455365ad04cf00109414cf0b04c655ce96254f92b67c4d5b279de5f9ff76ff2c,exp06_a_hybrid_state_causal_handoff,A004,continuity_recovery,EN,compressed,2,grok_4_20_non_reasoning,3,4.743589743589744,0.3794525278704807,4.666666666666667,5.0,4.666666666666667,4.333333333333333,5.0,4.666666666666667,4.666666666666667,4.666666666666667,5.0,4.666666666666667,5.0,1.3333333333333333,1.3333333333333333
4566f4ca38402281f4aaf70b23d23aba2df843b27e2995b579bbddd2f2b0df19,exp06_a_hybrid_state_causal_handoff,A001,handoff_state,ZH,hybrid_state,3,azure_gpt_5_5_instant,3,4.871794871794871,0.22205779584216398,5.0,5.0,4.666666666666667,5.0,4.666666666666667,5.0,4.666666666666667,5.0,5.0,5.0,5.0,1.3333333333333333,1.3333333333333333
45a642cb8dcd5f772c56e5c39e84c5b41e145474d9f204e4772545198ba408e6,exp06_a_hybrid_state_causal_handoff,A005,continuity_recovery,ZH,compressed,2,gemini_3_1_pro_preview,3,1.8974358974358976,0.11750194089630364,1.0,2.6666666666666665,1.0,1.0,1.0,1.0,1.3333333333333333,1.0,5.0,1.0,5.0,3.3333333333333335,5.0
45bab02244f7b92eacd454096c587c16cd3f476c23411774ae45f5d3fdbee2f1,exp06_a_hybrid_state_causal_handoff,A009,auditability,ZH,compressed,1,grok_4_20_non_reasoning,3,4.717948717948718,0.48852715085276005,4.666666666666667,5.0,4.666666666666667,4.333333333333333,4.666666666666667,4.666666666666667,4.666666666666667,4.666666666666667,5.0,5.0,5.0,1.3333333333333333,1.6666666666666667
45c0555549dcde73b38e01458b66e200c9f310dcf9e3cf54950d173c0583ca24,exp06_b_zh_tokenizer_ablation,B006,zh_tokenizer_ablation,EN_LITERAL,hybrid_state,2,qwen3_next_80b_instruct,3,4.358974358974359,0.6542231190857986,4.666666666666667,3.3333333333333335,4.0,4.666666666666667,5.0,4.666666666666667,4.333333333333333,4.333333333333333,5.0,5.0,3.6666666666666665,2.3333333333333335,1.6666666666666667
45c0f9f83325d828b635cc56aa42045f827ffdbee4c636db65f743fea391898d,exp06_b_zh_tokenizer_ablation,B006,zh_tokenizer_ablation,ES_LITERAL,compressed,1,grok_4_20_non_reasoning,3,4.82051282051282,0.16012815380508708,5.0,4.666666666666667,4.666666666666667,4.666666666666667,5.0,5.0,4.666666666666667,4.666666666666667,5.0,5.0,5.0,1.3333333333333333,1.3333333333333333
4631e8f3333ab0e8b16a5a8752cb6c1749302d2fc7f869deb414a5c89dfe4577,exp06_a_hybrid_state_causal_handoff,A008,causal_claim,EN,hybrid_state,1,grok_4_20_non_reasoning,3,3.948717948717949,0.23500388179260723,4.0,3.3333333333333335,3.6666666666666665,3.0,4.666666666666667,4.333333333333333,4.0,4.0,4.666666666666667,4.666666666666667,4.666666666666667,3.0,2.6666666666666665
46675ad8b9844d141f5d0d11b366b28ad31e07aac50ec6da9cbaa1e5ef4a8962,exp06_b_zh_tokenizer_ablation,B010,zh_tokenizer_ablation,ZH_PINYIN,compressed,2,grok_4_20_non_reasoning,3,4.717948717948718,0.24727309643571693,4.666666666666667,4.333333333333333,4.666666666666667,4.333333333333333,5.0,5.0,4.666666666666667,5.0,5.0,5.0,5.0,1.6666666666666667,1.6666666666666667
46b340101112c18e76b21df4d605a29aca91fc5bba7e66af6edbf7bab2ef09cd,exp06_a_hybrid_state_causal_handoff,A009,auditability,ES,compressed,1,gemini_3_1_pro_preview,3,1.6666666666666667,0.5974964203964637,1.6666666666666667,2.0,1.0,1.0,1.3333333333333333,1.3333333333333333,1.3333333333333333,1.3333333333333333,3.6666666666666665,1.6666666666666667,3.3333333333333335,5.0,5.0
470b231148dc15a43017321b7bd74401eeef740a9c69ee787c4ad10c27d6c3fc,exp06_a_hybrid_state_causal_handoff,A010,auditability,ES,compressed,2,gemini_3_1_pro_preview,3,1.6153846153846152,0.335299918733898,1.6666666666666667,1.6666666666666667,1.0,1.0,1.0,1.0,1.0,1.0,4.333333333333333,1.3333333333333333,3.6666666666666665,4.666666666666667,5.0
4713643db91b1e9a657d4392904ae9c00024bad3c4a87affb4a4aef240fca986,exp06_a_hybrid_state_causal_handoff,A003,handoff_state,ES,compressed,3,qwen3_next_80b_instruct,3,4.58974358974359,0.710584946694924,4.333333333333333,4.666666666666667,4.666666666666667,4.333333333333333,4.666666666666667,4.666666666666667,4.666666666666667,4.666666666666667,5.0,4.666666666666667,4.666666666666667,1.6666666666666667,1.6666666666666667
47a4b92e46367cdfcabc979ef432410b62a7428220638c925955262c2a8071a0,exp06_a_hybrid_state_causal_handoff,A006,continuity_recovery,EN,hybrid_state,1,gemini_3_1_pro_preview,3,1.6666666666666667,0.11750194089630352,1.6666666666666667,1.6666666666666667,1.0,1.0,1.0,1.6666666666666667,1.0,1.0,4.0,1.0,4.333333333333333,4.666666666666667,5.0
47b5f3e230c633a4ee92101dd8695c75762e8c52c4efc83cc9e5a5aca426c96d,exp06_b_zh_tokenizer_ablation,B004,zh_tokenizer_ablation,EN_LITERAL,hybrid_state,3,gemini_3_1_pro_preview,3,1.3333333333333333,0.16012815380508713,1.6666666666666667,1.3333333333333333,1.0,1.0,1.0,1.0,1.3333333333333333,1.0,3.0,1.0,2.0,5.0,5.0
47bca3ef282ff99f2f1961ecea949e0f2a219c21ef9c0c017ceb66bd82def554,exp06_b_zh_tokenizer_ablation,B006,zh_tokenizer_ablation,ES_LITERAL,hybrid_state,2,gemini_3_1_pro_preview,3,1.8205128205128205,0.6632060080193621,1.3333333333333333,2.6666666666666665,1.0,1.0,1.3333333333333333,1.3333333333333333,1.3333333333333333,1.3333333333333333,4.333333333333333,1.3333333333333333,3.3333333333333335,3.6666666666666665,5.0
47de1a614702942c14113003a01eacfcb64a225136e0abcc743ada37c4a68898,exp06_a_hybrid_state_causal_handoff,A007,causal_claim,ES,compressed,3,azure_gpt_5_5_instant,3,4.948717948717949,0.0444115591684326,5.0,5.0,5.0,5.0,5.0,5.0,5.0,5.0,4.333333333333333,5.0,5.0,1.0,1.0
48277787a19ffe77b9634f1d9157425a3534e185e2c87a171069b020eb0cfe78,exp06_a_hybrid_state_causal_handoff,A012,continuity_recovery,ES,compressed,3,azure_gpt_5_5_instant,3,4.846153846153846,0.15384615384615374,4.666666666666667,5.0,5.0,4.333333333333333,5.0,5.0,4.333333333333333,5.0,5.0,5.0,5.0,1.0,1.3333333333333333
482d94c385ffc5488bf3580ad89bd4e7f4ee1d4db14643758bbd34a305551079,exp06_b_zh_tokenizer_ablation,B010,zh_tokenizer_ablation,EN_LITERAL,compressed,2,grok_4_20_non_reasoning,3,4.461538461538461,0.40703866324070614,4.666666666666667,4.0,4.666666666666667,4.333333333333333,4.666666666666667,4.666666666666667,4.333333333333333,4.666666666666667,4.666666666666667,4.666666666666667,4.666666666666667,2.0,2.0
4841a9a151ee02282db1983f8394274dea1d8bf15e8733a5329b9a55153ad953,exp06_a_hybrid_state_causal_handoff,A010,auditability,ZH,compressed,3,grok_4_20_non_reasoning,3,4.794871794871795,0.2912260690153986,5.0,4.666666666666667,4.666666666666667,5.0,5.0,4.666666666666667,4.333333333333333,4.666666666666667,5.0,5.0,5.0,1.3333333333333333,1.3333333333333333
4842ada7e105be39efcc9ee351ed44d531083280b35845620fd462cd1112731d,exp06_b_zh_tokenizer_ablation,B004,zh_tokenizer_ablation,ES_LITERAL,compressed,1,grok_4_20_non_reasoning,3,4.82051282051282,0.3108809141790292,4.666666666666667,4.666666666666667,4.666666666666667,5.0,5.0,5.0,5.0,4.666666666666667,5.0,4.666666666666667,4.666666666666667,1.3333333333333333,1.0
4854d9c93fea7c850db67da15ce4a95cf3d485f9356b60f55dfd417f78258d68,exp06_a_hybrid_state_causal_handoff,A008,causal_claim,ES,compressed,1,azure_gpt_5_5_instant,3,5.0,0.0,5.0,5.0,5.0,5.0,5.0,5.0,5.0,5.0,5.0,5.0,5.0,1.0,1.0
4880cd378f945e0ba312754c1309236da1241a1927c0d1ad17009cd139b39780,exp06_a_hybrid_state_causal_handoff,A005,continuity_recovery,EN,compressed,2,grok_4_20_non_reasoning,3,4.666666666666667,0.5773502691896258,4.666666666666667,4.666666666666667,4.666666666666667,4.666666666666667,4.666666666666667,4.666666666666667,4.666666666666667,4.666666666666667,4.666666666666667,4.666666666666667,4.666666666666667,1.3333333333333333,1.3333333333333333
48874ef685705188cc7e7d96789b34b3fe73392d6ef7c28c497c052d812590d9,exp06_a_hybrid_state_causal_handoff,A002,handoff_state,EN,compressed,1,qwen3_next_80b_instruct,3,4.82051282051282,0.19358549834027583,5.0,4.333333333333333,5.0,5.0,5.0,5.0,4.666666666666667,5.0,5.0,4.666666666666667,5.0,1.6666666666666667,1.3333333333333333
48c05bd72ae3dd9e83ee3eefb6d482a2dde0414af35e79e774f20a31b48da474,exp06_b_zh_tokenizer_ablation,B010,zh_tokenizer_ablation,ZH_PINYIN,hybrid_state,3,gemini_3_1_pro_preview,3,1.871794871794872,0.3468653656017611,1.6666666666666667,2.0,1.0,1.0,2.0,2.0,1.6666666666666667,1.3333333333333333,5.0,1.3333333333333333,3.0,4.666666666666667,5.0
48db1c40b7c4a9ebf4bed2f8ba194e7fcc5cc5fb05f947595f936d6175fae026,exp06_a_hybrid_state_causal_handoff,A008,causal_claim,ZH,compressed,3,qwen3_next_80b_instruct,3,4.564102564102564,0.4636702902570546,4.666666666666667,5.0,4.666666666666667,4.0,4.333333333333333,4.666666666666667,4.666666666666667,4.333333333333333,5.0,4.666666666666667,5.0,1.6666666666666667,2.0
48ff5a2877c4c9b774ec87d6404cb7d46318cd4b6bc744c176dcaeadbdde7577,exp06_a_hybrid_state_causal_handoff,A003,handoff_state,EN,compressed,1,gemini_3_1_pro_preview,3,1.717948717948718,0.11750194089630363,1.0,2.0,1.0,1.0,1.3333333333333333,1.0,1.0,1.0,5.0,1.0,4.333333333333333,4.333333333333333,5.0
490d9bd4e8c4b718b5a8e37474c252a121bb295d90009d960a58dcbb41cf7a93,exp06_a_hybrid_state_causal_handoff,A007,causal_claim,ES,hybrid_state,2,gemini_3_1_pro_preview,3,1.282051282051282,0.11750194089630363,1.0,1.3333333333333333,1.0,1.0,1.0,1.0,1.3333333333333333,1.0,2.6666666666666665,1.0,2.0,4.666666666666667,5.0
4939cf07fdf6fad5058bf848632bbc9ab7d6bcef1f0ca9fa72d4cc6e6872ee25,exp06_a_hybrid_state_causal_handoff,A001,handoff_state,ZH,hybrid_state,3,qwen3_next_80b_instruct,3,4.615384615384616,0.5384615384615384,4.666666666666667,4.333333333333333,4.666666666666667,4.666666666666667,4.666666666666667,4.666666666666667,4.666666666666667,4.666666666666667,5.0,5.0,4.666666666666667,2.0,1.6666666666666667
49ae556a6b6c9e04c6018f1e5fe2508faea69954ca036fdb04be8725479d01c9,exp06_a_hybrid_state_causal_handoff,A012,continuity_recovery,EN,compressed,2,qwen3_next_80b_instruct,3,4.564102564102565,0.36352427894250805,4.666666666666667,4.333333333333333,4.666666666666667,4.0,5.0,4.666666666666667,4.333333333333333,4.666666666666667,5.0,4.666666666666667,5.0,1.6666666666666667,2.0
4a142380ab90e383765350a2a99d8f6886d166869ea117e2c1dba8398364aa97,exp06_a_hybrid_state_causal_handoff,A007,causal_claim,EN,compressed,3,gemini_3_1_pro_preview,3,2.3333333333333335,0.27014496802186505,2.0,3.6666666666666665,1.6666666666666667,1.3333333333333333,2.0,1.6666666666666667,1.3333333333333333,1.6666666666666667,5.0,1.6666666666666667,4.666666666666667,3.6666666666666665,4.666666666666667
4a8266f598e772a876dfd01c9734378c88053bf91d99d8e724a2cb1896815898,exp06_a_hybrid_state_causal_handoff,A009,auditability,EN,hybrid_state,1,qwen3_next_80b_instruct,3,4.41025641025641,0.5121790860368763,4.666666666666667,3.6666666666666665,4.333333333333333,5.0,4.666666666666667,4.333333333333333,4.333333333333333,4.333333333333333,5.0,4.333333333333333,4.333333333333333,2.0,1.6666666666666667
4a9077b939909b611ffbb6242e14f362ff5c210ca77622653172f6a61b265d88,exp06_b_zh_tokenizer_ablation,B010,zh_tokenizer_ablation,ZH,hybrid_state,3,grok_4_20_non_reasoning,3,4.58974358974359,0.3635242789425084,4.666666666666667,4.0,4.666666666666667,4.666666666666667,4.666666666666667,5.0,4.333333333333333,4.333333333333333,5.0,5.0,4.666666666666667,1.6666666666666667,1.6666666666666667
4a94bdcb8853976e0bf099e25cccdd16bb706a4cf34c32c37c8798a9075290de,exp06_a_hybrid_state_causal_handoff,A001,handoff_state,ZH,compressed,1,azure_gpt_5_5_instant,3,4.897435897435898,0.1776462366737309,5.0,5.0,5.0,5.0,4.666666666666667,5.0,4.666666666666667,5.0,5.0,5.0,5.0,1.3333333333333333,1.3333333333333333
4aff66b79b5545b9d186a17b3dae356cb57224a479b2cb9b7a43717d6d7635c3,exp06_b_zh_tokenizer_ablation,B005,zh_tokenizer_ablation,EN_LITERAL,hybrid_state,2,qwen3_next_80b_instruct,3,4.6923076923076925,0.35250582268891084,4.666666666666667,4.333333333333333,5.0,4.666666666666667,4.666666666666667,5.0,4.333333333333333,4.666666666666667,5.0,4.666666666666667,5.0,1.6666666666666667,1.3333333333333333
4b1a48aaf76a069c90cb55dc7bb3436bf9b465a233ffa842707af2d2d8ea933f,exp06_a_hybrid_state_causal_handoff,A004,continuity_recovery,ZH,compressed,1,qwen3_next_80b_instruct,3,4.564102564102565,0.6894528030640387,4.666666666666667,5.0,4.666666666666667,4.0,4.333333333333333,4.666666666666667,4.333333333333333,4.666666666666667,5.0,4.333333333333333,5.0,1.3333333333333333,2.0
4b349fa9098350f2d7e5ab01c69b680bf35adbd0c8feb096078debaabbb36fa7,exp06_a_hybrid_state_causal_handoff,A007,causal_claim,ES,compressed,1,grok_4_20_non_reasoning,3,5.0,0.0,5.0,5.0,5.0,5.0,5.0,5.0,5.0,5.0,5.0,5.0,5.0,1.0,1.0
4b383b6bf98d3483c7b409dc01e03477d33b6f24904a1a2a870621383acaf4ab,exp06_a_hybrid_state_causal_handoff,A004,continuity_recovery,ZH,hybrid_state,3,gemini_3_1_pro_preview,3,2.5897435897435894,0.48852715085276033,2.3333333333333335,3.6666666666666665,2.3333333333333335,1.6666666666666667,1.3333333333333333,2.6666666666666665,1.3333333333333333,2.0,4.666666666666667,2.0,5.0,3.0,4.333333333333333
4b4f43558298010e803e05f5e1da54ebe9502d41727a4f6f4f9b994e8fc6e425,exp06_b_zh_tokenizer_ablation,B007,zh_tokenizer_ablation,ES_LITERAL,hybrid_state,3,grok_4_20_non_reasoning,3,4.256410256410256,0.7705117539136779,4.666666666666667,3.3333333333333335,4.0,4.333333333333333,4.666666666666667,4.666666666666667,4.333333333333333,3.6666666666666665,5.0,4.333333333333333,4.333333333333333,2.3333333333333335,1.6666666666666667
4b5d79e756c7a0d4cc8264bc1edf2f8eb47c767c70039a7ed381d84c59a96aba,exp06_a_hybrid_state_causal_handoff,A005,continuity_recovery,EN,compressed,1,azure_gpt_5_5_instant,3,5.0,0.0,5.0,5.0,5.0,5.0,5.0,5.0,5.0,5.0,5.0,5.0,5.0,1.0,1.0
4b984b2a3dc7df01172a13b12f74ddf0ea2971cdf2ac0036e1ef884356978050,exp06_a_hybrid_state_causal_handoff,A004,continuity_recovery,ES,hybrid_state,2,qwen3_next_80b_instruct,3,4.17948717948718,0.7743419933611025,4.333333333333333,3.3333333333333335,4.333333333333333,4.333333333333333,5.0,4.333333333333333,4.0,4.0,5.0,4.666666666666667,3.6666666666666665,2.6666666666666665,2.0
4bf8a9eae9819132cda8dcdd3dccdc5ff2f44c71bf1d22b4494b8f6758e429f3,exp06_b_zh_tokenizer_ablation,B003,zh_tokenizer_ablation,EN_LITERAL,compressed,2,gemini_3_1_pro_preview,3,2.076923076923077,0.2664693550105966,2.0,2.3333333333333335,2.0,1.3333333333333333,1.6666666666666667,2.0,1.6666666666666667,1.6666666666666667,3.6666666666666665,1.6666666666666667,4.0,4.333333333333333,4.666666666666667
4c0b6c12af15bcb0b02b770becd8b1cab31b842ea8e856ccb047383b02d963dd,exp06_a_hybrid_state_causal_handoff,A005,continuity_recovery,ZH,compressed,1,azure_gpt_5_5_instant,3,4.9743589743589745,0.0444115591684326,5.0,5.0,5.0,5.0,5.0,5.0,5.0,5.0,4.666666666666667,5.0,5.0,1.0,1.0
4c18b49e778e8708876054e149c9f5995561567fdb2fe163cd42e26cf69c9705,exp06_b_zh_tokenizer_ablation,B001,zh_tokenizer_ablation,EN_LITERAL,hybrid_state,2,qwen3_next_80b_instruct,3,4.564102564102564,0.4636702902570546,4.333333333333333,4.0,4.666666666666667,4.666666666666667,5.0,4.666666666666667,4.333333333333333,4.666666666666667,5.0,4.333333333333333,5.0,2.0,1.3333333333333333
4c31b45c7a527246b0497395737b536f6e0a4c63354bcbd633f649816b18b8b9,exp06_a_hybrid_state_causal_handoff,A009,auditability,ZH,compressed,3,azure_gpt_5_5_instant,3,4.923076923076923,0.0769230769230771,5.0,5.0,5.0,5.0,5.0,5.0,5.0,5.0,4.666666666666667,5.0,5.0,1.3333333333333333,1.3333333333333333
4cc417280a139f9cc4cfa0ae3d0a1210ddd1e74d4b6eeb9d92a23c1b3642c409,exp06_b_zh_tokenizer_ablation,B004,zh_tokenizer_ablation,ZH_PINYIN,hybrid_state,3,gemini_3_1_pro_preview,3,2.0512820512820515,0.47000776358521434,2.0,1.6666666666666667,1.6666666666666667,1.3333333333333333,2.0,1.6666666666666667,1.6666666666666667,1.6666666666666667,4.666666666666667,2.0,3.0,4.333333333333333,4.333333333333333
4d5de5ce2d0a722a61413bec5ad11b4efac196dbc2157cd6865236a6a7e9792d,exp06_a_hybrid_state_causal_handoff,A005,continuity_recovery,ES,hybrid_state,1,gemini_3_1_pro_preview,3,1.435897435897436,0.1935854983402756,1.0,1.3333333333333333,1.0,1.0,1.3333333333333333,1.0,1.0,1.0,3.3333333333333335,1.0,3.6666666666666665,5.0,5.0
4d6078525556ab966e2061f8de6b5301eab94d9ef7008d6cb356fa4386f32896,exp06_a_hybrid_state_causal_handoff,A003,handoff_state,EN,hybrid_state,1,azure_gpt_5_5_instant,3,4.9743589743589745,0.0444115591684326,5.0,5.0,5.0,5.0,5.0,5.0,5.0,5.0,4.666666666666667,5.0,5.0,1.0,1.0
4e5156519ca95120c395e00091110b6ca2d8c2f3409dc75f32d47899a5d64b74,exp06_b_zh_tokenizer_ablation,B006,zh_tokenizer_ablation,EN_LITERAL,hybrid_state,3,qwen3_next_80b_instruct,3,4.538461538461539,0.40703866324070614,4.666666666666667,3.6666666666666665,4.666666666666667,5.0,5.0,5.0,4.333333333333333,4.333333333333333,5.0,5.0,4.333333333333333,2.3333333333333335,1.6666666666666667
4e5aa71adcd7705ee3bd53379eafbc2d55320d8f041b27610aac4efcc2272d1a,exp06_b_zh_tokenizer_ablation,B005,zh_tokenizer_ablation,ES_LITERAL,compressed,2,gemini_3_1_pro_preview,3,1.8974358974358976,0.2912260690153987,1.3333333333333333,2.3333333333333335,1.3333333333333333,1.0,1.3333333333333333,1.3333333333333333,1.0,1.3333333333333333,5.0,1.3333333333333333,4.666666666666667,4.333333333333333,5.0
4e75f988aef1f0a79be3f9c8aa0999073fb803ce9056a7f3b47e53254580e881,exp06_b_zh_tokenizer_ablation,B009,zh_tokenizer_ablation,ZH_PINYIN,hybrid_state,3,grok_4_20_non_reasoning,3,3.9230769230769234,1.0088366960464616,3.6666666666666665,3.6666666666666665,3.0,3.0,4.666666666666667,4.333333333333333,4.333333333333333,4.0,5.0,4.333333333333333,4.333333333333333,2.6666666666666665,2.6666666666666665
4e8a64e785f1e7f4a46ba316a7b3a626992eefc49c12aaa29216410742958007,exp06_b_zh_tokenizer_ablation,B002,zh_tokenizer_ablation,ZH,hybrid_state,1,grok_4_20_non_reasoning,3,4.923076923076923,0.1332346775052983,5.0,4.666666666666667,5.0,5.0,5.0,5.0,5.0,5.0,5.0,5.0,4.666666666666667,1.3333333333333333,1.0
4ea1478f2652c5f6d622bf144acf94bc52cb9980bb862462664d54e4589d419a,exp06_a_hybrid_state_causal_handoff,A005,continuity_recovery,ZH,compressed,2,azure_gpt_5_5_instant,3,4.9743589743589745,0.0444115591684326,5.0,5.0,5.0,5.0,5.0,5.0,5.0,5.0,4.666666666666667,5.0,5.0,1.0,1.0
4eb472baec4025b2cdaca1c610561be0112d4c534b2e9bf9173f063d461e4278,exp06_b_zh_tokenizer_ablation,B007,zh_tokenizer_ablation,ZH,hybrid_state,2,qwen3_next_80b_instruct,3,4.0,0.9326427425370878,4.0,3.3333333333333335,3.6666666666666665,3.6666666666666665,4.333333333333333,4.333333333333333,4.0,4.0,5.0,4.333333333333333,4.333333333333333,2.6666666666666665,2.3333333333333335
4ed64a1d24c1414cabbfa67383da841ce58da1681cfbe8c2a032802a413b69dd,exp06_b_zh_tokenizer_ablation,B003,zh_tokenizer_ablation,ZH_PINYIN,compressed,3,gemini_3_1_pro_preview,3,1.9230769230769231,0.15384615384615397,2.0,2.6666666666666665,1.3333333333333333,1.0,1.0,1.0,1.0,1.3333333333333333,5.0,1.3333333333333333,4.333333333333333,4.0,5.0
4f0603bc233339d246363ff3d955c2a683dca51937758472431bc4fa9998241a,exp06_b_zh_tokenizer_ablation,B004,zh_tokenizer_ablation,ES_LITERAL,compressed,2,grok_4_20_non_reasoning,3,4.897435897435898,0.1776462366737309,4.666666666666667,5.0,4.666666666666667,5.0,5.0,5.0,5.0,5.0,5.0,5.0,4.666666666666667,1.3333333333333333,1.0
4f1e86e55402eab5ad4ad6e98ea92880acd4df218e0e5374c567bc1165454c45,exp06_b_zh_tokenizer_ablation,B004,zh_tokenizer_ablation,ZH,compressed,1,qwen3_next_80b_instruct,3,4.769230769230769,0.23076923076923084,4.666666666666667,5.0,4.666666666666667,4.666666666666667,5.0,4.666666666666667,5.0,5.0,4.333333333333333,5.0,4.666666666666667,1.3333333333333333,1.3333333333333333
4f2d6edb8dfebec00294d27da6aadecad8bf30f293fac08f989cde0709b74daf,exp06_a_hybrid_state_causal_handoff,A012,continuity_recovery,ZH,compressed,1,gemini_3_1_pro_preview,3,1.8974358974358971,0.22205779584216376,2.0,2.3333333333333335,1.3333333333333333,1.0,1.3333333333333333,1.3333333333333333,1.0,1.3333333333333333,4.666666666666667,1.3333333333333333,4.0,4.0,5.0
4f36f390630b2d884540de266df042d7645054ffe0e921694da0fb2ed7780936,exp06_a_hybrid_state_causal_handoff,A009,auditability,EN,hybrid_state,3,grok_4_20_non_reasoning,3,4.256410256410256,0.7311065348401669,4.0,3.3333333333333335,4.0,4.333333333333333,4.666666666666667,4.666666666666667,4.333333333333333,4.666666666666667,5.0,4.666666666666667,4.333333333333333,2.6666666666666665,2.0
4f39f433d24d59b86761070ea0e57df678605f3bf3546a84755192a79682e3c7,exp06_b_zh_tokenizer_ablation,B007,zh_tokenizer_ablation,ES_LITERAL,hybrid_state,2,qwen3_next_80b_instruct,3,4.384615384615384,0.5384615384615384,4.666666666666667,3.6666666666666665,4.333333333333333,4.666666666666667,4.666666666666667,4.333333333333333,4.333333333333333,4.333333333333333,5.0,4.666666666666667,4.333333333333333,2.3333333333333335,1.6666666666666667
4f6aabe026bfe3786eab5b1ea805c0e979d58657e4563b9e268ed9d23e655eaf,exp06_a_hybrid_state_causal_handoff,A006,continuity_recovery,EN,hybrid_state,2,gemini_3_1_pro_preview,3,2.3333333333333335,0.31088091417902924,2.0,3.0,1.6666666666666667,1.3333333333333333,2.3333333333333335,2.0,1.6666666666666667,1.6666666666666667,4.666666666666667,1.6666666666666667,5.0,4.0,4.666666666666667
4fbe268f1ed63d3af21ac857a3bb05fe0d2132b8bf91d4673c6cf977bb565dfd,exp06_a_hybrid_state_causal_handoff,A009,auditability,ZH,hybrid_state,1,qwen3_next_80b_instruct,3,4.717948717948718,0.3635242789425084,5.0,4.333333333333333,4.666666666666667,4.666666666666667,5.0,4.666666666666667,5.0,4.666666666666667,5.0,4.666666666666667,4.666666666666667,1.6666666666666667,1.3333333333333333
4fcf3c8b09ad29babe54140126e6a6cd6b15057fe22107a72f212daeaa5315a9,exp06_a_hybrid_state_causal_handoff,A008,causal_claim,ES,compressed,3,gemini_3_1_pro_preview,3,1.435897435897436,0.34686536560176107,1.6666666666666667,1.3333333333333333,1.0,1.0,1.6666666666666667,1.0,1.3333333333333333,1.0,2.3333333333333335,1.0,3.0,4.666666666666667,5.0
5017d17bc279000728c2e913f0fe7589ad970a03dbb400627cc8ae619e4b8da3,exp06_b_zh_tokenizer_ablation,B005,zh_tokenizer_ablation,ZH,compressed,2,grok_4_20_non_reasoning,3,4.17948717948718,0.8079975003378836,4.333333333333333,4.333333333333333,4.0,4.333333333333333,3.6666666666666665,4.333333333333333,3.6666666666666665,4.0,5.0,4.333333333333333,4.666666666666667,2.0,2.3333333333333335
504df2a3297c6e6717a2ce59aefda5cd11a3b74d925e8587b5436a9547ade36e,exp06_b_zh_tokenizer_ablation,B004,zh_tokenizer_ablation,ZH,hybrid_state,1,qwen3_next_80b_instruct,3,4.256410256410256,0.6979824404521128,4.0,3.6666666666666665,4.0,4.0,4.666666666666667,4.666666666666667,4.333333333333333,4.0,5.0,4.666666666666667,4.333333333333333,2.3333333333333335,1.6666666666666667
50d31484a694199c60c4cdfba12ede42e95241c904bb101808824e5ff1711470,exp06_b_zh_tokenizer_ablation,B003,zh_tokenizer_ablation,ES_LITERAL,compressed,3,grok_4_20_non_reasoning,3,4.897435897435898,0.1776462366737309,5.0,4.666666666666667,5.0,5.0,5.0,5.0,4.666666666666667,5.0,5.0,5.0,4.666666666666667,1.3333333333333333,1.0
50d4b5b297f369f7d142f8f31361071a4babacfa1df5ffe153535426239b20e5,exp06_a_hybrid_state_causal_handoff,A009,auditability,EN,compressed,2,grok_4_20_non_reasoning,3,3.358974358974359,0.37945252787048067,2.6666666666666665,4.0,2.6666666666666665,1.6666666666666667,3.3333333333333335,3.6666666666666665,3.3333333333333335,3.3333333333333335,4.666666666666667,4.0,4.666666666666667,2.3333333333333335,4.0
51150ba40371d715040ae742e00f4df3e01c56b993f5a7d0e9a10240c3bc97a8,exp06_b_zh_tokenizer_ablation,B003,zh_tokenizer_ablation,ZH,hybrid_state,2,qwen3_next_80b_instruct,3,4.153846153846154,0.7418192893071504,4.333333333333333,3.0,4.333333333333333,4.666666666666667,5.0,4.333333333333333,4.0,3.6666666666666665,5.0,4.0,4.0,2.6666666666666665,1.6666666666666667
511cfa3db8fe0248da2d489e422d45d2af74951c44a553c1de5f6a6ac3585e95,exp06_a_hybrid_state_causal_handoff,A009,auditability,ES,compressed,1,qwen3_next_80b_instruct,3,4.846153846153846,0.2664693550105966,5.0,5.0,5.0,5.0,4.666666666666667,4.666666666666667,4.666666666666667,4.666666666666667,5.0,4.666666666666667,5.0,1.0,1.3333333333333333
511f900f2cf2daa20cd7b0a41f00b7ddd9ac40e2667ec95aa5feab7892e71ab4,exp06_a_hybrid_state_causal_handoff,A012,continuity_recovery,ES,compressed,1,grok_4_20_non_reasoning,3,4.769230769230769,0.3352999187338978,5.0,4.666666666666667,4.666666666666667,4.333333333333333,5.0,4.666666666666667,4.666666666666667,4.666666666666667,5.0,5.0,5.0,1.3333333333333333,1.3333333333333333
512b0b93c8b84f54432a3d93ac1aacfed5e469452f45af72188b8ebdff656c01,exp06_a_hybrid_state_causal_handoff,A006,continuity_recovery,ZH,compressed,1,qwen3_next_80b_instruct,3,4.461538461538462,0.5044183480232308,4.333333333333333,4.666666666666667,4.333333333333333,4.0,4.666666666666667,4.666666666666667,4.333333333333333,4.333333333333333,5.0,4.333333333333333,5.0,1.6666666666666667,2.0
514d5fbfc37b8f4d67caf3feb68885fb2bdfc0f163cffff4747d20d860ef5873,exp06_a_hybrid_state_causal_handoff,A002,handoff_state,ZH,compressed,3,gemini_3_1_pro_preview,3,2.8205128205128207,0.11750194089630342,2.6666666666666665,4.0,2.3333333333333335,2.0,2.0,2.0,2.0,2.0,5.0,2.6666666666666665,5.0,2.6666666666666665,4.333333333333333
517c0e831b369bdca9607725a5b686091c573ea7d87e855be4eb5b350b048de5,exp06_a_hybrid_state_causal_handoff,A012,continuity_recovery,EN,compressed,1,gemini_3_1_pro_preview,3,2.2564102564102564,0.160128153805087,2.3333333333333335,2.3333333333333335,1.6666666666666667,1.0,2.0,1.6666666666666667,1.6666666666666667,1.6666666666666667,4.666666666666667,2.3333333333333335,4.666666666666667,4.0,4.666666666666667
518dba44bf9a29b8de4e875061098bac1ebe49f5bcf18f103e19522712bc7396,exp06_b_zh_tokenizer_ablation,B006,zh_tokenizer_ablation,ZH_PINYIN,hybrid_state,2,grok_4_20_non_reasoning,3,4.769230769230769,0.27735009811261446,4.666666666666667,4.333333333333333,4.666666666666667,4.666666666666667,5.0,5.0,5.0,5.0,5.0,5.0,4.666666666666667,1.6666666666666667,1.3333333333333333
51cc71f99da9b36c981595dadce24c244face54fea85d55f65fbf3e928445344,exp06_b_zh_tokenizer_ablation,B001,zh_tokenizer_ablation,EN_LITERAL,hybrid_state,3,grok_4_20_non_reasoning,3,4.948717948717949,0.0888231183368657,5.0,4.666666666666667,5.0,5.0,5.0,5.0,5.0,5.0,5.0,5.0,5.0,1.3333333333333333,1.0
51e0fb26841fca01443324ba90f379ae529e1508bf05cfad8ba7047816544f48,exp06_a_hybrid_state_causal_handoff,A012,continuity_recovery,ZH,hybrid_state,1,gemini_3_1_pro_preview,3,1.6666666666666667,0.29122606901539866,2.0,2.3333333333333335,1.3333333333333333,1.0,1.3333333333333333,1.0,1.0,1.0,3.0,1.6666666666666667,3.0,4.0,5.0
52de40da5b9dc4a678a5419adbd36d7def6d78851c4d4be451ee0ba574b68641,exp06_b_zh_tokenizer_ablation,B001,zh_tokenizer_ablation,ZH_PINYIN,hybrid_state,1,qwen3_next_80b_instruct,3,3.2307692307692304,0.3076923076923077,3.3333333333333335,3.0,3.3333333333333335,3.6666666666666665,3.6666666666666665,3.6666666666666665,3.0,3.3333333333333335,5.0,4.0,1.0,3.6666666666666665,3.3333333333333335
532792baee7e70e8e1b584fb03667e1be40968d7fa2a885c5d49727199512d4b,exp06_a_hybrid_state_causal_handoff,A001,handoff_state,EN,compressed,2,grok_4_20_non_reasoning,3,4.435897435897435,0.39473857226514486,4.0,4.666666666666667,4.666666666666667,4.0,4.333333333333333,4.666666666666667,4.333333333333333,4.666666666666667,4.666666666666667,4.666666666666667,4.666666666666667,1.6666666666666667,2.0
53878c871c9f82763f612ced392d9050b2fca44f637413a8b7bc36fc8d376c6e,exp06_b_zh_tokenizer_ablation,B007,zh_tokenizer_ablation,EN_LITERAL,compressed,3,gemini_3_1_pro_preview,3,1.794871794871795,0.177646236673731,1.0,2.3333333333333335,1.0,1.0,1.0,1.0,1.0,1.0,4.666666666666667,1.0,5.0,3.6666666666666665,5.0
538e3d0eae62aaebfc1a46882e8e6ce6f6a5bf19c5c590cbd8a58a7afee2045d,exp06_a_hybrid_state_causal_handoff,A009,auditability,ES,compressed,3,azure_gpt_5_5_instant,3,4.512820512820513,0.4636702902570546,4.333333333333333,5.0,4.333333333333333,4.333333333333333,4.333333333333333,4.666666666666667,4.666666666666667,4.333333333333333,5.0,4.333333333333333,5.0,1.3333333333333333,2.3333333333333335
5392d9bb04e2aafc6086a112a4ccb3dab2bef6d9aeb2dc1254cd424d44814a17,exp06_b_zh_tokenizer_ablation,B005,zh_tokenizer_ablation,EN_LITERAL,compressed,3,grok_4_20_non_reasoning,3,4.666666666666667,0.5773502691896258,4.666666666666667,5.0,4.666666666666667,4.666666666666667,4.333333333333333,4.666666666666667,4.333333333333333,4.666666666666667,5.0,4.666666666666667,5.0,1.3333333333333333,1.6666666666666667
539c3b693c5ff9ca12016f040dbf0ca6ead979b2526354dd8b1324adf8446acc,exp06_b_zh_tokenizer_ablation,B005,zh_tokenizer_ablation,ES_LITERAL,compressed,2,qwen3_next_80b_instruct,3,3.9743589743589745,0.9014561964742024,3.3333333333333335,4.333333333333333,3.6666666666666665,4.333333333333333,3.3333333333333335,4.333333333333333,3.3333333333333335,3.6666666666666665,5.0,4.0,5.0,2.0,2.6666666666666665
53f0f2a40b0a5fe85e475f5e3fe0a68359ff065e08087f3d23ef4a7b5fcacdb6,exp06_b_zh_tokenizer_ablation,B003,zh_tokenizer_ablation,EN_LITERAL,hybrid_state,2,gemini_3_1_pro_preview,3,2.41025641025641,0.31088091417902913,2.3333333333333335,3.0,2.0,1.3333333333333333,2.0,1.6666666666666667,2.0,2.3333333333333335,4.333333333333333,2.3333333333333335,4.0,3.6666666666666665,4.333333333333333
53fe4938589a4c89a2e6f080380e10a25956296d1513fdf9a3ae03635040fc81,exp06_a_hybrid_state_causal_handoff,A006,continuity_recovery,EN,compressed,2,grok_4_20_non_reasoning,3,4.923076923076923,0.1332346775052983,5.0,4.666666666666667,5.0,5.0,5.0,5.0,4.666666666666667,4.666666666666667,5.0,5.0,5.0,1.0,1.0
540953ebea671cd406fe6f9a3160b724f21c74ea78d090a2673bde87d3f84fef,exp06_a_hybrid_state_causal_handoff,A005,continuity_recovery,ZH,compressed,3,azure_gpt_5_5_instant,3,4.923076923076923,0.0769230769230771,5.0,5.0,5.0,5.0,5.0,5.0,5.0,5.0,4.333333333333333,5.0,5.0,1.3333333333333333,1.0
5482599e8eb207bf7c53a3e25a0ef0ac2be1afb9668f0cdba0a850ab3ad5a5f2,exp06_a_hybrid_state_causal_handoff,A005,continuity_recovery,EN,hybrid_state,1,azure_gpt_5_5_instant,3,5.0,0.0,5.0,5.0,5.0,5.0,5.0,5.0,5.0,5.0,5.0,5.0,5.0,1.0,1.0
549c9a422d4035ef85d4a20c9194a0486234a209f66662905d701d10dc15fc13,exp06_a_hybrid_state_causal_handoff,A012,continuity_recovery,EN,hybrid_state,1,azure_gpt_5_5_instant,3,4.17948717948718,0.24727309643571693,4.0,4.666666666666667,4.0,3.6666666666666665,4.333333333333333,4.333333333333333,4.0,4.0,4.666666666666667,4.333333333333333,4.666666666666667,2.0,2.3333333333333335
54a06472a47c3014630002d4136d704d1dea985d19ab79922a3f376424c2a123,exp06_a_hybrid_state_causal_handoff,A001,handoff_state,ZH,hybrid_state,2,qwen3_next_80b_instruct,3,4.846153846153846,0.2664693550105966,5.0,4.666666666666667,5.0,4.666666666666667,5.0,5.0,4.666666666666667,4.666666666666667,5.0,5.0,5.0,1.3333333333333333,1.3333333333333333
54d27a32d1d61a00c33f52c96950862e2cd52a0d6b81122e687e27aa17ecd3c6,exp06_a_hybrid_state_causal_handoff,A008,causal_claim,ZH,hybrid_state,3,gemini_3_1_pro_preview,3,1.2307692307692306,0.2035193316203531,1.3333333333333333,1.0,1.0,1.0,1.3333333333333333,1.0,1.3333333333333333,1.0,2.3333333333333335,1.0,1.6666666666666667,5.0,5.0
553b0006839dabd41ea8533d8d495cf10be1eb8a659a21d4bbcb295c3bea716a,exp06_a_hybrid_state_causal_handoff,A006,continuity_recovery,EN,hybrid_state,3,qwen3_next_80b_instruct,3,4.897435897435897,0.0888231183368657,5.0,4.333333333333333,5.0,5.0,5.0,5.0,5.0,5.0,5.0,5.0,5.0,1.6666666666666667,1.0
55de70ec4b193319110223308522f8214bca0823c60683757ededf94e6e22700,exp06_a_hybrid_state_causal_handoff,A010,auditability,EN,compressed,1,qwen3_next_80b_instruct,3,4.82051282051282,0.24727309643571693,5.0,4.666666666666667,4.333333333333333,5.0,5.0,4.666666666666667,5.0,4.666666666666667,5.0,4.666666666666667,5.0,1.3333333333333333,1.0
5624cab67fa247809506c25a5858f7480f2b94b1b58062b664858fa25b07ac0d,exp06_b_zh_tokenizer_ablation,B002,zh_tokenizer_ablation,ES_LITERAL,compressed,2,qwen3_next_80b_instruct,3,4.871794871794872,0.16012815380508708,5.0,5.0,5.0,4.666666666666667,5.0,4.666666666666667,4.333333333333333,5.0,4.666666666666667,5.0,5.0,1.0,1.0
5625464a816680d9d6a01e8569940b2f203e012a94cd05c1bcb994c4cdd1683f,exp06_b_zh_tokenizer_ablation,B009,zh_tokenizer_ablation,ES_LITERAL,compressed,3,gemini_3_1_pro_preview,3,2.7692307692307687,1.057517468066732,3.3333333333333335,2.3333333333333335,2.3333333333333335,1.6666666666666667,2.6666666666666665,2.3333333333333335,3.0,2.3333333333333335,4.333333333333333,3.3333333333333335,3.3333333333333335,3.3333333333333335,3.6666666666666665
567dadd4eb1732724a9d24eb3f0e3b33a05b294415d50bdffb4c54e9eee6a0ad,exp06_b_zh_tokenizer_ablation,B009,zh_tokenizer_ablation,ZH,hybrid_state,3,grok_4_20_non_reasoning,3,4.717948717948718,0.3635242789425084,5.0,4.333333333333333,4.333333333333333,4.666666666666667,5.0,5.0,5.0,4.666666666666667,3.6666666666666665,5.0,4.666666666666667,1.0,1.0
569b5a550f65bf4d31ea62c27a584c0212bed076150c4d40d7fb042292276b17,exp06_a_hybrid_state_causal_handoff,A002,handoff_state,ZH,compressed,2,azure_gpt_5_5_instant,3,4.948717948717949,0.0444115591684326,5.0,5.0,5.0,5.0,5.0,5.0,5.0,5.0,4.333333333333333,5.0,5.0,1.0,1.0
56b45f44510f849f4af6800342cb93574b8a727a7437a7a08392cc3869230a84,exp06_a_hybrid_state_causal_handoff,A005,continuity_recovery,EN,hybrid_state,1,gemini_3_1_pro_preview,3,1.9487179487179487,0.37945252787048056,1.6666666666666667,2.3333333333333335,1.3333333333333333,1.0,1.6666666666666667,1.6666666666666667,1.0,1.3333333333333333,4.333333333333333,1.6666666666666667,4.333333333333333,4.0,5.0
56d625b828f7f42acba8c298db4eb474c825c0677c22941fa46556e3aacdabdd,exp06_a_hybrid_state_causal_handoff,A008,causal_claim,ES,hybrid_state,2,qwen3_next_80b_instruct,3,4.512820512820513,0.4636702902570546,4.666666666666667,4.0,4.333333333333333,4.0,5.0,4.666666666666667,4.666666666666667,4.666666666666667,5.0,4.666666666666667,4.666666666666667,2.0,1.6666666666666667
56d86170e84202c3b14ff4daf9d4f10abfa84ceedb9596ab23b0fe92677a43bd,exp06_a_hybrid_state_causal_handoff,A008,causal_claim,ZH,compressed,2,grok_4_20_non_reasoning,3,4.871794871794872,0.16012815380508708,5.0,5.0,4.666666666666667,4.666666666666667,5.0,5.0,4.666666666666667,5.0,5.0,5.0,5.0,1.3333333333333333,1.3333333333333333
571d36d3026a2b4e59ce8120f30391e0ccb96b1c94b5d04538e4254950de3bfc,exp06_b_zh_tokenizer_ablation,B002,zh_tokenizer_ablation,EN_LITERAL,hybrid_state,2,gemini_3_1_pro_preview,3,1.5128205128205128,0.394738572265145,1.6666666666666667,1.6666666666666667,1.0,1.0,1.3333333333333333,1.3333333333333333,1.0,1.0,3.3333333333333335,1.3333333333333333,2.3333333333333335,4.666666666666667,4.666666666666667
57618988a3660398a7020a8227e9ec3573034d11c2985ab2447376c05a65e9bf,exp06_b_zh_tokenizer_ablation,B005,zh_tokenizer_ablation,ES_LITERAL,compressed,1,grok_4_20_non_reasoning,3,4.487179487179487,0.8882311833686549,4.333333333333333,5.0,4.666666666666667,4.666666666666667,4.0,4.666666666666667,4.0,4.333333333333333,5.0,4.666666666666667,4.666666666666667,1.6666666666666667,2.0
5792ab13d19db190b37ef74186c35a57bb96dbb321d7392d31214ed2c9643876,exp06_b_zh_tokenizer_ablation,B008,zh_tokenizer_ablation,ES_LITERAL,compressed,2,qwen3_next_80b_instruct,3,4.897435897435897,0.0888231183368657,5.0,5.0,4.666666666666667,4.666666666666667,5.0,5.0,5.0,4.666666666666667,5.0,5.0,5.0,1.0,1.3333333333333333
57df2d39dbc5e1178862262717de49e5f2561e1efce3b422eb5078480aaab701,exp06_b_zh_tokenizer_ablation,B006,zh_tokenizer_ablation,ES_LITERAL,compressed,1,qwen3_next_80b_instruct,3,4.615384615384616,0.42828956637154,4.666666666666667,4.0,4.666666666666667,4.333333333333333,5.0,4.666666666666667,4.666666666666667,4.666666666666667,5.0,5.0,5.0,2.0,1.6666666666666667
5842d7cacef76abeca37fc29c103bd8855c55eca1ebc0fa9fc1299d14e7f293d,exp06_b_zh_tokenizer_ablation,B007,zh_tokenizer_ablation,ZH_PINYIN,hybrid_state,3,grok_4_20_non_reasoning,3,4.384615384615384,0.5547001962252291,4.333333333333333,3.6666666666666665,4.333333333333333,4.333333333333333,5.0,4.333333333333333,4.333333333333333,4.333333333333333,5.0,4.666666666666667,4.333333333333333,2.0,1.6666666666666667
586ac19d7b617f000bedc80e4484bca946c510264b56fa6fc32bbb0f35d21bf4,exp06_a_hybrid_state_causal_handoff,A010,auditability,ZH,hybrid_state,1,qwen3_next_80b_instruct,3,4.666666666666667,0.4507280982371009,4.666666666666667,4.333333333333333,4.666666666666667,4.666666666666667,4.666666666666667,5.0,4.666666666666667,4.666666666666667,5.0,4.666666666666667,4.666666666666667,1.6666666666666667,1.3333333333333333
587d1d8363b0a1e7e20d02229c0ced3c1ab1d4e25d3cfe776240f92685d964bb,exp06_a_hybrid_state_causal_handoff,A006,continuity_recovery,ES,hybrid_state,3,grok_4_20_non_reasoning,3,4.564102564102564,0.4636702902570546,4.666666666666667,4.0,4.666666666666667,4.666666666666667,5.0,4.666666666666667,4.333333333333333,4.333333333333333,5.0,4.666666666666667,4.666666666666667,2.0,1.3333333333333333
58cdf9ab21565664759f0e00d828c665eb157b3267c4be42a0890867edf938d4,exp06_a_hybrid_state_causal_handoff,A002,handoff_state,EN,compressed,2,grok_4_20_non_reasoning,3,5.0,0.0,5.0,5.0,5.0,5.0,5.0,5.0,5.0,5.0,5.0,5.0,5.0,1.0,1.0
591fa2fcf65016d16d167118d3a223ca44649b415a30ca7e478b5804102a0490,exp06_a_hybrid_state_causal_handoff,A004,continuity_recovery,ZH,hybrid_state,2,gemini_3_1_pro_preview,3,1.846153846153846,0.3076923076923076,2.0,2.0,1.3333333333333333,1.0,1.3333333333333333,1.6666666666666667,1.0,1.3333333333333333,4.666666666666667,1.6666666666666667,3.3333333333333335,4.333333333333333,5.0
594939e0d53e20d52976236ae05af2b5829c6de9acb2472eb7c6b0211f54d447,exp06_a_hybrid_state_causal_handoff,A006,continuity_recovery,ES,compressed,1,grok_4_20_non_reasoning,3,5.0,0.0,5.0,5.0,5.0,5.0,5.0,5.0,5.0,5.0,5.0,5.0,5.0,1.0,1.0
595953fc2524833169091973623e9ac5bc2b99d946086ccde9f174f7dc4bd08d,exp06_a_hybrid_state_causal_handoff,A001,handoff_state,ES,compressed,3,qwen3_next_80b_instruct,3,4.897435897435898,0.1776462366737309,5.0,5.0,5.0,5.0,4.666666666666667,5.0,4.666666666666667,5.0,5.0,5.0,5.0,1.3333333333333333,1.3333333333333333
595bd4a1b58ab9fe5e49a8811090e027fecbecd006a4b1e509afa2958b24f63f,exp06_b_zh_tokenizer_ablation,B006,zh_tokenizer_ablation,ZH,compressed,2,grok_4_20_non_reasoning,3,4.58974358974359,0.47000776358521457,4.666666666666667,4.666666666666667,4.333333333333333,4.333333333333333,4.666666666666667,4.666666666666667,4.0,4.666666666666667,5.0,4.666666666666667,5.0,1.3333333333333333,1.6666666666666667
596e8073857cbbd1c4fee15119b19bd23cb8dedf0c9554631447c88c3ab6d165,exp06_a_hybrid_state_causal_handoff,A009,auditability,ES,hybrid_state,1,grok_4_20_non_reasoning,3,4.846153846153846,0.15384615384615374,5.0,4.333333333333333,5.0,5.0,5.0,5.0,5.0,4.666666666666667,5.0,4.666666666666667,5.0,1.6666666666666667,1.0
597e925f66620091f54d7b288fce49fb180c8be0450ed4205bf09d88ecb5beb2,exp06_b_zh_tokenizer_ablation,B008,zh_tokenizer_ablation,ZH,compressed,2,gemini_3_1_pro_preview,3,1.8974358974358976,0.11750194089630364,2.0,3.0,1.0,1.0,1.0,1.0,1.0,1.0,4.666666666666667,1.6666666666666667,4.333333333333333,4.0,5.0
59d14a1894fcf31d5ac9afc2cdbbb98ba096f7f6e4718c413af9ef5b22945260,exp06_a_hybrid_state_causal_handoff,A012,continuity_recovery,ES,compressed,1,qwen3_next_80b_instruct,3,4.0256410256410255,0.8981681993916407,4.0,4.333333333333333,4.333333333333333,3.3333333333333335,3.6666666666666665,4.333333333333333,3.3333333333333335,4.0,5.0,4.0,5.0,2.3333333333333335,2.6666666666666665
59e380354bc9b5491886d750b5d4c61e83b2f016b50f953523533ba8dbe5c7e6,exp06_a_hybrid_state_causal_handoff,A010,auditability,ZH,hybrid_state,1,azure_gpt_5_5_instant,3,4.641025641025641,0.3108809141790292,4.333333333333333,4.333333333333333,4.333333333333333,3.6666666666666665,5.0,5.0,5.0,5.0,5.0,5.0,4.666666666666667,1.6666666666666667,1.3333333333333333
59f99f9624d1db4f3ab8ddf40efbc90f976f967b8e9dcdd0f971b4d61f3e025a,exp06_a_hybrid_state_causal_handoff,A006,continuity_recovery,ZH,hybrid_state,1,azure_gpt_5_5_instant,3,4.948717948717949,0.0444115591684326,5.0,4.666666666666667,5.0,5.0,5.0,5.0,5.0,5.0,4.666666666666667,5.0,5.0,1.0,1.0
5a0edc23dc445d7de857095f8f2fd4d49f1189043d23886274f19729c58f5129,exp06_a_hybrid_state_causal_handoff,A008,causal_claim,ES,hybrid_state,3,grok_4_20_non_reasoning,3,4.0,1.0,4.0,3.6666666666666665,3.6666666666666665,3.0,4.666666666666667,4.0,4.333333333333333,4.0,5.0,4.666666666666667,4.333333333333333,2.6666666666666665,2.6666666666666665
5a1250e22d87c86f77edc25b490615c417461d0177ad0356eb4f09b5b2841ec9,exp06_a_hybrid_state_causal_handoff,A006,continuity_recovery,ES,hybrid_state,1,qwen3_next_80b_instruct,3,4.384615384615384,0.5384615384615384,4.333333333333333,3.6666666666666665,4.0,4.333333333333333,5.0,4.666666666666667,4.333333333333333,4.333333333333333,5.0,4.333333333333333,4.666666666666667,2.0,1.6666666666666667
5a6bd9e008b1b6ebfb06f083bab8e2e5aa81be19d1730a7a738fadb7ece38912,exp06_a_hybrid_state_causal_handoff,A008,causal_claim,EN,compressed,3,qwen3_next_80b_instruct,3,4.153846153846154,0.2035193316203534,4.0,4.333333333333333,4.333333333333333,3.6666666666666665,4.0,4.333333333333333,4.0,4.0,4.666666666666667,4.333333333333333,4.666666666666667,2.0,2.3333333333333335
5a8a1efefbae3ef7a4815fc71fe367c7568a63a596ad821130767291b57b74fc,exp06_a_hybrid_state_causal_handoff,A010,auditability,ES,hybrid_state,3,gemini_3_1_pro_preview,3,1.5384615384615383,0.3846153846153847,1.3333333333333333,2.0,1.3333333333333333,1.0,1.0,1.0,1.0,1.0,3.3333333333333335,1.3333333333333333,3.3333333333333335,4.666666666666667,5.0
5b26d56544eb13358684a94cd740d2006069527981b3dc14c4f87697ed1530d4,exp06_a_hybrid_state_causal_handoff,A005,continuity_recovery,EN,compressed,1,grok_4_20_non_reasoning,3,4.641025641025641,0.5564752413900181,4.666666666666667,4.333333333333333,4.666666666666667,4.666666666666667,4.666666666666667,4.666666666666667,4.666666666666667,4.666666666666667,4.666666666666667,4.666666666666667,4.666666666666667,1.3333333333333333,1.3333333333333333
5b369003f2586d4c42a7014cdfad72ff77e72c515b84144efbf988713de6142f,exp06_a_hybrid_state_causal_handoff,A012,continuity_recovery,ES,hybrid_state,1,azure_gpt_5_5_instant,3,4.743589743589744,0.3794525278704807,4.666666666666667,4.666666666666667,4.666666666666667,4.333333333333333,5.0,4.666666666666667,4.666666666666667,4.666666666666667,5.0,5.0,5.0,1.3333333333333333,1.3333333333333333
5b845d914f170f212b0d585cbd30dafb0c7260d635c5875a2f5d3305e8dc5bde,exp06_b_zh_tokenizer_ablation,B008,zh_tokenizer_ablation,ZH_PINYIN,hybrid_state,1,grok_4_20_non_reasoning,3,4.743589743589744,0.44411559168432746,4.666666666666667,4.333333333333333,4.666666666666667,4.666666666666667,5.0,4.666666666666667,4.666666666666667,4.666666666666667,5.0,5.0,5.0,1.3333333333333333,1.3333333333333333
5b84f3f444713630d3992fa3ca77198659b190c6c1e31278ce29652a112917b2,exp06_b_zh_tokenizer_ablation,B004,zh_tokenizer_ablation,ZH,hybrid_state,2,gemini_3_1_pro_preview,3,2.2564102564102564,0.6979824404521128,2.0,3.3333333333333335,1.6666666666666667,1.3333333333333333,2.0,2.0,1.3333333333333333,1.6666666666666667,5.0,2.0,3.6666666666666665,4.0,4.666666666666667
5bc728ee459c39a9fa02b6b36d59faa91002d865ab36e16c3c2aa5f0537b1aaf,exp06_b_zh_tokenizer_ablation,B003,zh_tokenizer_ablation,ZH_PINYIN,hybrid_state,2,gemini_3_1_pro_preview,3,2.2307692307692304,0.4282895663715402,2.0,2.6666666666666665,1.6666666666666667,1.3333333333333333,2.0,1.3333333333333333,1.6666666666666667,1.6666666666666667,5.0,1.6666666666666667,4.666666666666667,4.0,4.666666666666667
5bff162e08a02f71f129c59146f8e20f6c469bf397688c1c2edc31bb4ba7e05a,exp06_a_hybrid_state_causal_handoff,A012,continuity_recovery,EN,compressed,3,gemini_3_1_pro_preview,3,1.8205128205128205,0.3202563076101744,1.6666666666666667,2.6666666666666665,1.0,1.0,1.3333333333333333,1.0,1.0,1.0,4.0,1.6666666666666667,5.0,4.666666666666667,5.0
5c99889d2e1b3b136f5a8983c30859fcdda04fbcbd40ec50ab126b3adce165b1,exp06_b_zh_tokenizer_ablation,B009,zh_tokenizer_ablation,ZH,hybrid_state,2,gemini_3_1_pro_preview,3,1.6666666666666667,0.42365927286816174,1.0,1.0,1.0,1.0,2.3333333333333335,1.6666666666666667,1.3333333333333333,1.3333333333333333,3.3333333333333335,2.0,3.6666666666666665,5.0,5.0
5ced0ca3dd58b7f3d30517bf72a853e72e037b53cd80f6cabc97bb4dde5de39c,exp06_a_hybrid_state_causal_handoff,A009,auditability,ZH,compressed,3,grok_4_20_non_reasoning,3,4.923076923076923,0.1332346775052983,5.0,5.0,5.0,4.666666666666667,5.0,5.0,5.0,5.0,5.0,5.0,5.0,1.3333333333333333,1.3333333333333333
5d405b875c4c60fcd4bc4188beb2b77f34a45ca9fa2f816af53b0cafe99381fb,exp06_a_hybrid_state_causal_handoff,A005,continuity_recovery,EN,compressed,1,gemini_3_1_pro_preview,3,1.8205128205128205,0.04441155916843285,2.0,2.3333333333333335,1.0,1.0,1.0,1.0,1.0,1.0,5.0,1.3333333333333333,4.666666666666667,4.666666666666667,5.0
5d52ee124acfd73cf0c7e3aca834e8a5de28329754bc494e77448717bb831c59,exp06_a_hybrid_state_causal_handoff,A002,handoff_state,ES,hybrid_state,1,qwen3_next_80b_instruct,3,4.641025641025641,0.4945461928714337,4.666666666666667,4.0,4.666666666666667,4.666666666666667,5.0,4.666666666666667,4.666666666666667,4.666666666666667,5.0,5.0,4.666666666666667,2.0,1.3333333333333333
5d7dcdcb1efac0a686c1cd6ecdfa81c3d7997af4d794c23540c9e8892c5685a2,exp06_b_zh_tokenizer_ablation,B006,zh_tokenizer_ablation,EN_LITERAL,hybrid_state,1,qwen3_next_80b_instruct,3,4.435897435897436,0.5773502691896257,4.333333333333333,3.3333333333333335,4.666666666666667,4.666666666666667,5.0,5.0,4.333333333333333,4.666666666666667,5.0,5.0,3.6666666666666665,2.3333333333333335,1.6666666666666667
5dc87619a4009836640ffc638c24dffad2a633550d39edd5b00d9bf6b56a35b3,exp06_a_hybrid_state_causal_handoff,A012,continuity_recovery,ZH,hybrid_state,3,azure_gpt_5_5_instant,3,4.717948717948718,0.24727309643571693,4.666666666666667,4.333333333333333,5.0,4.666666666666667,4.666666666666667,5.0,4.666666666666667,5.0,5.0,5.0,4.666666666666667,1.6666666666666667,1.6666666666666667
5dddee9bb50acc134f4f579b9c577c2fa10f898807b3f5d6b6d7cd49b85c2a3e,exp06_b_zh_tokenizer_ablation,B006,zh_tokenizer_ablation,ZH,hybrid_state,3,gemini_3_1_pro_preview,3,1.8205128205128205,0.19358549834027564,1.0,1.6666666666666667,1.0,1.0,2.0,2.0,1.6666666666666667,1.3333333333333333,4.333333333333333,1.6666666666666667,3.6666666666666665,4.666666666666667,5.0
5de3d6f8276401cc1e124b68fa4afda285e6b07dff8c90456d3ff0bea7a1ebea,exp06_b_zh_tokenizer_ablation,B006,zh_tokenizer_ablation,ZH,hybrid_state,2,qwen3_next_80b_instruct,3,4.205128205128205,0.8508030781044646,4.333333333333333,3.3333333333333335,4.333333333333333,4.0,5.0,4.666666666666667,4.333333333333333,4.333333333333333,5.0,4.666666666666667,3.6666666666666665,2.6666666666666665,2.3333333333333335
5de97eafcf0ac2a6f88d6f96633b47375c200fb0ccd95b5fd5d600126315ddfa,exp06_b_zh_tokenizer_ablation,B009,zh_tokenizer_ablation,ZH_PINYIN,hybrid_state,2,grok_4_20_non_reasoning,3,4.538461538461538,0.39970403251589487,4.333333333333333,3.6666666666666665,4.0,4.333333333333333,5.0,5.0,4.666666666666667,5.0,5.0,5.0,4.666666666666667,2.0,1.6666666666666667
5e1375985b3aedb70199de8021003aa6e2621b312e99370256e6307ddb094b84,exp06_a_hybrid_state_causal_handoff,A007,causal_claim,ZH,compressed,1,qwen3_next_80b_instruct,3,4.6923076923076925,0.3076923076923075,4.666666666666667,4.666666666666667,5.0,4.333333333333333,4.333333333333333,5.0,4.333333333333333,4.666666666666667,5.0,5.0,5.0,1.3333333333333333,1.6666666666666667
5e7d71be3ec0b45441806a20f54122dc42334e9922aa70e33f71ba16b09e00c3,exp06_a_hybrid_state_causal_handoff,A007,causal_claim,ZH,hybrid_state,3,qwen3_next_80b_instruct,3,4.461538461538462,0.5384615384615385,4.666666666666667,3.6666666666666665,4.666666666666667,4.0,4.666666666666667,4.666666666666667,4.333333333333333,4.333333333333333,5.0,4.666666666666667,4.666666666666667,1.6666666666666667,1.6666666666666667
5e8d58cfee16272b4cff47ec00d883088bb6192515984eac997932553086e82c,exp06_b_zh_tokenizer_ablation,B009,zh_tokenizer_ablation,ZH_PINYIN,hybrid_state,2,gemini_3_1_pro_preview,3,1.4102564102564104,0.38717099668055127,1.3333333333333333,1.3333333333333333,1.0,1.0,1.3333333333333333,1.3333333333333333,1.3333333333333333,1.0,3.3333333333333335,1.0,2.0,4.666666666666667,5.0
5ebb762151da1bf8d802f6b1ce058a45dcb9fc254e9cf5d68fba1e93b339bde3,exp06_b_zh_tokenizer_ablation,B009,zh_tokenizer_ablation,ZH_PINYIN,compressed,3,qwen3_next_80b_instruct,3,2.743589743589744,1.0039370231000972,2.3333333333333335,3.0,2.3333333333333335,2.6666666666666665,2.6666666666666665,3.0,2.3333333333333335,3.0,4.666666666666667,3.0,1.6666666666666667,3.3333333333333335,3.6666666666666665
5ef0e7a1d73f4821fa2f24ca659827781a48c1cfd8c5b6455279259c17dc708a,exp06_a_hybrid_state_causal_handoff,A002,handoff_state,ZH,compressed,1,gemini_3_1_pro_preview,3,2.128205128205128,0.5402899360437302,2.3333333333333335,2.6666666666666665,1.6666666666666667,1.6666666666666667,2.0,2.0,1.6666666666666667,1.3333333333333333,4.333333333333333,1.6666666666666667,2.3333333333333335,3.6666666666666665,4.333333333333333
5f410160a9c4bc06a59a0c1f0ea98fa6fbdb380b593222b2c8125da329a55439,exp06_a_hybrid_state_causal_handoff,A009,auditability,EN,compressed,3,qwen3_next_80b_instruct,3,4.743589743589744,0.44411559168432746,4.666666666666667,5.0,4.666666666666667,4.666666666666667,4.666666666666667,4.666666666666667,4.666666666666667,4.666666666666667,5.0,5.0,5.0,1.6666666666666667,1.3333333333333333
5f511fd1a4726eb401fbafadac7c1a06ffcf543b2a7d763e864fa4316a24e665,exp06_a_hybrid_state_causal_handoff,A007,causal_claim,ZH,compressed,1,gemini_3_1_pro_preview,3,2.7179487179487176,0.3794525278704805,2.3333333333333335,3.6666666666666665,2.3333333333333335,1.6666666666666667,2.3333333333333335,2.3333333333333335,2.0,2.3333333333333335,5.0,2.0,5.0,3.3333333333333335,4.333333333333333
5f66ca9406a5605b1b6314fe8488aa6bed67838b9e79eb913eb9cea6e2540da4,exp06_b_zh_tokenizer_ablation,B003,zh_tokenizer_ablation,ES_LITERAL,hybrid_state,1,grok_4_20_non_reasoning,3,4.897435897435897,0.0888231183368657,5.0,4.333333333333333,5.0,5.0,5.0,5.0,5.0,5.0,5.0,5.0,4.666666666666667,1.3333333333333333,1.0
5fb2bb20c8923ad0cb9583f4147c9352ae8e3ae628ed5f77be306db88c770042,exp06_b_zh_tokenizer_ablation,B003,zh_tokenizer_ablation,ZH,hybrid_state,1,gemini_3_1_pro_preview,3,2.5384615384615383,0.8104349040655952,2.3333333333333335,2.6666666666666665,2.0,1.6666666666666667,2.6666666666666665,2.3333333333333335,2.3333333333333335,2.0,4.666666666666667,2.6666666666666665,3.6666666666666665,3.6666666666666665,4.333333333333333
5fbec513df146e056da910eaeaf54011b4ee2cbed7346a3a84c90199c63f0e37,exp06_a_hybrid_state_causal_handoff,A002,handoff_state,ZH,hybrid_state,2,grok_4_20_non_reasoning,3,4.538461538461538,0.5044183480232308,4.333333333333333,4.0,4.666666666666667,4.333333333333333,4.666666666666667,5.0,4.666666666666667,4.666666666666667,5.0,4.666666666666667,4.666666666666667,2.0,1.6666666666666667
5ff315a8656f6afdc8afcf58ebd6f3701e8cf945ca5bb6e3a1b1f126592597f1,exp06_a_hybrid_state_causal_handoff,A010,auditability,EN,hybrid_state,3,gemini_3_1_pro_preview,3,1.564102564102564,0.08882311833686557,1.3333333333333333,1.6666666666666667,1.0,1.0,1.0,1.3333333333333333,1.0,1.0,3.3333333333333335,1.0,4.333333333333333,4.666666666666667,5.0
6013f94e72836cd8034978281793a6a6710552c53b3f5f31c15515ac33e527e2,exp06_a_hybrid_state_causal_handoff,A010,auditability,EN,hybrid_state,1,qwen3_next_80b_instruct,3,4.487179487179487,0.4507280982371011,4.333333333333333,3.6666666666666665,4.333333333333333,5.0,5.0,4.666666666666667,4.333333333333333,4.333333333333333,5.0,4.666666666666667,4.333333333333333,2.0,1.3333333333333333
6018cf336b39743c1148c7f184e1e0855cc79d493541b85ed0c77b8bf5bc7e24,exp06_b_zh_tokenizer_ablation,B004,zh_tokenizer_ablation,EN_LITERAL,hybrid_state,1,grok_4_20_non_reasoning,3,4.615384615384616,0.5384615384615384,4.666666666666667,4.0,4.666666666666667,5.0,4.666666666666667,4.666666666666667,5.0,4.333333333333333,4.666666666666667,4.333333333333333,5.0,2.0,1.0
603d37279f37bdd88041e319cf9885013e68765b21c355a323d7ff69622da150,exp06_a_hybrid_state_causal_handoff,A004,continuity_recovery,EN,compressed,3,gemini_3_1_pro_preview,3,2.4871794871794872,0.3794525278704805,2.3333333333333335,4.0,2.0,1.3333333333333333,1.3333333333333333,2.3333333333333335,1.3333333333333333,1.3333333333333333,5.0,2.3333333333333335,5.0,3.3333333333333335,4.666666666666667
603dd95c54d2402d20def609386e479cc7820295e7b38975dc34fc8822980c6c,exp06_b_zh_tokenizer_ablation,B008,zh_tokenizer_ablation,EN_LITERAL,compressed,2,qwen3_next_80b_instruct,3,4.897435897435898,0.1776462366737309,5.0,4.666666666666667,5.0,4.666666666666667,5.0,5.0,5.0,4.666666666666667,5.0,5.0,5.0,1.3333333333333333,1.0
604bbb7e2b9ecb6a5130e5f3bb65828c6c7eafadccd0fa9d8a2ab6a789d0c0ff,exp06_b_zh_tokenizer_ablation,B005,zh_tokenizer_ablation,ES_LITERAL,compressed,1,gemini_3_1_pro_preview,3,1.6153846153846152,0.15384615384615385,1.3333333333333333,1.6666666666666667,1.0,1.0,1.0,1.0,1.0,1.0,5.0,1.3333333333333333,3.6666666666666665,5.0,5.0
604bc04e7e7ed4600babc14f5eadaa0e640d41ac0fd44a071bb97b275a1b1ba8,exp06_b_zh_tokenizer_ablation,B010,zh_tokenizer_ablation,ZH,compressed,1,grok_4_20_non_reasoning,3,4.948717948717949,0.0888231183368657,5.0,5.0,5.0,4.666666666666667,5.0,5.0,5.0,5.0,5.0,5.0,5.0,1.0,1.3333333333333333
606c88cdfa282ac811043bf5094001167466c929e40360712cdbcd7a35aaea24,exp06_b_zh_tokenizer_ablation,B009,zh_tokenizer_ablation,ZH,compressed,2,gemini_3_1_pro_preview,3,2.3333333333333335,0.43740313100594824,1.6666666666666667,3.3333333333333335,1.6666666666666667,1.3333333333333333,1.6666666666666667,2.0,1.6666666666666667,1.6666666666666667,5.0,1.6666666666666667,5.0,3.6666666666666665,4.666666666666667
6085fb7c35b634a28974caef4ba917cfbbcdb23ea26aa8720b9c7c2b59dd8b73,exp06_a_hybrid_state_causal_handoff,A001,handoff_state,ES,compressed,1,grok_4_20_non_reasoning,3,4.897435897435898,0.1776462366737309,5.0,5.0,5.0,5.0,4.666666666666667,5.0,4.666666666666667,5.0,5.0,5.0,5.0,1.3333333333333333,1.3333333333333333
60a295f600b5adbecbcf5f174a20c6fddab8b055994cb055616a4cdffd4c641f,exp06_b_zh_tokenizer_ablation,B009,zh_tokenizer_ablation,ZH,hybrid_state,1,grok_4_20_non_reasoning,3,2.8205128205128207,0.770511753913678,2.6666666666666665,2.0,1.3333333333333333,2.0,4.333333333333333,3.0,3.6666666666666665,2.3333333333333335,4.333333333333333,3.3333333333333335,3.6666666666666665,4.0,4.0
60cf089fbca0c13883e6b4fc69a537bada917dec19e2977f3a940164adf97d0a,exp06_a_hybrid_state_causal_handoff,A011,handoff_state,ES,hybrid_state,2,qwen3_next_80b_instruct,3,4.538461538461538,0.5547001962252293,4.666666666666667,4.0,4.666666666666667,4.666666666666667,5.0,4.666666666666667,4.333333333333333,4.666666666666667,5.0,4.666666666666667,4.333333333333333,2.0,1.6666666666666667
60e71d4b0337716c78ba08a457bd60898c0448463512e0e6d2cfb1178de10733,exp06_a_hybrid_state_causal_handoff,A011,handoff_state,ES,compressed,3,qwen3_next_80b_instruct,3,4.205128205128205,0.8508030781044646,4.666666666666667,4.333333333333333,4.333333333333333,4.0,4.0,4.666666666666667,3.6666666666666665,4.0,5.0,4.666666666666667,4.0,2.3333333333333335,2.3333333333333335
613e525c168c16db8ae47a7f68c745eddd9465ceedbd6559ec29640a071222e2,exp06_a_hybrid_state_causal_handoff,A003,handoff_state,ZH,compressed,2,qwen3_next_80b_instruct,3,4.871794871794871,0.22205779584216398,5.0,5.0,4.666666666666667,4.666666666666667,5.0,4.666666666666667,4.666666666666667,5.0,5.0,5.0,5.0,1.0,1.3333333333333333
61566208d54736c882d36b4e17e5f11665bbd6c6bb157c8dd189752b913f8b16,exp06_a_hybrid_state_causal_handoff,A008,causal_claim,EN,hybrid_state,2,qwen3_next_80b_instruct,3,4.102564102564102,0.39473857226514486,4.333333333333333,3.3333333333333335,4.0,3.6666666666666665,4.666666666666667,4.0,4.0,4.333333333333333,4.666666666666667,4.666666666666667,4.333333333333333,2.6666666666666665,2.0
6196cd3f66b0a3732b8f848eea2e0fa7049c2bdf85c4ee7b185a40e9ff92e472,exp06_a_hybrid_state_causal_handoff,A010,auditability,EN,compressed,1,grok_4_20_non_reasoning,3,4.641025641025641,0.34686536560176123,4.333333333333333,4.666666666666667,4.333333333333333,4.333333333333333,4.666666666666667,5.0,4.333333333333333,4.666666666666667,5.0,5.0,5.0,1.3333333333333333,1.6666666666666667
619dd4cef8350ebe49baf4e54d974fb31d712d281d5e12c2bd917453fde7a84b,exp06_a_hybrid_state_causal_handoff,A012,continuity_recovery,ZH,compressed,2,grok_4_20_non_reasoning,3,4.461538461538462,0.4679048100229399,4.333333333333333,4.333333333333333,4.333333333333333,4.333333333333333,4.333333333333333,4.666666666666667,4.333333333333333,4.333333333333333,5.0,4.666666666666667,5.0,1.6666666666666667,2.0
61a08e5425a8b013381e5cd31ba6405a63b7b5e5421b3059653b45650d1dcdc4,exp06_b_zh_tokenizer_ablation,B008,zh_tokenizer_ablation,EN_LITERAL,compressed,1,qwen3_next_80b_instruct,3,4.769230769230769,0.23076923076923084,4.666666666666667,5.0,4.666666666666667,4.333333333333333,5.0,4.666666666666667,4.666666666666667,5.0,4.666666666666667,5.0,5.0,1.3333333333333333,1.3333333333333333
61c065ce791301805352d9fddbdb05122fd721f7cd22b264601faa993fddb244,exp06_b_zh_tokenizer_ablation,B002,zh_tokenizer_ablation,ES_LITERAL,compressed,3,qwen3_next_80b_instruct,3,5.0,0.0,5.0,5.0,5.0,5.0,5.0,5.0,5.0,5.0,5.0,5.0,5.0,1.0,1.0
62028090875344d121d0dfa49489061bbc6c193dd0aa3e98b42da187ddbd93f0,exp06_b_zh_tokenizer_ablation,B007,zh_tokenizer_ablation,ZH,compressed,3,qwen3_next_80b_instruct,3,4.3076923076923075,0.6007884366082042,4.333333333333333,3.6666666666666665,4.333333333333333,4.333333333333333,4.0,4.333333333333333,4.0,4.333333333333333,5.0,4.333333333333333,5.0,2.0,1.6666666666666667
6203bc6549a6058b8d23fe39ef136fc2086f29aee30f8fe05b28cacac6ca2813,exp06_b_zh_tokenizer_ablation,B010,zh_tokenizer_ablation,ES_LITERAL,hybrid_state,3,grok_4_20_non_reasoning,3,4.6923076923076925,0.2773500981126146,4.666666666666667,4.0,5.0,4.666666666666667,5.0,5.0,4.666666666666667,5.0,5.0,5.0,4.333333333333333,1.6666666666666667,1.6666666666666667
62b026563651c8fdd9295c633ead745dc092f21709ecd6cbd6c0f53ffa1b1c53,exp06_b_zh_tokenizer_ablation,B009,zh_tokenizer_ablation,ZH,hybrid_state,1,qwen3_next_80b_instruct,3,3.5128205128205128,1.4622130696803335,3.6666666666666665,2.6666666666666665,2.6666666666666665,2.6666666666666665,4.333333333333333,3.6666666666666665,3.6666666666666665,3.6666666666666665,5.0,4.0,3.6666666666666665,3.3333333333333335,2.6666666666666665
62b92df9b883af3f6068168c7042a5d6f764fc35897b0b60d0bf8fc25cc335c0,exp06_a_hybrid_state_causal_handoff,A002,handoff_state,EN,compressed,3,grok_4_20_non_reasoning,3,4.9743589743589745,0.0444115591684326,5.0,4.666666666666667,5.0,5.0,5.0,5.0,5.0,5.0,5.0,5.0,5.0,1.0,1.0
62e0a3e0d458cbe06d3b9b957b30c0bcf6e29cfeb51b089edd3d88645c8ab38a,exp06_b_zh_tokenizer_ablation,B004,zh_tokenizer_ablation,ES_LITERAL,hybrid_state,2,gemini_3_1_pro_preview,3,1.948717948717949,0.1776462366737309,1.0,2.3333333333333335,1.6666666666666667,1.0,2.0,1.6666666666666667,1.0,1.3333333333333333,5.0,1.6666666666666667,4.0,4.333333333333333,5.0
630e413285219aeee853848c4ac12567e866b777d4e59f234cb6780be663bcc8,exp06_b_zh_tokenizer_ablation,B004,zh_tokenizer_ablation,ZH_PINYIN,hybrid_state,2,grok_4_20_non_reasoning,3,4.256410256410256,0.8152878510556228,4.0,4.0,4.333333333333333,4.333333333333333,4.333333333333333,4.333333333333333,4.333333333333333,4.0,5.0,4.666666666666667,4.333333333333333,2.6666666666666665,1.6666666666666667
63305d3a4e2576bd60829eacf3b93db9fc2be98de19bbb867cee5e03d5af717e,exp06_a_hybrid_state_causal_handoff,A007,causal_claim,EN,hybrid_state,1,azure_gpt_5_5_instant,3,4.58974358974359,0.38717099668055127,4.333333333333333,4.666666666666667,4.666666666666667,4.0,5.0,4.666666666666667,4.666666666666667,4.666666666666667,4.666666666666667,4.666666666666667,5.0,1.6666666666666667,1.6666666666666667
63429a4b449cfc3e764968729e726c7db9b4494556623581d584dc531f2ace91,exp06_b_zh_tokenizer_ablation,B004,zh_tokenizer_ablation,ZH_PINYIN,compressed,3,gemini_3_1_pro_preview,3,2.0512820512820515,0.36352427894250844,2.0,1.6666666666666667,1.6666666666666667,1.3333333333333333,2.0,1.3333333333333333,1.6666666666666667,1.3333333333333333,4.666666666666667,2.0,3.6666666666666665,4.333333333333333,4.333333333333333
6378ce60741b3da853a90ba847add3db54e1422e332293aade388a832a1599ff,exp06_a_hybrid_state_causal_handoff,A011,handoff_state,ES,compressed,2,qwen3_next_80b_instruct,3,4.076923076923077,0.8140773264814124,4.333333333333333,4.333333333333333,4.0,4.0,3.6666666666666665,4.333333333333333,4.0,4.0,5.0,4.333333333333333,4.333333333333333,2.6666666666666665,2.6666666666666665
638c597dbf2993cf96c2a7f378ca507b528f9d89529fb0c4e08b3926747825ec,exp06_b_zh_tokenizer_ablation,B007,zh_tokenizer_ablation,EN_LITERAL,hybrid_state,3,grok_4_20_non_reasoning,3,3.8461538461538463,1.312209393017845,4.0,3.3333333333333335,3.6666666666666665,3.3333333333333335,4.333333333333333,4.0,4.0,3.3333333333333335,3.6666666666666665,3.6666666666666665,5.0,2.3333333333333335,2.0
63a0aee877c3f66c4ce7efbd90bfc03286b1f4b647e57c4bdaadb5c428a38478,exp06_b_zh_tokenizer_ablation,B004,zh_tokenizer_ablation,ZH,hybrid_state,3,gemini_3_1_pro_preview,3,1.794871794871795,0.19358549834027564,2.0,2.0,1.3333333333333333,1.0,1.3333333333333333,1.0,1.3333333333333333,1.0,4.666666666666667,1.3333333333333333,3.6666666666666665,4.333333333333333,5.0
63aad5461d778aac13da198591ff222eaf2bd4fb140b94c97290feff20b50d40,exp06_a_hybrid_state_causal_handoff,A010,auditability,ES,compressed,3,azure_gpt_5_5_instant,3,4.871794871794871,0.22205779584216398,5.0,5.0,5.0,5.0,4.666666666666667,5.0,4.666666666666667,5.0,5.0,5.0,4.666666666666667,1.3333333333333333,1.3333333333333333
641b45254b997d413e823c4742839d273223de8c2300160fe1acfb180325e8bc,exp06_b_zh_tokenizer_ablation,B005,zh_tokenizer_ablation,ZH,compressed,3,grok_4_20_non_reasoning,3,4.0256410256410255,0.8577296760860375,4.333333333333333,4.0,4.0,4.333333333333333,4.0,4.0,4.0,4.0,5.0,4.333333333333333,3.0,2.3333333333333335,2.3333333333333335
64338c89c4a48a5280adfa5f6ca40a8556ef5bf665bd8445dd19fe6bd4a769fd,exp06_b_zh_tokenizer_ablation,B002,zh_tokenizer_ablation,ES_LITERAL,compressed,1,qwen3_next_80b_instruct,3,4.794871794871795,0.19358549834027583,5.0,5.0,5.0,4.666666666666667,5.0,4.333333333333333,4.333333333333333,4.333333333333333,5.0,4.666666666666667,5.0,1.0,1.0
643deeaf4aa85d9a89020d8fa4255de261c4aae4500e48e6a1504eceb948b660,exp06_a_hybrid_state_causal_handoff,A006,continuity_recovery,EN,hybrid_state,3,gemini_3_1_pro_preview,3,2.435897435897436,0.04441155916843285,2.0,3.0,2.0,1.3333333333333333,2.3333333333333335,2.6666666666666665,2.0,2.0,4.333333333333333,1.3333333333333333,5.0,4.0,4.333333333333333
6487716ddda8687aeb7895fd5e2ece08a8b81f3b3fb7641763e871aabaf54b9b,exp06_a_hybrid_state_causal_handoff,A009,auditability,EN,hybrid_state,2,gemini_3_1_pro_preview,3,1.6153846153846156,0.3525058226889108,1.0,1.6666666666666667,1.0,1.0,1.3333333333333333,1.0,1.3333333333333333,1.0,3.3333333333333335,1.3333333333333333,4.333333333333333,4.333333333333333,5.0
64878e089a30c89b3af7856bcdfe27ccf54cb88cf0593c4388cc1ab482664044,exp06_b_zh_tokenizer_ablation,B008,zh_tokenizer_ablation,ES_LITERAL,compressed,1,qwen3_next_80b_instruct,3,4.794871794871795,0.23500388179260723,4.666666666666667,5.0,4.666666666666667,4.333333333333333,5.0,5.0,4.666666666666667,4.666666666666667,5.0,5.0,5.0,1.0,1.6666666666666667
649861d43fa121849e202365816b67f46fbfbb85c41e252cdcd9c9543f03e9b6,exp06_b_zh_tokenizer_ablation,B008,zh_tokenizer_ablation,EN_LITERAL,hybrid_state,2,grok_4_20_non_reasoning,3,4.487179487179487,0.42365927286816174,4.666666666666667,4.0,4.666666666666667,4.666666666666667,4.666666666666667,4.666666666666667,4.666666666666667,4.666666666666667,4.666666666666667,4.333333333333333,4.0,2.0,1.3333333333333333
64b10bbdacff565462ff6846b66b32c5fe409e83cf6d6f68089ed7191a33a793,exp06_b_zh_tokenizer_ablation,B009,zh_tokenizer_ablation,EN_LITERAL,compressed,2,grok_4_20_non_reasoning,3,4.948717948717949,0.0888231183368657,5.0,5.0,4.666666666666667,5.0,5.0,5.0,5.0,5.0,4.666666666666667,5.0,5.0,1.0,1.0
64b5c1972fe08705e5371fb14d17be61fd356892704b4dd17f489f307d9668c5,exp06_b_zh_tokenizer_ablation,B007,zh_tokenizer_ablation,EN_LITERAL,compressed,3,grok_4_20_non_reasoning,3,4.6923076923076925,0.3076923076923075,4.666666666666667,4.333333333333333,4.666666666666667,4.666666666666667,5.0,5.0,4.333333333333333,4.666666666666667,5.0,5.0,5.0,1.6666666666666667,1.6666666666666667
64d57fc7d7bfe6be85c8deee3220c553ca587cda39a8513ae974be00e39cc511,exp06_a_hybrid_state_causal_handoff,A001,handoff_state,EN,compressed,2,azure_gpt_5_5_instant,3,4.666666666666667,0.5773502691896258,4.666666666666667,4.666666666666667,4.666666666666667,4.666666666666667,4.666666666666667,4.666666666666667,4.666666666666667,4.666666666666667,4.666666666666667,4.666666666666667,4.666666666666667,1.3333333333333333,1.3333333333333333
651160b8b55e1f757a880793b37dcd2d9a99d3e35d4b7e1ce5b6a9d91e5afcb3,exp06_b_zh_tokenizer_ablation,B009,zh_tokenizer_ablation,ZH_PINYIN,compressed,1,grok_4_20_non_reasoning,3,4.794871794871795,0.2912260690153986,5.0,4.666666666666667,4.666666666666667,4.666666666666667,5.0,4.666666666666667,5.0,4.666666666666667,4.333333333333333,5.0,5.0,1.3333333333333333,1.0
65195fd99041e5f0d2200008431aef79fbe2cb6045bc1853c123bff38bf7c99f,exp06_b_zh_tokenizer_ablation,B005,zh_tokenizer_ablation,ZH,hybrid_state,1,grok_4_20_non_reasoning,3,3.564102564102564,1.548683986722205,3.6666666666666665,3.6666666666666665,3.3333333333333335,3.6666666666666665,3.6666666666666665,3.3333333333333335,3.6666666666666665,3.3333333333333335,4.0,3.6666666666666665,3.3333333333333335,2.3333333333333335,2.6666666666666665
656a0fc0a782d41a32a3c8b0afa1d5256415f55c5bf5666f91ae01757480e6d2,exp06_a_hybrid_state_causal_handoff,A011,handoff_state,EN,hybrid_state,1,gemini_3_1_pro_preview,3,1.4615384615384615,0.0,1.0,1.3333333333333333,1.0,1.0,1.0,1.0,1.0,1.0,3.6666666666666665,1.0,4.0,5.0,5.0
659e60b89605c6424ee8e8b048b083f42ae7df429a7bf6c3082dfb25c1ed9324,exp06_b_zh_tokenizer_ablation,B001,zh_tokenizer_ablation,ES_LITERAL,hybrid_state,3,gemini_3_1_pro_preview,3,1.948717948717949,0.11750194089630363,2.0,3.3333333333333335,1.3333333333333333,1.0,1.0,1.0,1.0,1.0,5.0,1.0,4.0,3.3333333333333335,5.0
65f8e0cc23dbba120da2242af49dda9101f224f42bc5b61e7dbbc9d5367cdd4c,exp06_a_hybrid_state_causal_handoff,A007,causal_claim,EN,hybrid_state,3,gemini_3_1_pro_preview,3,1.5128205128205128,0.4507280982371012,1.6666666666666667,2.0,1.0,1.0,1.0,1.0,1.0,1.0,3.6666666666666665,1.0,2.6666666666666665,4.333333333333333,5.0
66212edd8488d05521b05a366be9beab8c724c884dac69179d45a3063ec94046,exp06_a_hybrid_state_causal_handoff,A005,continuity_recovery,ZH,hybrid_state,1,qwen3_next_80b_instruct,3,4.846153846153846,0.15384615384615374,5.0,4.333333333333333,5.0,5.0,5.0,5.0,5.0,4.666666666666667,5.0,5.0,5.0,1.6666666666666667,1.3333333333333333
6645f39eb2fca94774695a8fcbdc4ddf8d51cec41099f45081ffe0b1dff341d9,exp06_b_zh_tokenizer_ablation,B005,zh_tokenizer_ablation,ZH,compressed,2,gemini_3_1_pro_preview,3,1.4615384615384617,0.39970403251589476,1.6666666666666667,2.0,1.0,1.0,1.0,1.0,1.0,1.0,3.6666666666666665,1.0,2.6666666666666665,5.0,5.0
66485e97d84f321f3dd300ebd186a9d683929518be49daf6ca91fb18049888b8,exp06_a_hybrid_state_causal_handoff,A011,handoff_state,ZH,compressed,3,grok_4_20_non_reasoning,3,4.769230769230769,0.39970403251589487,4.666666666666667,5.0,4.666666666666667,4.666666666666667,5.0,5.0,4.666666666666667,4.666666666666667,5.0,4.666666666666667,5.0,1.3333333333333333,1.6666666666666667
66a56774d09eb086011008c3cf320f2bf22535ebb007150d7f582f8e1e64f4d1,exp06_b_zh_tokenizer_ablation,B009,zh_tokenizer_ablation,ES_LITERAL,hybrid_state,2,grok_4_20_non_reasoning,3,3.692307692307692,1.3076923076923077,3.6666666666666665,3.3333333333333335,2.6666666666666665,2.6666666666666665,5.0,4.666666666666667,4.0,3.6666666666666665,5.0,4.0,3.6666666666666665,3.0,3.3333333333333335
66ab89fc389b5b071d54903dc1817131e31bdb7474d2af20c6bf57e7accafcb3,exp06_a_hybrid_state_causal_handoff,A012,continuity_recovery,ES,hybrid_state,1,gemini_3_1_pro_preview,3,1.4615384615384617,0.23076923076923073,1.6666666666666667,1.6666666666666667,1.0,1.0,1.0,1.6666666666666667,1.0,1.0,2.3333333333333335,1.3333333333333333,3.0,4.666666666666667,5.0
66d3c5de85431cf20d23f105b6cb541fac41ff9d591af1594595fee2c7439b87,exp06_a_hybrid_state_causal_handoff,A008,causal_claim,ES,compressed,2,gemini_3_1_pro_preview,3,2.4615384615384617,0.2773500981126145,2.3333333333333335,4.0,1.3333333333333333,1.0,2.0,1.3333333333333333,2.0,1.3333333333333333,5.0,1.6666666666666667,5.0,2.6666666666666665,4.333333333333333
66f1638dfa26ed97d2af90f2afc410c1082a226c9da217fff3488aa5677c8ad5,exp06_a_hybrid_state_causal_handoff,A003,handoff_state,EN,hybrid_state,1,qwen3_next_80b_instruct,3,4.769230769230769,0.3352999187338978,4.666666666666667,4.333333333333333,5.0,4.666666666666667,5.0,5.0,4.666666666666667,4.666666666666667,5.0,5.0,4.666666666666667,1.3333333333333333,1.3333333333333333
6703dca2237be0a0b0febb879ec59b176fda9048311e657fcbfaf13697cb2426,exp06_b_zh_tokenizer_ablation,B002,zh_tokenizer_ablation,EN_LITERAL,hybrid_state,3,gemini_3_1_pro_preview,3,1.0256410256410255,0.04441155916843272,1.0,1.0,1.0,1.0,1.0,1.0,1.0,1.0,1.3333333333333333,1.0,1.0,5.0,5.0
6778eaa8fb9554f18da2a5854d555d1f09d539f488fea46702bfb884dd184bd4,exp06_a_hybrid_state_causal_handoff,A005,continuity_recovery,EN,hybrid_state,3,qwen3_next_80b_instruct,3,4.564102564102564,0.4636702902570546,4.666666666666667,4.0,4.666666666666667,4.666666666666667,5.0,4.666666666666667,4.333333333333333,4.333333333333333,5.0,4.666666666666667,4.666666666666667,2.0,1.3333333333333333
6786bfb8d3bcc335b09c488a2d369fa6813a0eedecd197a94b3699f6c1d7f2ce,exp06_b_zh_tokenizer_ablation,B003,zh_tokenizer_ablation,EN_LITERAL,hybrid_state,1,qwen3_next_80b_instruct,3,3.9743589743589745,0.34686536560176096,4.333333333333333,3.0,3.6666666666666665,4.333333333333333,4.666666666666667,4.666666666666667,3.6666666666666665,3.6666666666666665,4.666666666666667,4.0,4.0,2.6666666666666665,2.3333333333333335
67f1d5d66b2d689b0caa6304032be2c02ed954e3887ff2127cecf9ec024d6399,exp06_a_hybrid_state_causal_handoff,A012,continuity_recovery,ES,compressed,3,qwen3_next_80b_instruct,3,4.3076923076923075,0.6007884366082042,4.333333333333333,4.0,4.333333333333333,4.0,4.666666666666667,4.333333333333333,4.333333333333333,4.0,5.0,4.333333333333333,5.0,2.3333333333333335,2.0
6815e6430a71493bb804c5ed4d509595aded5d471a1e9f08b40f72f304e92299,exp06_b_zh_tokenizer_ablation,B002,zh_tokenizer_ablation,ZH_PINYIN,compressed,1,qwen3_next_80b_instruct,3,4.153846153846153,0.1332346775052983,4.0,4.666666666666667,4.0,3.3333333333333335,4.333333333333333,4.0,4.0,4.0,5.0,4.666666666666667,5.0,2.3333333333333335,2.6666666666666665
681b0947404659fc936442f999b318e25e62556e6ac005725afee258a4d30f4a,exp06_a_hybrid_state_causal_handoff,A003,handoff_state,ES,hybrid_state,1,azure_gpt_5_5_instant,3,4.948717948717949,0.0444115591684326,5.0,5.0,5.0,5.0,5.0,5.0,5.0,5.0,4.666666666666667,5.0,4.666666666666667,1.0,1.0
681ef676a50111c72cbf9b16e82e7703586921504b20668b196fbca528806b50,exp06_b_zh_tokenizer_ablation,B009,zh_tokenizer_ablation,ZH_PINYIN,hybrid_state,3,qwen3_next_80b_instruct,3,3.8974358974358974,0.24727309643571665,3.3333333333333335,3.3333333333333335,3.6666666666666665,3.6666666666666665,5.0,5.0,4.0,4.0,5.0,4.666666666666667,2.0,2.6666666666666665,2.3333333333333335
6879dc8fc89c358cd867402911cbd0d5bfc8b8a266074dc9e7cda548a14c245f,exp06_b_zh_tokenizer_ablation,B010,zh_tokenizer_ablation,ZH_PINYIN,hybrid_state,2,gemini_3_1_pro_preview,3,1.435897435897436,0.2701449680218651,1.3333333333333333,1.6666666666666667,1.0,1.0,1.0,1.0,1.3333333333333333,1.0,3.6666666666666665,1.0,2.6666666666666665,5.0,5.0
687be7c8e19be1116b9f8a6ec9fb163b57b8da26d29130eff5e15fe5758aab12,exp06_a_hybrid_state_causal_handoff,A003,handoff_state,ES,hybrid_state,3,azure_gpt_5_5_instant,3,4.948717948717949,0.0444115591684326,5.0,4.666666666666667,5.0,5.0,5.0,5.0,5.0,5.0,4.666666666666667,5.0,5.0,1.0,1.0
68a0ccaaae6b0d8642af1ff0dee4ad7e99fae6285ae1789cebc72c1d71203936,exp06_a_hybrid_state_causal_handoff,A007,causal_claim,ES,hybrid_state,3,grok_4_20_non_reasoning,3,4.435897435897436,0.5773502691896257,4.333333333333333,3.6666666666666665,4.333333333333333,4.333333333333333,5.0,4.666666666666667,4.666666666666667,4.666666666666667,5.0,4.666666666666667,4.0,2.0,1.6666666666666667
68d2652118bbdfba7f4ad5f50d36cac26a291eafad164a75fbe99beef9dc8c11,exp06_b_zh_tokenizer_ablation,B008,zh_tokenizer_ablation,ZH_PINYIN,compressed,1,grok_4_20_non_reasoning,3,4.743589743589744,0.44411559168432746,4.666666666666667,4.666666666666667,4.666666666666667,4.666666666666667,4.666666666666667,4.666666666666667,4.666666666666667,4.666666666666667,5.0,5.0,5.0,1.3333333333333333,1.3333333333333333
68dd01b931008b704e302496bb2bc7280396838317c89eb29fec3d786166f570,exp06_b_zh_tokenizer_ablation,B009,zh_tokenizer_ablation,EN_LITERAL,compressed,1,qwen3_next_80b_instruct,3,4.128205128205129,0.7589050557409611,4.333333333333333,4.333333333333333,3.6666666666666665,3.3333333333333335,4.333333333333333,4.0,4.0,3.6666666666666665,4.666666666666667,4.333333333333333,5.0,1.6666666666666667,2.3333333333333335
68f5a5e22647a49bb534f5673fe9bf6596c33cf195ede76a0eb96859081b6e70,exp06_a_hybrid_state_causal_handoff,A003,handoff_state,EN,compressed,1,azure_gpt_5_5_instant,3,5.0,0.0,5.0,5.0,5.0,5.0,5.0,5.0,5.0,5.0,5.0,5.0,5.0,1.0,1.0
691763dc107b9978f94b0af5a150f49da8f6eeadf58b1ad7e015c1bbb3ea7431,exp06_b_zh_tokenizer_ablation,B002,zh_tokenizer_ablation,EN_LITERAL,compressed,2,grok_4_20_non_reasoning,3,4.6923076923076925,0.40703866324070614,4.666666666666667,4.333333333333333,4.666666666666667,4.666666666666667,5.0,4.666666666666667,4.666666666666667,4.666666666666667,5.0,4.666666666666667,5.0,1.3333333333333333,1.6666666666666667
69268116fff7d17db242b934d428a42d00f35fe2c048cf72b4476b1301e3f137,exp06_a_hybrid_state_causal_handoff,A008,causal_claim,ZH,hybrid_state,1,gemini_3_1_pro_preview,3,2.0,0.1332346775052983,2.0,2.6666666666666665,1.0,1.0,2.0,1.3333333333333333,1.6666666666666667,1.3333333333333333,4.333333333333333,1.6666666666666667,4.0,4.0,5.0
692d7a18a9fbe2f6186e1fa3b05cbd881a5ca57b491855c8b9810d2d81a7787e,exp06_a_hybrid_state_causal_handoff,A008,causal_claim,ZH,compressed,2,gemini_3_1_pro_preview,3,2.3333333333333335,0.39473857226514486,2.0,4.0,1.3333333333333333,1.0,1.6666666666666667,1.3333333333333333,1.3333333333333333,1.3333333333333333,5.0,1.6666666666666667,5.0,2.6666666666666665,4.666666666666667
698b38e5834e05f1c5c27e0e2e2cf37eebef67a29d266bac568deccae815ae42,exp06_b_zh_tokenizer_ablation,B001,zh_tokenizer_ablation,EN_LITERAL,hybrid_state,3,qwen3_next_80b_instruct,3,4.641025641025641,0.34686536560176123,4.666666666666667,4.0,4.666666666666667,4.666666666666667,5.0,5.0,4.333333333333333,4.666666666666667,5.0,5.0,4.666666666666667,2.0,1.3333333333333333
69c0bf0c02ce4e6dbf74ed61c5d7e9c46d8b50ed649280c57e4d4e7015bb4985,exp06_a_hybrid_state_causal_handoff,A002,handoff_state,ZH,compressed,3,grok_4_20_non_reasoning,3,4.384615384615384,1.0,4.0,4.666666666666667,4.333333333333333,4.0,4.0,4.666666666666667,4.333333333333333,4.333333333333333,5.0,4.333333333333333,5.0,1.6666666666666667,2.0
69ef7c1229c72259fb80f59373bf0a61f0b05698484a7368abe8ac96914abae4,exp06_b_zh_tokenizer_ablation,B003,zh_tokenizer_ablation,ZH_PINYIN,hybrid_state,1,gemini_3_1_pro_preview,3,1.4871794871794872,0.23500388179260714,1.6666666666666667,1.6666666666666667,1.0,1.0,1.0,1.0,1.3333333333333333,1.0,3.6666666666666665,1.0,3.0,5.0,5.0
6a214cbe4caab9f7cc9e5ee72926c1dc5211e63f3c3baed5b8d32c508de3a1e2,exp06_b_zh_tokenizer_ablation,B004,zh_tokenizer_ablation,ZH,compressed,2,grok_4_20_non_reasoning,3,4.6923076923076925,0.35250582268891084,4.666666666666667,5.0,4.666666666666667,4.666666666666667,5.0,4.333333333333333,5.0,4.666666666666667,4.0,4.666666666666667,4.666666666666667,1.0,1.3333333333333333
6a284aff780dd3c78709f7f824ff95a536671ff404f969a68fde7a2703a8b70c,exp06_a_hybrid_state_causal_handoff,A010,auditability,ES,compressed,2,qwen3_next_80b_instruct,3,4.512820512820513,0.6542231190857987,4.666666666666667,4.666666666666667,4.666666666666667,4.333333333333333,4.333333333333333,4.666666666666667,4.0,4.666666666666667,5.0,4.666666666666667,5.0,1.6666666666666667,2.3333333333333335
6a54b51ba84ef4d382e4cf5784390c838d9a4d400020fed9675f7317df42e236,exp06_b_zh_tokenizer_ablation,B002,zh_tokenizer_ablation,EN_LITERAL,hybrid_state,2,grok_4_20_non_reasoning,3,4.564102564102565,0.4236592728681615,4.666666666666667,3.6666666666666665,4.333333333333333,4.666666666666667,5.0,5.0,4.666666666666667,4.666666666666667,5.0,5.0,4.333333333333333,2.0,1.6666666666666667
6a87123cee648886fb7d47fd2f1b4fda1db3d882aa1d720690b637a800684ae3,exp06_a_hybrid_state_causal_handoff,A010,auditability,ZH,hybrid_state,1,grok_4_20_non_reasoning,3,4.641025641025641,0.5564752413900181,4.666666666666667,4.0,4.666666666666667,4.666666666666667,4.666666666666667,4.666666666666667,4.666666666666667,4.666666666666667,5.0,5.0,5.0,1.6666666666666667,1.6666666666666667
6a8a0b6e0657252833bf82a27b9e74fd8865b06e86f0c0dcf8451c2d39fb18da,exp06_b_zh_tokenizer_ablation,B005,zh_tokenizer_ablation,ZH,hybrid_state,2,grok_4_20_non_reasoning,3,3.564102564102564,1.4232501627054275,3.6666666666666665,3.6666666666666665,3.3333333333333335,3.3333333333333335,3.3333333333333335,3.6666666666666665,3.6666666666666665,3.3333333333333335,4.333333333333333,4.0,3.6666666666666665,2.6666666666666665,3.0
6a9439bd0f99422d09033a13a687268e0678cb89e95a44e06beaff67208a6713,exp06_a_hybrid_state_causal_handoff,A006,continuity_recovery,ES,hybrid_state,3,gemini_3_1_pro_preview,3,2.3846153846153846,0.15384615384615374,2.0,3.6666666666666665,2.0,1.3333333333333333,1.6666666666666667,2.0,1.6666666666666667,2.0,5.0,1.6666666666666667,4.666666666666667,4.0,4.666666666666667
6adc6b416041b82d97f2aa9defe902fbd347da163128dac6951a0d93bd64e6da,exp06_b_zh_tokenizer_ablation,B003,zh_tokenizer_ablation,ZH_PINYIN,hybrid_state,3,gemini_3_1_pro_preview,3,1.7179487179487178,0.23500388179260723,1.6666666666666667,2.0,1.0,1.0,1.6666666666666667,1.0,1.3333333333333333,1.0,4.0,2.0,3.0,4.333333333333333,5.0
6b0f410283c894cc3e360627e6fd4b6f3672306ade17f72cae6984926217296a,exp06_b_zh_tokenizer_ablation,B005,zh_tokenizer_ablation,ZH,compressed,1,gemini_3_1_pro_preview,3,1.3589743589743588,0.24727309643571685,1.6666666666666667,1.6666666666666667,1.0,1.0,1.0,1.0,1.0,1.0,2.3333333333333335,1.0,2.6666666666666665,4.666666666666667,5.0
6b2dd53a1317fec6314f7234ceee6a661b1828860e88e875d9077c02fc3afe0d,exp06_b_zh_tokenizer_ablation,B007,zh_tokenizer_ablation,ZH_PINYIN,compressed,3,gemini_3_1_pro_preview,3,1.153846153846154,0.07692307692307698,1.0,1.0,1.0,1.0,1.0,1.0,1.0,1.0,1.6666666666666667,1.0,2.3333333333333335,5.0,5.0
6b475defbee8fa99d042dd35bf2c7819029f81332cd341323d8d5e5599770ebb,exp06_a_hybrid_state_causal_handoff,A007,causal_claim,ZH,hybrid_state,3,gemini_3_1_pro_preview,3,1.2564102564102564,0.32025630761017426,1.3333333333333333,1.3333333333333333,1.0,1.0,1.0,1.0,1.0,1.0,2.3333333333333335,1.0,2.0,4.666666666666667,5.0
6bbd27f95d04a5902e8ec7f1029f5b067cce4e39d0aaab5fb703df22722f847a,exp06_a_hybrid_state_causal_handoff,A010,auditability,ZH,compressed,1,gemini_3_1_pro_preview,3,2.0256410256410255,0.11750194089630352,2.0,2.6666666666666665,1.3333333333333333,1.0,1.0,1.3333333333333333,1.3333333333333333,1.3333333333333333,5.0,2.0,4.333333333333333,4.0,5.0
6bec61c8cb1487f2eb7430c17711a3291a7df2d72446f9d2ad3b5591804c3bd0,exp06_a_hybrid_state_causal_handoff,A009,auditability,EN,hybrid_state,3,azure_gpt_5_5_instant,3,4.487179487179487,0.5402899360437302,4.333333333333333,4.666666666666667,4.0,3.6666666666666665,4.666666666666667,4.666666666666667,4.666666666666667,4.666666666666667,4.666666666666667,4.666666666666667,4.666666666666667,1.6666666666666667,1.3333333333333333
6bff9badf7fc34ee4b76b450a8b2052c60ca198b88f01055b0507ca3c08b6bab,exp06_b_zh_tokenizer_ablation,B002,zh_tokenizer_ablation,ES_LITERAL,compressed,3,grok_4_20_non_reasoning,3,4.871794871794872,0.16012815380508708,5.0,5.0,4.666666666666667,4.666666666666667,5.0,5.0,5.0,4.666666666666667,4.666666666666667,5.0,4.666666666666667,1.0,1.0
6c49fdd6b7bb260bf64e7f2f08d88fc38886663b6a553036704e1d0e4b1967e5,exp06_b_zh_tokenizer_ablation,B001,zh_tokenizer_ablation,ZH,compressed,3,gemini_3_1_pro_preview,3,1.6153846153846156,0.39970403251589487,1.6666666666666667,2.3333333333333335,1.0,1.0,1.0,1.0,1.0,1.0,4.0,1.0,3.3333333333333335,4.333333333333333,5.0
6ca68bff3e37933f3603f99c2ad3846f1e761c264c6c463dbd96909f0fa59f8d,exp06_b_zh_tokenizer_ablation,B001,zh_tokenizer_ablation,ES_LITERAL,hybrid_state,3,qwen3_next_80b_instruct,3,4.461538461538462,0.5547001962252291,4.333333333333333,4.0,4.666666666666667,4.333333333333333,4.666666666666667,5.0,4.333333333333333,4.666666666666667,4.666666666666667,4.333333333333333,4.333333333333333,2.0,1.3333333333333333
6cbca011e89b7bfc384ca5a2458795674da49da1b15f85d13d65c69620df6204,exp06_b_zh_tokenizer_ablation,B001,zh_tokenizer_ablation,ZH,hybrid_state,2,gemini_3_1_pro_preview,3,1.8974358974358976,0.49454619287143364,2.0,2.6666666666666665,1.6666666666666667,1.0,1.3333333333333333,1.0,1.3333333333333333,1.3333333333333333,4.333333333333333,1.6666666666666667,3.3333333333333335,4.333333333333333,4.666666666666667
6d27460d535904355bcb8dda40d15e6009e3fda9132b015df913a1c1c94f314f,exp06_a_hybrid_state_causal_handoff,A001,handoff_state,EN,compressed,2,qwen3_next_80b_instruct,3,4.17948717948718,0.3202563076101743,4.0,4.666666666666667,4.333333333333333,3.3333333333333335,4.333333333333333,4.333333333333333,4.0,4.0,4.666666666666667,4.0,4.666666666666667,1.6666666666666667,2.3333333333333335
6d6b8fc9247e6aa811d8cd117fd51bf718f3fce75621375cafb3a8a642b9e461,exp06_a_hybrid_state_causal_handoff,A006,continuity_recovery,EN,compressed,1,gemini_3_1_pro_preview,3,2.0,0.27735009811261446,1.6666666666666667,2.6666666666666665,1.3333333333333333,1.0,1.3333333333333333,1.6666666666666667,1.0,1.3333333333333333,5.0,1.3333333333333333,4.666666666666667,4.0,5.0
6d9cf54066a8c6e4ce8c9e26ae6817058e07636997bc4cc385f942618e419e2b,exp06_a_hybrid_state_causal_handoff,A004,continuity_recovery,ES,compressed,2,grok_4_20_non_reasoning,3,4.666666666666667,0.5773502691896258,4.666666666666667,5.0,4.666666666666667,4.333333333333333,4.333333333333333,4.666666666666667,4.666666666666667,4.666666666666667,5.0,4.666666666666667,5.0,1.3333333333333333,1.6666666666666667
6dca8f19b379b8ae304f349f0124f3625d2dc9892bc2031d1e15245abe719117,exp06_b_zh_tokenizer_ablation,B003,zh_tokenizer_ablation,EN_LITERAL,hybrid_state,3,gemini_3_1_pro_preview,3,2.0,0.335299918733898,2.0,3.0,1.3333333333333333,1.3333333333333333,1.6666666666666667,1.3333333333333333,1.3333333333333333,1.3333333333333333,4.333333333333333,1.3333333333333333,3.6666666666666665,4.0,4.666666666666667
6dd540f62bab6676e665f4dd973766f4d9f75e4bb6da164e57221b43e745c5b7,exp06_a_hybrid_state_causal_handoff,A007,causal_claim,ZH,hybrid_state,2,grok_4_20_non_reasoning,3,3.897435897435898,1.0805798720874604,3.6666666666666665,3.6666666666666665,3.6666666666666665,3.0,4.666666666666667,4.333333333333333,4.333333333333333,4.0,3.6666666666666665,4.333333333333333,4.333333333333333,2.6666666666666665,2.3333333333333335
6e22ed6487ecdaadf7a62a41d45229a168f5492b10059522efe6e6e3d90a191b,exp06_a_hybrid_state_causal_handoff,A012,continuity_recovery,ZH,hybrid_state,2,gemini_3_1_pro_preview,3,1.435897435897436,0.31088091417902924,1.6666666666666667,1.6666666666666667,1.0,1.0,1.3333333333333333,1.3333333333333333,1.0,1.0,3.0,1.0,2.3333333333333335,4.666666666666667,5.0
6e532c42b4db7fb3b992d0ffaca327a94d0742dd73ae40047715f89744750369,exp06_a_hybrid_state_causal_handoff,A006,continuity_recovery,EN,compressed,3,qwen3_next_80b_instruct,3,5.0,0.0,5.0,5.0,5.0,5.0,5.0,5.0,5.0,5.0,5.0,5.0,5.0,1.0,1.0
6e8661555cdd0745ac2e2f44ed7c9cfc0ef5cc972f4c40a0dbdf50dc716d732d,exp06_b_zh_tokenizer_ablation,B006,zh_tokenizer_ablation,ZH_PINYIN,compressed,2,qwen3_next_80b_instruct,3,4.717948717948718,0.24727309643571693,4.666666666666667,4.666666666666667,4.333333333333333,4.666666666666667,5.0,5.0,4.333333333333333,5.0,5.0,5.0,4.666666666666667,1.3333333333333333,1.6666666666666667
6eac011c500b0cb9307a298a1626b283a80762d0233c808c7abba73de9dfbad9,exp06_a_hybrid_state_causal_handoff,A003,handoff_state,ZH,hybrid_state,3,grok_4_20_non_reasoning,3,4.282051282051282,0.6405126152203485,4.333333333333333,3.6666666666666665,4.333333333333333,4.0,5.0,4.333333333333333,4.333333333333333,4.333333333333333,5.0,4.333333333333333,4.333333333333333,2.0,2.3333333333333335
6ebdc9274d6d579d403060c993e1908c9bd54bf57d71bfef235ddf7a2cbaab99,exp06_a_hybrid_state_causal_handoff,A011,handoff_state,ZH,hybrid_state,1,qwen3_next_80b_instruct,3,4.487179487179487,0.6979824404521127,4.666666666666667,4.0,4.666666666666667,4.333333333333333,4.666666666666667,4.666666666666667,4.333333333333333,4.666666666666667,5.0,4.333333333333333,5.0,2.0,2.0
6ebfefe9df0a8754c47273c47e9bb18a6ea54b5808efa95f0704efd48819ee7e,exp06_b_zh_tokenizer_ablation,B006,zh_tokenizer_ablation,ZH_PINYIN,compressed,1,grok_4_20_non_reasoning,3,4.871794871794871,0.22205779584216398,5.0,4.666666666666667,5.0,5.0,5.0,5.0,4.666666666666667,4.666666666666667,5.0,5.0,5.0,1.3333333333333333,1.3333333333333333
6ec04beb597a06b6fd709c199e272ff4d3d6869612cfa4b6f724d224e43fc545,exp06_a_hybrid_state_causal_handoff,A005,continuity_recovery,ES,hybrid_state,3,gemini_3_1_pro_preview,3,2.1538461538461537,0.4070386632407062,2.0,3.6666666666666665,1.3333333333333333,1.0,1.6666666666666667,1.3333333333333333,1.3333333333333333,1.3333333333333333,4.666666666666667,1.6666666666666667,4.333333333333333,3.3333333333333335,5.0
6ecf6d03d4c09f11a1c8213863187210d4296b1c9e63fcdb0425d6cfa48deb41,exp06_a_hybrid_state_causal_handoff,A010,auditability,EN,hybrid_state,1,gemini_3_1_pro_preview,3,1.6666666666666667,0.11750194089630352,1.3333333333333333,2.0,1.0,1.0,1.0,1.0,1.0,1.0,4.0,1.0,5.0,4.666666666666667,5.0
6edd8b2ee0c01869d87e9941bbbdd1ba0eb6632dcd4de67792fbe43055facfc9,exp06_b_zh_tokenizer_ablation,B002,zh_tokenizer_ablation,ZH,compressed,1,grok_4_20_non_reasoning,3,5.0,0.0,5.0,5.0,5.0,5.0,5.0,5.0,5.0,5.0,5.0,5.0,5.0,1.0,1.0
6f1b4775ee04e3fd75b1d39721361e94e3fe31c52cb390091536255590721478,exp06_a_hybrid_state_causal_handoff,A010,auditability,ZH,hybrid_state,3,grok_4_20_non_reasoning,3,4.333333333333333,0.5974964203964637,4.333333333333333,3.6666666666666665,4.0,4.333333333333333,4.666666666666667,4.333333333333333,4.333333333333333,4.333333333333333,5.0,5.0,4.666666666666667,2.3333333333333335,2.0
6f53c3658a3a63c203e8df464b8cc5bec05b891e55b14f982e84c003d5cc0594,exp06_a_hybrid_state_causal_handoff,A008,causal_claim,EN,compressed,1,qwen3_next_80b_instruct,3,4.461538461538461,0.48038446141526153,4.333333333333333,4.333333333333333,4.666666666666667,4.0,4.333333333333333,4.333333333333333,4.333333333333333,4.333333333333333,5.0,5.0,5.0,1.6666666666666667,2.0
6f638823feab4856aed8133afb0f2eeaeecf68f8874be3610fc34869c986e4f1,exp06_a_hybrid_state_causal_handoff,A004,continuity_recovery,EN,compressed,1,azure_gpt_5_5_instant,3,5.0,0.0,5.0,5.0,5.0,5.0,5.0,5.0,5.0,5.0,5.0,5.0,5.0,1.0,1.0
7016ac1152e9028885c5ddefb877c8d4c6cd38c6af7a540ca85e5c5848e7510d,exp06_a_hybrid_state_causal_handoff,A002,handoff_state,ES,compressed,3,gemini_3_1_pro_preview,3,2.871794871794872,0.3635242789425082,2.6666666666666665,4.333333333333333,2.6666666666666665,2.0,2.0,2.0,2.3333333333333335,1.6666666666666667,5.0,2.3333333333333335,5.0,2.3333333333333335,4.333333333333333
70441b636848cd28c2c713a26de875b865135e2ee63970076faccfa0d8f6de8b,exp06_b_zh_tokenizer_ablation,B004,zh_tokenizer_ablation,ZH,compressed,2,gemini_3_1_pro_preview,3,2.3846153846153846,0.2664693550105966,2.0,3.0,2.0,1.3333333333333333,2.0,2.3333333333333335,1.3333333333333333,2.0,5.0,2.0,4.333333333333333,3.6666666666666665,4.666666666666667
70e08ccfa370dee344ff9a96e713f8974707c0b491fed9b1c1fa81161fe9c462,exp06_a_hybrid_state_causal_handoff,A008,causal_claim,ES,compressed,2,grok_4_20_non_reasoning,3,4.717948717948718,0.48852715085276005,4.666666666666667,5.0,4.666666666666667,4.666666666666667,4.666666666666667,4.666666666666667,4.666666666666667,4.666666666666667,5.0,4.666666666666667,5.0,1.6666666666666667,1.3333333333333333
70e703a06576c75c280b18fac24a31514b803f06ab030c7d203b55062d714c17,exp06_b_zh_tokenizer_ablation,B005,zh_tokenizer_ablation,ZH_PINYIN,compressed,1,qwen3_next_80b_instruct,3,4.128205128205128,0.8473185457363235,4.333333333333333,4.333333333333333,4.0,4.333333333333333,3.6666666666666665,4.0,3.3333333333333335,4.0,5.0,4.333333333333333,5.0,2.3333333333333335,2.3333333333333335
71963b99b045477efec0846f6181e87820b7f8089b0ca62da1bf60cffd6f8bd4,exp06_b_zh_tokenizer_ablation,B007,zh_tokenizer_ablation,EN_LITERAL,hybrid_state,2,qwen3_next_80b_instruct,3,3.307692307692308,1.36741452574086,3.3333333333333335,3.0,3.0,2.6666666666666665,4.0,3.3333333333333335,3.3333333333333335,3.0,4.666666666666667,3.3333333333333335,3.6666666666666665,3.3333333333333335,3.0
7205393659387bbf41b2eecbb4cf5b941dacbbc846a97ae5897dbf3e9f83c30d,exp06_b_zh_tokenizer_ablation,B002,zh_tokenizer_ablation,ZH,hybrid_state,2,gemini_3_1_pro_preview,3,1.6410256410256412,0.08882311833686544,1.0,1.3333333333333333,1.0,1.0,2.3333333333333335,1.6666666666666667,1.0,1.0,5.0,1.6666666666666667,2.0,4.666666666666667,5.0
721ad9340517d17cf129d7a24d08bc7257e47180ecd69fcc05533d0672c25cb2,exp06_a_hybrid_state_causal_handoff,A003,handoff_state,ZH,compressed,3,azure_gpt_5_5_instant,3,5.0,0.0,5.0,5.0,5.0,5.0,5.0,5.0,5.0,5.0,5.0,5.0,5.0,1.0,1.0
722a45571bac25d3f1126aaaf8c8ad2a82edf53ed0691947e3d3e6a4743f630b,exp06_a_hybrid_state_causal_handoff,A011,handoff_state,EN,hybrid_state,3,qwen3_next_80b_instruct,3,4.666666666666667,0.39473857226514486,4.666666666666667,4.0,4.666666666666667,5.0,5.0,5.0,4.333333333333333,4.666666666666667,5.0,4.666666666666667,5.0,2.0,1.3333333333333333
724805abbf28c0c0ba8599a1dba1a9c03542ed449176bb13d9d99b45cbfd67d2,exp06_a_hybrid_state_causal_handoff,A006,continuity_recovery,EN,compressed,1,grok_4_20_non_reasoning,3,4.948717948717949,0.0888231183368657,5.0,4.666666666666667,5.0,5.0,5.0,5.0,4.666666666666667,5.0,5.0,5.0,5.0,1.0,1.0
725a36be3eb9f8a304fc13ffcf71bd10e9cfbe3c0de66267306bef7f153e5169,exp06_a_hybrid_state_causal_handoff,A007,causal_claim,ES,compressed,3,qwen3_next_80b_instruct,3,4.6923076923076925,0.2773500981126146,4.333333333333333,4.666666666666667,4.666666666666667,4.333333333333333,5.0,5.0,4.666666666666667,4.666666666666667,5.0,5.0,5.0,1.6666666666666667,1.6666666666666667
726864831e5d5d8b3b3607269209500ec07e008c0b12d2bf4407e7a992e18818,exp06_a_hybrid_state_causal_handoff,A003,handoff_state,ZH,compressed,1,grok_4_20_non_reasoning,3,4.82051282051282,0.3108809141790292,4.666666666666667,4.666666666666667,4.666666666666667,4.666666666666667,5.0,5.0,4.666666666666667,5.0,5.0,5.0,5.0,1.3333333333333333,1.3333333333333333
72c713ae05297ceb7f9caeb9942bf59b6a32784608f1d424b3e519105bdbdb55,exp06_a_hybrid_state_causal_handoff,A003,handoff_state,ZH,hybrid_state,3,azure_gpt_5_5_instant,3,5.0,0.0,5.0,5.0,5.0,5.0,5.0,5.0,5.0,5.0,5.0,5.0,5.0,1.0,1.0
72e2c7f335722c06f1818ca47f1cbf620882d235ef3dab90519dab2bd1ed7fe6,exp06_a_hybrid_state_causal_handoff,A005,continuity_recovery,ZH,compressed,3,qwen3_next_80b_instruct,3,4.948717948717949,0.0444115591684326,5.0,5.0,5.0,4.666666666666667,5.0,5.0,5.0,5.0,4.666666666666667,5.0,5.0,1.0,1.0
72f80b37982989841187574484a81f8b3717d907415e30502d0e205474c63ccb,exp06_b_zh_tokenizer_ablation,B008,zh_tokenizer_ablation,ZH,hybrid_state,3,grok_4_20_non_reasoning,3,4.6923076923076925,0.40703866324070614,4.666666666666667,4.0,4.666666666666667,4.666666666666667,5.0,4.666666666666667,4.666666666666667,4.666666666666667,5.0,5.0,4.333333333333333,1.3333333333333333,1.0
72fcd3adc6215b8d31accbbf90b37e726ae50971d8998bd6dab45873025597ee,exp06_b_zh_tokenizer_ablation,B003,zh_tokenizer_ablation,ES_LITERAL,compressed,3,gemini_3_1_pro_preview,3,2.0256410256410255,0.19358549834027564,2.0,3.3333333333333335,1.3333333333333333,1.0,1.0,1.3333333333333333,1.3333333333333333,1.3333333333333333,5.0,1.3333333333333333,4.666666666666667,4.333333333333333,5.0
732b22563fb1fbf8f50441c56fc73e65869a81ef2f1a1694f12c7fc97920f0ad,exp06_b_zh_tokenizer_ablation,B010,zh_tokenizer_ablation,ZH_PINYIN,hybrid_state,1,grok_4_20_non_reasoning,3,4.384615384615384,0.5384615384615384,4.333333333333333,3.6666666666666665,4.333333333333333,4.0,4.666666666666667,4.666666666666667,4.333333333333333,4.333333333333333,5.0,4.666666666666667,5.0,2.3333333333333335,1.6666666666666667
732f3e4de9c484e3c5df922bd055656739d272858ee60c3b11bd3a6aa25225ae,exp06_a_hybrid_state_causal_handoff,A009,auditability,ZH,compressed,3,qwen3_next_80b_instruct,3,4.6923076923076925,0.40703866324070614,5.0,4.333333333333333,4.666666666666667,4.666666666666667,4.666666666666667,4.666666666666667,4.666666666666667,4.666666666666667,5.0,4.666666666666667,5.0,1.6666666666666667,1.3333333333333333
7380ab8562e969ddc65499cc0343c86c194396dc646a07a31701c69a0f1c737f,exp06_a_hybrid_state_causal_handoff,A008,causal_claim,ZH,hybrid_state,1,azure_gpt_5_5_instant,3,5.0,0.0,5.0,5.0,5.0,5.0,5.0,5.0,5.0,5.0,5.0,5.0,5.0,1.0,1.0
739d051f3c8a83c12c3279ecf07cc4eb2dd4e8101fd10f317f180a1dd08001a3,exp06_a_hybrid_state_causal_handoff,A002,handoff_state,ZH,compressed,2,grok_4_20_non_reasoning,3,4.871794871794871,0.22205779584216398,4.666666666666667,5.0,5.0,4.666666666666667,4.666666666666667,5.0,5.0,5.0,5.0,5.0,5.0,1.3333333333333333,1.3333333333333333
73bf8c8b3fa177ce055343bba5de55629cfd5bf3edd51690915f799f07bb31a8,exp06_b_zh_tokenizer_ablation,B009,zh_tokenizer_ablation,ZH_PINYIN,hybrid_state,3,gemini_3_1_pro_preview,3,1.3846153846153844,0.3525058226889108,1.6666666666666667,1.3333333333333333,1.0,1.0,1.6666666666666667,1.6666666666666667,1.3333333333333333,1.0,2.3333333333333335,1.0,1.6666666666666667,4.666666666666667,5.0
740eb373bb96c56a0c31162ae17741887b0ef669290c533383c9c2f43f7afe0a,exp06_b_zh_tokenizer_ablation,B006,zh_tokenizer_ablation,ZH_PINYIN,compressed,1,qwen3_next_80b_instruct,3,4.897435897435898,0.11750194089630366,5.0,4.666666666666667,5.0,4.666666666666667,5.0,5.0,5.0,5.0,5.0,5.0,5.0,1.3333333333333333,1.3333333333333333
742044f5c508e8a022fd04275ea612cfd3d7a4e4d3ef524091194d7b71b71fbd,exp06_a_hybrid_state_causal_handoff,A006,continuity_recovery,EN,compressed,1,azure_gpt_5_5_instant,3,4.9743589743589745,0.0444115591684326,5.0,5.0,5.0,5.0,5.0,5.0,5.0,5.0,4.666666666666667,5.0,5.0,1.0,1.0
743ef12c4dad2f5e77906591cd5d64a5e96ddb42878a5eda456830db348f6bd4,exp06_a_hybrid_state_causal_handoff,A003,handoff_state,EN,hybrid_state,3,grok_4_20_non_reasoning,3,4.743589743589744,0.23500388179260723,4.666666666666667,4.333333333333333,5.0,4.666666666666667,5.0,5.0,4.666666666666667,5.0,5.0,4.666666666666667,5.0,1.6666666666666667,1.6666666666666667
746869c891b715eee106701f26eb2ea64cbd22e52a3d60eebe4b21418732ec26,exp06_a_hybrid_state_causal_handoff,A011,handoff_state,ZH,compressed,2,grok_4_20_non_reasoning,3,4.615384615384616,0.5384615384615384,4.666666666666667,4.666666666666667,4.666666666666667,4.666666666666667,4.333333333333333,4.666666666666667,4.333333333333333,4.666666666666667,5.0,4.666666666666667,5.0,1.6666666666666667,1.6666666666666667
7475843239f7f94fc3ca9c687bb5077c9c560cfe487fec86fdf25f7cf16dcad4,exp06_b_zh_tokenizer_ablation,B001,zh_tokenizer_ablation,ES_LITERAL,compressed,2,grok_4_20_non_reasoning,3,4.769230769230769,0.20351933162035324,4.666666666666667,4.333333333333333,5.0,4.666666666666667,5.0,5.0,4.666666666666667,4.666666666666667,5.0,5.0,5.0,1.6666666666666667,1.3333333333333333
749d5d0507a6846b5bf9592060c7bca444f37ac6e81b5724139a89516e69a9a3,exp06_a_hybrid_state_causal_handoff,A002,handoff_state,ES,compressed,3,azure_gpt_5_5_instant,3,5.0,0.0,5.0,5.0,5.0,5.0,5.0,5.0,5.0,5.0,5.0,5.0,5.0,1.0,1.0
74ffcf32e2b2c1b16db1ae8bee24ac0e00a332ee3ae8366f2f7f479f3398625c,exp06_b_zh_tokenizer_ablation,B010,zh_tokenizer_ablation,EN_LITERAL,compressed,3,gemini_3_1_pro_preview,3,2.871794871794872,1.0009857074842634,3.0,2.3333333333333335,3.0,2.3333333333333335,2.6666666666666665,3.0,2.3333333333333335,2.0,4.666666666666667,3.0,4.0,3.3333333333333335,3.6666666666666665
75581d5ae0ecd406f68e9b4d9a6136381ed2f54d7245137611d6f84a95532676,exp06_a_hybrid_state_causal_handoff,A005,continuity_recovery,ES,hybrid_state,3,grok_4_20_non_reasoning,3,4.871794871794871,0.11750194089630366,5.0,4.333333333333333,5.0,5.0,5.0,5.0,5.0,5.0,5.0,5.0,4.666666666666667,1.6666666666666667,1.0
755fbb71ac3fbebdbe60ddf07d570fa806feb335fd1bc9b960d8df1eef70339a,exp06_a_hybrid_state_causal_handoff,A007,causal_claim,EN,compressed,1,azure_gpt_5_5_instant,3,4.9743589743589745,0.0444115591684326,5.0,5.0,5.0,5.0,5.0,5.0,5.0,5.0,4.666666666666667,5.0,5.0,1.0,1.0
75736572d1e5456148d7bf8d86423dcd6959bd7da7a40c4e1aa4a7b71616d32e,exp06_b_zh_tokenizer_ablation,B001,zh_tokenizer_ablation,ZH_PINYIN,hybrid_state,1,gemini_3_1_pro_preview,3,1.3846153846153844,0.23076923076923084,1.6666666666666667,1.6666666666666667,1.0,1.0,1.0,1.0,1.0,1.0,2.6666666666666665,1.0,2.6666666666666665,4.666666666666667,5.0
7627ce21857f877635c682f3d084037104d74e517af55f0cd768f9decacd4165,exp06_a_hybrid_state_causal_handoff,A001,handoff_state,ZH,compressed,2,gemini_3_1_pro_preview,3,1.794871794871795,0.22205779584216373,2.0,2.6666666666666665,1.0,1.0,1.0,1.0,1.0,1.0,4.666666666666667,1.0,4.333333333333333,4.333333333333333,5.0
762a2d44c430032f80dd86cacd6cd6e406511f22f2dffcd327da1e89e265219d,exp06_b_zh_tokenizer_ablation,B001,zh_tokenizer_ablation,ES_LITERAL,hybrid_state,2,grok_4_20_non_reasoning,3,4.615384615384616,0.3352999187338978,4.333333333333333,4.333333333333333,4.666666666666667,4.666666666666667,5.0,5.0,4.333333333333333,4.333333333333333,5.0,4.666666666666667,4.666666666666667,1.6666666666666667,1.3333333333333333
76376f79b2b39ddeef57bf9e3f01e1ddbf55f648da9794f4483c150ab49c15c3,exp06_a_hybrid_state_causal_handoff,A001,handoff_state,ES,compressed,3,grok_4_20_non_reasoning,3,4.82051282051282,0.3108809141790292,4.666666666666667,5.0,5.0,4.666666666666667,4.666666666666667,5.0,4.666666666666667,4.666666666666667,5.0,5.0,5.0,1.3333333333333333,1.3333333333333333
76be83e48bd78ec311c91a3a8b5677642f436249223892a377dc9870462d994d,exp06_b_zh_tokenizer_ablation,B004,zh_tokenizer_ablation,ES_LITERAL,hybrid_state,1,qwen3_next_80b_instruct,3,4.58974358974359,0.710584946694924,4.666666666666667,4.333333333333333,4.666666666666667,4.333333333333333,4.666666666666667,4.666666666666667,4.666666666666667,4.666666666666667,5.0,4.666666666666667,4.666666666666667,1.6666666666666667,1.6666666666666667
76ca07bf307be6ddb1baa5e0444f93adc87ef691d3a6c940d324a2ba33beac8d,exp06_b_zh_tokenizer_ablation,B009,zh_tokenizer_ablation,ZH_PINYIN,compressed,1,qwen3_next_80b_instruct,3,2.9230769230769234,0.4070386632407062,2.3333333333333335,3.3333333333333335,2.6666666666666665,2.6666666666666665,3.0,3.6666666666666665,3.0,3.3333333333333335,4.666666666666667,3.3333333333333335,1.3333333333333333,3.3333333333333335,4.0
76e0081dba00fdaf820dc3a01ea675538dd187117fa34831c367806f26b05c11,exp06_a_hybrid_state_causal_handoff,A010,auditability,EN,compressed,2,grok_4_20_non_reasoning,3,4.615384615384616,0.3352999187338978,4.333333333333333,5.0,4.333333333333333,4.333333333333333,4.666666666666667,4.666666666666667,4.333333333333333,4.333333333333333,5.0,5.0,5.0,1.3333333333333333,1.6666666666666667
7708ccee4cf0ada3203be4658208512ac2f0d917842e8a7c97cd8dc2d3c04bad,exp06_b_zh_tokenizer_ablation,B009,zh_tokenizer_ablation,ZH,compressed,3,grok_4_20_non_reasoning,3,4.871794871794871,0.22205779584216398,5.0,4.666666666666667,4.666666666666667,4.666666666666667,5.0,4.666666666666667,5.0,4.666666666666667,5.0,5.0,5.0,1.0,1.0
7725b607d2ef3021db7a5a7d3a147e0d57c6018a55be42ea3a59d8392b09ba37,exp06_b_zh_tokenizer_ablation,B002,zh_tokenizer_ablation,ZH,compressed,2,qwen3_next_80b_instruct,3,4.923076923076923,0.1332346775052983,5.0,4.666666666666667,5.0,5.0,5.0,5.0,4.666666666666667,5.0,5.0,5.0,5.0,1.0,1.3333333333333333
7732866222e927f8e87a8e7c030e6fb33295ccfbb11cdb33d690950e77493018,exp06_b_zh_tokenizer_ablation,B003,zh_tokenizer_ablation,ZH,compressed,2,gemini_3_1_pro_preview,3,2.4871794871794872,0.32025630761017426,2.0,4.0,2.0,1.6666666666666667,1.3333333333333333,1.6666666666666667,1.3333333333333333,2.0,5.0,2.0,4.666666666666667,2.6666666666666665,4.666666666666667
7738dbb283518b870141b9325b2c3a3dae78cb870084778c5100d01192bab08e,exp06_b_zh_tokenizer_ablation,B005,zh_tokenizer_ablation,ZH_PINYIN,hybrid_state,2,grok_4_20_non_reasoning,3,3.256410256410257,1.443888023107804,3.0,3.3333333333333335,3.0,2.6666666666666665,3.3333333333333335,3.6666666666666665,3.0,3.0,5.0,3.6666666666666665,2.6666666666666665,3.0,3.0
773f9b60c704d9f738314acd40c56fb7b81d915f3cf6cf56b35e191892310ac6,exp06_a_hybrid_state_causal_handoff,A009,auditability,ZH,hybrid_state,2,azure_gpt_5_5_instant,3,4.794871794871795,0.2912260690153986,4.666666666666667,4.666666666666667,4.666666666666667,4.0,5.0,4.666666666666667,5.0,5.0,5.0,5.0,5.0,1.0,1.3333333333333333
7777381bbcd08412b63c981ade8bc9cdb88a323177d82cc881689774d999c13a,exp06_b_zh_tokenizer_ablation,B005,zh_tokenizer_ablation,ZH,hybrid_state,3,grok_4_20_non_reasoning,3,4.102564102564102,0.8225135862741252,4.333333333333333,3.6666666666666665,4.0,4.333333333333333,4.0,4.333333333333333,3.6666666666666665,4.0,4.666666666666667,4.0,4.666666666666667,2.3333333333333335,2.0
77b667ab3526c1f94b1121c332b83c4d250b57bcefad3ad05cd94d2acfd3daa9,exp06_b_zh_tokenizer_ablation,B006,zh_tokenizer_ablation,ZH_PINYIN,compressed,3,grok_4_20_non_reasoning,3,4.615384615384616,0.3352999187338978,4.333333333333333,4.333333333333333,4.333333333333333,4.666666666666667,4.666666666666667,5.0,4.333333333333333,4.666666666666667,5.0,5.0,5.0,1.6666666666666667,1.6666666666666667
77d5de1b9bf7969b8d34c4c5a647264154a345892aeb6c6ae47c3875250e0178,exp06_b_zh_tokenizer_ablation,B008,zh_tokenizer_ablation,ZH,compressed,3,grok_4_20_non_reasoning,3,4.948717948717949,0.0888231183368657,5.0,4.666666666666667,5.0,5.0,5.0,5.0,5.0,4.666666666666667,5.0,5.0,5.0,1.0,1.0
77d9103b247d9866f3915b1f2ececfb0624bcf0b21d3bb4fe87d0e034223a86c,exp06_b_zh_tokenizer_ablation,B010,zh_tokenizer_ablation,ZH_PINYIN,compressed,1,gemini_3_1_pro_preview,3,2.051282051282051,0.42365927286816163,1.6666666666666667,2.0,1.3333333333333333,1.3333333333333333,2.0,1.6666666666666667,1.6666666666666667,1.3333333333333333,5.0,2.0,4.0,4.666666666666667,4.666666666666667
78095321bb8fca8bd79b7d52866e761ce4ad0af0256709772cc2f2732b325b7c,exp06_b_zh_tokenizer_ablation,B001,zh_tokenizer_ablation,ZH,compressed,2,gemini_3_1_pro_preview,3,1.7692307692307692,0.5807564950208268,2.0,2.0,1.3333333333333333,1.0,1.6666666666666667,1.3333333333333333,1.0,1.3333333333333333,4.0,1.3333333333333333,3.3333333333333335,4.333333333333333,5.0
7813c39c29c4bf48569b842db4de26cb4c40ebb0b80d1e6a73afb023fec168be,exp06_b_zh_tokenizer_ablation,B004,zh_tokenizer_ablation,EN_LITERAL,compressed,1,qwen3_next_80b_instruct,3,4.641025641025641,0.3108809141790292,4.333333333333333,5.0,4.333333333333333,4.333333333333333,4.333333333333333,5.0,4.333333333333333,5.0,5.0,4.666666666666667,5.0,1.6666666666666667,1.3333333333333333
785dca0f9d224926b9715bca3c5617cab97fd276ce0584bccef7306fb49c43a0,exp06_a_hybrid_state_causal_handoff,A011,handoff_state,ES,compressed,1,azure_gpt_5_5_instant,3,5.0,0.0,5.0,5.0,5.0,5.0,5.0,5.0,5.0,5.0,5.0,5.0,5.0,1.0,1.0
7869f243c434b2370a6157bc5a0c95da212cc85394c23a4548dedfeff949e546,exp06_a_hybrid_state_causal_handoff,A009,auditability,ZH,compressed,2,azure_gpt_5_5_instant,3,4.82051282051282,0.24727309643571693,5.0,5.0,4.666666666666667,4.666666666666667,4.666666666666667,5.0,4.666666666666667,5.0,4.666666666666667,5.0,5.0,1.3333333333333333,1.3333333333333333
78930035a57bd41acf51cb519054b9a2ee49f7ff6ba8b7ec3d85c7f4eb37b67e,exp06_b_zh_tokenizer_ablation,B007,zh_tokenizer_ablation,EN_LITERAL,hybrid_state,3,gemini_3_1_pro_preview,3,2.1025641025641026,0.4507280982371012,1.3333333333333333,2.3333333333333335,1.3333333333333333,1.0,2.6666666666666665,2.0,1.3333333333333333,1.3333333333333333,5.0,2.0,4.666666666666667,4.666666666666667,5.0
78a67203dbca1746002ac90cdf742f07a859be89151fb641b19eff141978b9f1,exp06_b_zh_tokenizer_ablation,B004,zh_tokenizer_ablation,ES_LITERAL,compressed,3,grok_4_20_non_reasoning,3,4.846153846153846,0.15384615384615374,4.666666666666667,5.0,4.666666666666667,4.666666666666667,5.0,5.0,5.0,5.0,4.333333333333333,5.0,5.0,1.3333333333333333,1.0
78d481f9a94f9953b3b5da36153c1ae12f80cb26e04814cd55ce01a4ff5d1836,exp06_a_hybrid_state_causal_handoff,A005,continuity_recovery,EN,hybrid_state,3,grok_4_20_non_reasoning,3,4.538461538461538,0.4679048100229399,4.333333333333333,4.0,4.666666666666667,4.666666666666667,4.666666666666667,4.666666666666667,4.666666666666667,4.666666666666667,4.666666666666667,4.666666666666667,4.666666666666667,2.0,1.3333333333333333
78f7fb9b99fc9f8dd3ce227e95870e192960cb841a576e367c9f094cd31ec64e,exp06_b_zh_tokenizer_ablation,B009,zh_tokenizer_ablation,ES_LITERAL,hybrid_state,3,qwen3_next_80b_instruct,3,4.487179487179487,0.4507280982371011,4.666666666666667,3.6666666666666665,4.0,4.333333333333333,5.0,5.0,4.333333333333333,4.333333333333333,5.0,5.0,4.666666666666667,2.0,1.6666666666666667
793fd3d2a640aeebb111f863e4db0c6aca51b358088f1a629c8126ed447f8f34,exp06_a_hybrid_state_causal_handoff,A006,continuity_recovery,ZH,compressed,1,azure_gpt_5_5_instant,3,4.948717948717949,0.0888231183368657,5.0,5.0,5.0,5.0,5.0,5.0,5.0,5.0,4.666666666666667,5.0,4.666666666666667,1.0,1.0
7949a0844da79fe518a230e6d5e8abbb197f8c5afe15cab35e7e4613177f0912,exp06_a_hybrid_state_causal_handoff,A005,continuity_recovery,ZH,compressed,1,qwen3_next_80b_instruct,3,4.923076923076923,0.0769230769230771,5.0,5.0,5.0,4.666666666666667,5.0,5.0,4.666666666666667,5.0,4.666666666666667,5.0,5.0,1.0,1.0
795d03ce503f51e3c91238c2aca54ee7b61a1b1b80c6dfc105d0c5e5df0679ca,exp06_b_zh_tokenizer_ablation,B008,zh_tokenizer_ablation,ES_LITERAL,compressed,3,grok_4_20_non_reasoning,3,5.0,0.0,5.0,5.0,5.0,5.0,5.0,5.0,5.0,5.0,5.0,5.0,5.0,1.0,1.0
7968072dfb57acdb07bbd450e6cd8090401b35de017f7d10952e93b7b85d6829,exp06_a_hybrid_state_causal_handoff,A007,causal_claim,EN,hybrid_state,2,grok_4_20_non_reasoning,3,4.333333333333333,0.7894771445302897,4.0,3.6666666666666665,4.333333333333333,4.0,4.666666666666667,4.666666666666667,4.333333333333333,4.666666666666667,5.0,4.333333333333333,4.666666666666667,2.0,2.0
79a55da6569af3376743d4a1cac94bc1242fbb220736747296e7372752b22fb9,exp06_b_zh_tokenizer_ablation,B006,zh_tokenizer_ablation,ZH,hybrid_state,1,gemini_3_1_pro_preview,3,1.8974358974358976,0.23500388179260712,1.6666666666666667,2.6666666666666665,1.0,1.0,1.3333333333333333,1.6666666666666667,1.3333333333333333,1.6666666666666667,3.3333333333333335,1.0,4.666666666666667,3.6666666666666665,5.0
79ca64b54037cf41a64d285192a31d5e2af91d3cf75d864a7a9267df238f155a,exp06_a_hybrid_state_causal_handoff,A004,continuity_recovery,ZH,hybrid_state,3,qwen3_next_80b_instruct,3,4.82051282051282,0.19358549834027583,4.666666666666667,4.333333333333333,5.0,4.666666666666667,5.0,5.0,5.0,5.0,5.0,5.0,5.0,1.6666666666666667,1.3333333333333333
79ef02d7af24cb7bc7165c7e27261c5b0cedc87b49f413b7c73c0ba2bd091067,exp06_a_hybrid_state_causal_handoff,A004,continuity_recovery,ES,compressed,1,qwen3_next_80b_instruct,3,4.538461538461538,0.5044183480232308,4.333333333333333,5.0,4.333333333333333,4.0,4.333333333333333,4.666666666666667,4.333333333333333,4.666666666666667,5.0,4.333333333333333,5.0,1.3333333333333333,1.6666666666666667
7a2502a8b026cd47bbf7b54ec5c19b1e932bcf8d7b3e3ef3d90b12380f68bc56,exp06_a_hybrid_state_causal_handoff,A010,auditability,ES,compressed,3,qwen3_next_80b_instruct,3,4.615384615384616,0.6661733875264912,4.666666666666667,5.0,4.666666666666667,4.666666666666667,4.333333333333333,4.666666666666667,4.333333333333333,4.666666666666667,5.0,4.666666666666667,5.0,1.6666666666666667,2.0
7a399bafb77b7d595560cd85fba6f1d90229797637c641dbd3f15791b7569446,exp06_a_hybrid_state_causal_handoff,A011,handoff_state,ZH,hybrid_state,2,azure_gpt_5_5_instant,3,4.769230769230769,0.3352999187338978,5.0,4.666666666666667,5.0,4.333333333333333,4.666666666666667,5.0,4.666666666666667,4.666666666666667,5.0,5.0,5.0,1.3333333333333333,1.6666666666666667
7a3b22a04cd241212efda2dcbf840b0efc533784ff622763c732e076f1a536c1,exp06_a_hybrid_state_causal_handoff,A007,causal_claim,EN,hybrid_state,2,azure_gpt_5_5_instant,3,4.641025641025641,0.4945461928714337,4.666666666666667,4.0,4.666666666666667,4.666666666666667,5.0,4.666666666666667,4.666666666666667,4.666666666666667,4.0,5.0,5.0,1.3333333333333333,1.3333333333333333
7a42708ed23bc25bcf0920ecb5b2c51b590d30e84fa237217c00cb15615b6c11,exp06_a_hybrid_state_causal_handoff,A011,handoff_state,ES,compressed,3,grok_4_20_non_reasoning,3,4.769230769230769,0.39970403251589487,5.0,4.666666666666667,4.666666666666667,5.0,4.666666666666667,5.0,4.666666666666667,4.666666666666667,5.0,4.666666666666667,4.666666666666667,1.3333333333333333,1.3333333333333333
7a7b39dfd5c60b8e02e3c51209b0bd89cca317fa2abe0ac091c004487ec62964,exp06_a_hybrid_state_causal_handoff,A008,causal_claim,ES,hybrid_state,3,gemini_3_1_pro_preview,3,1.3076923076923077,0.2035193316203531,1.3333333333333333,1.0,1.0,1.0,1.0,1.0,1.3333333333333333,1.0,3.0,1.0,2.3333333333333335,5.0,5.0
7a964dad07c26015b3bc3f90da38f8c370456f9f462b155c0eac882789974ef6,exp06_b_zh_tokenizer_ablation,B009,zh_tokenizer_ablation,ZH,compressed,2,qwen3_next_80b_instruct,3,4.076923076923077,0.8320502943378437,4.0,4.333333333333333,3.6666666666666665,3.3333333333333335,4.0,3.6666666666666665,4.333333333333333,4.0,5.0,4.333333333333333,5.0,2.0,2.6666666666666665
7aa051f56d2a917c0cf47748e4f8c1dfa8942fd58d836a9a9882069d5f6278b8,exp06_b_zh_tokenizer_ablation,B009,zh_tokenizer_ablation,ES_LITERAL,hybrid_state,2,qwen3_next_80b_instruct,3,4.0256410256410255,0.8981681993916407,4.0,3.0,3.3333333333333335,3.3333333333333335,5.0,4.666666666666667,4.333333333333333,4.0,5.0,4.666666666666667,4.0,2.6666666666666665,2.3333333333333335
7b59bad4ef21014fcbd342ef873102e4c64563b49029e96c31cbf435622bd452,exp06_a_hybrid_state_causal_handoff,A011,handoff_state,ZH,hybrid_state,1,grok_4_20_non_reasoning,3,3.8974358974358974,1.2023973423275236,4.0,3.3333333333333335,3.6666666666666665,3.6666666666666665,4.333333333333333,4.0,4.0,3.6666666666666665,5.0,4.0,4.333333333333333,2.6666666666666665,2.6666666666666665
7bab68e3087804aaa55e4de674ee5391692bd9a8276234fde48e495788a98151,exp06_b_zh_tokenizer_ablation,B002,zh_tokenizer_ablation,ZH,hybrid_state,2,grok_4_20_non_reasoning,3,4.846153846153846,0.1332346775052983,5.0,4.333333333333333,5.0,5.0,5.0,5.0,4.666666666666667,5.0,5.0,5.0,4.666666666666667,1.6666666666666667,1.0
7be6ec0cab0b34363c403a1ee16c2cd5e736099c121332d20aff542311dcfd64,exp06_b_zh_tokenizer_ablation,B010,zh_tokenizer_ablation,ES_LITERAL,compressed,2,gemini_3_1_pro_preview,3,1.9230769230769231,0.07692307692307687,2.0,2.0,1.3333333333333333,1.0,2.0,1.3333333333333333,1.6666666666666667,1.3333333333333333,4.666666666666667,1.6666666666666667,3.0,4.0,5.0
7be870a9aa5c82784b06ee3f4dc73d8e6bf075a9c106185b9f99f88064de908c,exp06_a_hybrid_state_causal_handoff,A011,handoff_state,ZH,compressed,1,gemini_3_1_pro_preview,3,1.8205128205128205,0.08882311833686557,1.3333333333333333,2.6666666666666665,1.0,1.0,1.0,1.0,1.0,1.0,5.0,1.0,4.666666666666667,4.0,5.0
7bf3dfe5e3bbf1bc0c96688ccf4eaa25307aa0d6dce845da9da55b27e504edd9,exp06_b_zh_tokenizer_ablation,B001,zh_tokenizer_ablation,ZH_PINYIN,compressed,2,grok_4_20_non_reasoning,3,4.923076923076923,0.1332346775052983,5.0,5.0,5.0,4.666666666666667,5.0,5.0,4.666666666666667,5.0,5.0,5.0,5.0,1.0,1.3333333333333333
7bfe57b2c7135a923b9cd630c1ab8246d54edd91964fc90348d521a18ff92c4d,exp06_a_hybrid_state_causal_handoff,A003,handoff_state,EN,compressed,1,qwen3_next_80b_instruct,3,4.615384615384616,0.5384615384615384,4.333333333333333,4.666666666666667,4.666666666666667,4.666666666666667,4.666666666666667,4.666666666666667,4.666666666666667,4.666666666666667,4.666666666666667,4.666666666666667,4.666666666666667,1.3333333333333333,1.6666666666666667
7c56f985d9423b73f99d64f9fdb62178e1cf53416aa91a504907acbb67e34f52,exp06_a_hybrid_state_causal_handoff,A005,continuity_recovery,ZH,hybrid_state,2,qwen3_next_80b_instruct,3,4.6923076923076925,0.2773500981126146,5.0,4.333333333333333,4.666666666666667,4.666666666666667,5.0,5.0,4.333333333333333,4.666666666666667,5.0,5.0,4.333333333333333,1.6666666666666667,1.3333333333333333
7c67a26fa0a8e080df24311f87019a422775941b612ab18ab48144806d5fb864,exp06_a_hybrid_state_causal_handoff,A010,auditability,ZH,hybrid_state,2,azure_gpt_5_5_instant,3,4.794871794871795,0.23500388179260723,5.0,4.666666666666667,4.333333333333333,4.333333333333333,5.0,5.0,5.0,5.0,5.0,5.0,4.666666666666667,1.3333333333333333,1.3333333333333333
7ca47dee521b99bb4048bce7b1bf84019b7997add0cc7f257e8e50aaccfbba88,exp06_a_hybrid_state_causal_handoff,A003,handoff_state,ES,hybrid_state,3,gemini_3_1_pro_preview,3,1.5128205128205128,0.4700077635852144,1.3333333333333333,2.0,1.0,1.0,1.6666666666666667,1.3333333333333333,1.0,1.0,3.6666666666666665,1.3333333333333333,2.0,4.666666666666667,5.0
7cb11cdde4925c464a29882430532027c974690053dfe8441ff1b7eb0c6e4a1d,exp06_a_hybrid_state_causal_handoff,A010,auditability,ZH,compressed,1,azure_gpt_5_5_instant,3,4.923076923076923,0.1332346775052983,5.0,5.0,4.666666666666667,5.0,5.0,5.0,4.666666666666667,5.0,5.0,5.0,5.0,1.3333333333333333,1.0
7d1950b319e58e1b02786ba97edd92b2accf382e5003d2c9e168c812396af38f,exp06_b_zh_tokenizer_ablation,B009,zh_tokenizer_ablation,ZH_PINYIN,compressed,2,gemini_3_1_pro_preview,3,2.1538461538461537,0.5044183480232308,2.0,2.3333333333333335,1.6666666666666667,1.3333333333333333,1.6666666666666667,1.6666666666666667,1.6666666666666667,1.6666666666666667,4.666666666666667,1.6666666666666667,4.333333333333333,4.333333333333333,4.333333333333333
7d5afb154eb127ce7baae60f442b1ba386576d6eeea333245d56287332664053,exp06_a_hybrid_state_causal_handoff,A010,auditability,EN,compressed,3,azure_gpt_5_5_instant,3,4.666666666666667,0.5773502691896258,4.666666666666667,4.666666666666667,4.666666666666667,4.666666666666667,4.666666666666667,4.666666666666667,4.666666666666667,4.666666666666667,4.666666666666667,4.666666666666667,4.666666666666667,1.3333333333333333,1.3333333333333333
7d726f2a3259c4de35d14a575b434c8ce006168e98b95ee1ca4728d79a8c364b,exp06_b_zh_tokenizer_ablation,B006,zh_tokenizer_ablation,EN_LITERAL,hybrid_state,3,gemini_3_1_pro_preview,3,1.4871794871794872,0.43740313100594824,1.0,1.3333333333333333,1.0,1.0,1.6666666666666667,1.6666666666666667,1.0,1.3333333333333333,3.6666666666666665,1.3333333333333333,2.3333333333333335,5.0,5.0
7d8d40f88acf5d3a5bc7bb410d4fd78494c2879245c8d35b4440a6d5398ea9c3,exp06_a_hybrid_state_causal_handoff,A009,auditability,ZH,hybrid_state,1,gemini_3_1_pro_preview,3,1.9743589743589745,0.04441155916843272,2.0,2.6666666666666665,1.0,1.0,1.3333333333333333,1.0,1.3333333333333333,1.3333333333333333,4.333333333333333,2.0,4.666666666666667,4.0,5.0
7db0396332d656c7d3f5f62948f51c5efcd0740eb6b6be92328c086010146981,exp06_a_hybrid_state_causal_handoff,A005,continuity_recovery,EN,hybrid_state,3,azure_gpt_5_5_instant,3,4.58974358974359,0.5121790860368763,4.666666666666667,4.0,4.666666666666667,4.666666666666667,4.666666666666667,4.666666666666667,4.666666666666667,4.666666666666667,4.666666666666667,4.666666666666667,4.666666666666667,1.6666666666666667,1.3333333333333333
7ded4ece844ec6609bcebd6082e89122ad0bab4fce6c741280956be2aeb97336,exp06_b_zh_tokenizer_ablation,B004,zh_tokenizer_ablation,EN_LITERAL,hybrid_state,3,qwen3_next_80b_instruct,3,4.41025641025641,0.5236045604272342,4.333333333333333,3.6666666666666665,4.333333333333333,4.333333333333333,4.666666666666667,4.666666666666667,4.333333333333333,4.333333333333333,5.0,4.666666666666667,5.0,2.3333333333333335,1.6666666666666667
7dfe85567ce79e7f0faf4e557a56a4168105d57c9a61a2336c17b7bd821e42f5,exp06_a_hybrid_state_causal_handoff,A012,continuity_recovery,ZH,compressed,3,gemini_3_1_pro_preview,3,2.307692307692308,0.23076923076923062,2.0,3.0,1.6666666666666667,1.3333333333333333,1.6666666666666667,2.0,2.0,1.3333333333333333,5.0,2.0,4.666666666666667,4.0,4.666666666666667
7e00d17bb44de93fdce27ba076bcd9bbdd42b4aea7d9482941a3cc44e9b6e371,exp06_a_hybrid_state_causal_handoff,A009,auditability,ES,compressed,2,gemini_3_1_pro_preview,3,1.3076923076923077,0.15384615384615385,1.0,1.3333333333333333,1.0,1.0,1.0,1.0,1.0,1.0,3.3333333333333335,1.0,2.3333333333333335,5.0,5.0
7e5cc3174613bb7a8d1b8b33adb398b16ec008276c514669fc282b45cb5f5fee,exp06_a_hybrid_state_causal_handoff,A004,continuity_recovery,ES,hybrid_state,3,qwen3_next_80b_instruct,3,4.615384615384616,0.5384615384615384,5.0,4.0,4.666666666666667,4.666666666666667,5.0,4.666666666666667,4.666666666666667,4.666666666666667,5.0,4.666666666666667,4.333333333333333,2.0,1.3333333333333333
7e64ba7e6663ea0a290f4b8c05143ef43816d357172802e6a2b0c18b373e6a79,exp06_a_hybrid_state_causal_handoff,A009,auditability,EN,compressed,1,gemini_3_1_pro_preview,3,1.8717948717948716,0.24727309643571677,1.3333333333333333,2.0,1.0,1.0,1.3333333333333333,1.3333333333333333,1.3333333333333333,1.3333333333333333,5.0,1.3333333333333333,5.0,4.666666666666667,5.0
7e88ad3a603c65763d34e96db4745e384821c01f0e5ea89df36b5b4aa1d9d158,exp06_b_zh_tokenizer_ablation,B003,zh_tokenizer_ablation,ES_LITERAL,compressed,1,qwen3_next_80b_instruct,3,4.666666666666667,0.2912260690153986,4.666666666666667,4.666666666666667,4.666666666666667,4.666666666666667,5.0,5.0,4.333333333333333,4.333333333333333,5.0,4.333333333333333,5.0,1.6666666666666667,1.3333333333333333
7ea694fb8d1f49124913a0b9d130b2b9554e18b94cde95da69574b761629aa4f,exp06_a_hybrid_state_causal_handoff,A001,handoff_state,ES,hybrid_state,1,gemini_3_1_pro_preview,3,1.7692307692307692,0.1332346775052983,1.6666666666666667,2.3333333333333335,1.0,1.0,1.3333333333333333,1.0,1.0,1.0,4.666666666666667,1.0,4.333333333333333,4.333333333333333,5.0
7eccefce55549aa88c9e39a9d5262ba4fee69daab61a83b15a58087e9681bb0b,exp06_b_zh_tokenizer_ablation,B007,zh_tokenizer_ablation,ES_LITERAL,hybrid_state,1,grok_4_20_non_reasoning,3,4.717948717948718,0.310880914179029,5.0,4.0,4.666666666666667,5.0,5.0,5.0,5.0,4.333333333333333,5.0,5.0,4.333333333333333,2.0,1.0
7f01db98e9026e647c81dddddedfa703af9f5f021250e93e009c7cb7c3cb0054,exp06_b_zh_tokenizer_ablation,B009,zh_tokenizer_ablation,EN_LITERAL,hybrid_state,3,gemini_3_1_pro_preview,3,1.794871794871795,0.11750194089630363,1.0,1.3333333333333333,1.0,1.0,2.6666666666666665,2.0,1.6666666666666667,1.3333333333333333,4.666666666666667,1.3333333333333333,3.0,4.666666666666667,5.0
7f23cca35c21286ff9b8462aeafd35f6161796f03ed2c91216bd5787a29efc79,exp06_a_hybrid_state_causal_handoff,A011,handoff_state,EN,hybrid_state,2,azure_gpt_5_5_instant,3,4.512820512820513,0.7781533797688984,4.666666666666667,4.333333333333333,4.333333333333333,4.0,4.333333333333333,4.666666666666667,4.333333333333333,4.666666666666667,5.0,4.666666666666667,5.0,1.6666666666666667,1.6666666666666667
7f302a6101a4e568153d22c9be7837e7db9c5e10a49345aad8f0bffd8d132e2e,exp06_a_hybrid_state_causal_handoff,A007,causal_claim,ZH,compressed,2,qwen3_next_80b_instruct,3,4.82051282051282,0.3108809141790292,4.666666666666667,5.0,4.666666666666667,4.666666666666667,5.0,4.666666666666667,4.666666666666667,5.0,5.0,4.666666666666667,5.0,1.0,1.3333333333333333
7f50751cb0f634cc44b7ee0b9fe7aabefb49e7db276c14621b5383d48b587125,exp06_a_hybrid_state_causal_handoff,A004,continuity_recovery,ZH,hybrid_state,1,azure_gpt_5_5_instant,3,4.923076923076923,0.1332346775052983,5.0,4.666666666666667,5.0,5.0,5.0,5.0,5.0,5.0,5.0,5.0,5.0,1.3333333333333333,1.3333333333333333
7f5f3a4df604fdaf9b8226355a1a7a33f974c86cfd17300a95dc40cf61a9e356,exp06_a_hybrid_state_causal_handoff,A012,continuity_recovery,EN,compressed,3,grok_4_20_non_reasoning,3,4.58974358974359,0.710584946694924,4.666666666666667,4.666666666666667,4.333333333333333,4.333333333333333,4.666666666666667,4.333333333333333,4.666666666666667,4.666666666666667,5.0,4.666666666666667,5.0,1.6666666666666667,1.6666666666666667
7f8554383267aca6c251ed953c85b5cf07ae96f7dd19fcf25862c7f852760136,exp06_b_zh_tokenizer_ablation,B001,zh_tokenizer_ablation,EN_LITERAL,hybrid_state,1,gemini_3_1_pro_preview,3,2.692307692307692,0.6837072628704298,2.6666666666666665,3.6666666666666665,2.0,1.6666666666666667,2.3333333333333335,2.0,1.6666666666666667,2.0,5.0,2.6666666666666665,4.666666666666667,3.0,4.333333333333333
7fd95a9522303e22b0f8d30c292ef1e3e46dc3da60582fed5d306a1882ae991f,exp06_a_hybrid_state_causal_handoff,A011,handoff_state,ES,compressed,1,qwen3_next_80b_instruct,3,4.051282051282051,0.9617948376159513,4.333333333333333,4.666666666666667,3.6666666666666665,4.0,4.0,3.6666666666666665,3.6666666666666665,4.0,5.0,4.0,4.666666666666667,2.3333333333333335,2.6666666666666665
7fdd16368317e0404033e2a955f207b3ae018d11ad4b7442071322e1caf3afb1,exp06_a_hybrid_state_causal_handoff,A008,causal_claim,ES,compressed,2,azure_gpt_5_5_instant,3,4.897435897435898,0.11750194089630366,5.0,5.0,5.0,4.666666666666667,5.0,5.0,5.0,5.0,4.666666666666667,5.0,5.0,1.3333333333333333,1.3333333333333333
801b368340b2571bbcbaba59209e346c5cb7357e92ef8e5571cc179e8ef2b531,exp06_a_hybrid_state_causal_handoff,A009,auditability,ES,hybrid_state,2,azure_gpt_5_5_instant,3,4.384615384615385,0.0,4.0,4.333333333333333,3.0,2.3333333333333335,5.0,5.0,5.0,5.0,5.0,5.0,4.666666666666667,1.3333333333333333,2.0
803162ea7605454a8c96378fb5eca504c4859d8800e7dd304b95e4a6eca7abc1,exp06_a_hybrid_state_causal_handoff,A007,causal_claim,ES,compressed,1,qwen3_next_80b_instruct,3,4.666666666666667,0.34686536560176123,4.666666666666667,4.333333333333333,4.666666666666667,4.333333333333333,4.666666666666667,5.0,4.666666666666667,5.0,5.0,5.0,5.0,1.6666666666666667,2.0
8039e10e6bf49d45ff535fd0fb477390bb085f822b7bad8c088b0b14afb7f163,exp06_b_zh_tokenizer_ablation,B005,zh_tokenizer_ablation,ZH,hybrid_state,1,gemini_3_1_pro_preview,3,1.794871794871795,0.4374031310059482,2.0,3.0,1.0,1.0,1.0,1.0,1.0,1.0,3.6666666666666665,1.0,4.333333333333333,3.6666666666666665,5.0
803f182df0a055137bc36d67a08be6be3ae46088c76d0aee3685f03357ba79bb,exp06_b_zh_tokenizer_ablation,B001,zh_tokenizer_ablation,ZH_PINYIN,hybrid_state,3,qwen3_next_80b_instruct,3,3.6153846153846154,1.270977818604485,3.3333333333333335,3.6666666666666665,3.6666666666666665,3.6666666666666665,3.6666666666666665,4.333333333333333,3.3333333333333335,3.6666666666666665,5.0,3.6666666666666665,2.6666666666666665,2.6666666666666665,3.0
80592d4f75e2fbe22f2175601bbc1a3a7e5ae5151132aaf9b88bddaa36eeb3c5,exp06_b_zh_tokenizer_ablation,B001,zh_tokenizer_ablation,ZH,compressed,1,qwen3_next_80b_instruct,3,4.794871794871795,0.1776462366737309,5.0,4.333333333333333,5.0,4.666666666666667,5.0,5.0,4.333333333333333,5.0,5.0,4.666666666666667,5.0,1.6666666666666667,1.0
806c1ad38a695be870688ed92020d45a82b7010e5273a29b939690f5550dcbe5,exp06_b_zh_tokenizer_ablation,B002,zh_tokenizer_ablation,ES_LITERAL,hybrid_state,1,qwen3_next_80b_instruct,3,4.41025641025641,0.4507280982371014,4.666666666666667,3.3333333333333335,4.333333333333333,4.666666666666667,5.0,4.333333333333333,4.333333333333333,4.333333333333333,5.0,4.666666666666667,4.333333333333333,2.0,1.6666666666666667
807ed572fa2b738b9a39043f03bd7cc6a10d081e9d8bd0f140d93fd97fc1fd3e,exp06_b_zh_tokenizer_ablation,B006,zh_tokenizer_ablation,ES_LITERAL,hybrid_state,1,qwen3_next_80b_instruct,3,4.538461538461539,0.40703866324070614,4.666666666666667,3.6666666666666665,4.666666666666667,4.666666666666667,5.0,5.0,4.666666666666667,4.333333333333333,5.0,5.0,3.6666666666666665,1.6666666666666667,1.6666666666666667
809662d9217f0057f2651922d9f16bd44a3e638ec35db07a589ef0e790cc2956,exp06_b_zh_tokenizer_ablation,B004,zh_tokenizer_ablation,EN_LITERAL,hybrid_state,2,grok_4_20_non_reasoning,3,4.564102564102565,0.37945252787048056,4.333333333333333,3.6666666666666665,4.666666666666667,4.666666666666667,4.333333333333333,5.0,4.666666666666667,4.333333333333333,5.0,4.666666666666667,4.666666666666667,1.6666666666666667,1.0
80b621e63fb0704952603133665318d99da04d24ddcb6769eebb8c80533690e6,exp06_a_hybrid_state_causal_handoff,A010,auditability,ES,hybrid_state,3,grok_4_20_non_reasoning,3,4.871794871794871,0.22205779584216398,5.0,4.666666666666667,4.666666666666667,5.0,5.0,5.0,5.0,5.0,5.0,4.666666666666667,5.0,1.3333333333333333,1.3333333333333333
80c32cb924e16bcb6e555606297ab6d1756af2a11e8365c946886ede06fff472,exp06_a_hybrid_state_causal_handoff,A005,continuity_recovery,EN,hybrid_state,1,qwen3_next_80b_instruct,3,4.512820512820514,0.437403131005948,4.666666666666667,3.6666666666666665,4.333333333333333,4.666666666666667,5.0,5.0,4.333333333333333,4.333333333333333,5.0,4.666666666666667,4.333333333333333,2.0,1.3333333333333333
80ffc58240b3aaf426e2099ba2753ac098e4f611a1a696cab86ac15628d03532,exp06_b_zh_tokenizer_ablation,B008,zh_tokenizer_ablation,ES_LITERAL,hybrid_state,3,qwen3_next_80b_instruct,3,4.384615384615384,0.5384615384615384,4.333333333333333,3.6666666666666665,4.333333333333333,4.333333333333333,5.0,4.666666666666667,4.333333333333333,4.333333333333333,5.0,4.333333333333333,4.333333333333333,2.0,1.6666666666666667
81380e012b756bf0a774b9f9b31ae931b77ed8356e4a87f23cfb64c0578fcb2c,exp06_b_zh_tokenizer_ablation,B009,zh_tokenizer_ablation,ES_LITERAL,hybrid_state,3,gemini_3_1_pro_preview,3,1.5128205128205128,0.270144968021865,1.0,1.0,1.0,1.0,2.3333333333333335,1.6666666666666667,1.3333333333333333,1.3333333333333333,4.0,1.3333333333333333,1.6666666666666667,5.0,5.0
81dea91063ae4e11d2baf4aab64b946b4975b2cbd1fd2f05792b59c0a01f22f6,exp06_b_zh_tokenizer_ablation,B001,zh_tokenizer_ablation,ZH,compressed,3,grok_4_20_non_reasoning,3,4.846153846153846,0.1332346775052983,5.0,4.333333333333333,5.0,5.0,5.0,5.0,4.666666666666667,4.666666666666667,5.0,5.0,5.0,1.6666666666666667,1.0
81e9b4df8a824be3a82bc8db220e30202f55e27588ff3c1ad24368c9a9b94d3a,exp06_a_hybrid_state_causal_handoff,A009,auditability,ES,hybrid_state,2,grok_4_20_non_reasoning,3,4.0,0.8871201995900609,4.0,3.3333333333333335,3.6666666666666665,3.3333333333333335,4.666666666666667,4.333333333333333,4.0,4.0,5.0,4.666666666666667,4.333333333333333,3.0,2.3333333333333335
8220b414711784111ff8c810332b7d6f28a5867270493b33eb2963949ba74bf7,exp06_a_hybrid_state_causal_handoff,A009,auditability,ZH,hybrid_state,2,qwen3_next_80b_instruct,3,4.102564102564103,0.9241446815866718,4.0,3.3333333333333335,4.0,3.6666666666666665,4.666666666666667,4.333333333333333,4.0,4.333333333333333,5.0,4.666666666666667,4.333333333333333,2.6666666666666665,2.3333333333333335
82514578cee3595a4a52ea750bd999ec66b87a694e9102aebe49dffab125600c,exp06_b_zh_tokenizer_ablation,B010,zh_tokenizer_ablation,ZH_PINYIN,compressed,2,gemini_3_1_pro_preview,3,1.8205128205128205,0.19358549834027564,1.6666666666666667,2.3333333333333335,1.0,1.0,1.6666666666666667,1.0,1.6666666666666667,1.0,5.0,1.3333333333333333,3.6666666666666665,4.666666666666667,5.0
827748912d4558569d08d1d3a90f98a0f6236603f42bfa06c65b24cdf3f22403,exp06_a_hybrid_state_causal_handoff,A010,auditability,ZH,compressed,2,gemini_3_1_pro_preview,3,1.6410256410256412,0.4236592728681618,1.6666666666666667,2.0,1.0,1.0,1.0,1.0,1.0,1.0,4.0,1.3333333333333333,3.6666666666666665,4.333333333333333,5.0
82be38dc3bdbbf4051b8575dd228f784a5ad1326a69e9a5ae700db43c115c8cb,exp06_a_hybrid_state_causal_handoff,A008,causal_claim,EN,compressed,2,grok_4_20_non_reasoning,3,4.435897435897435,0.4236592728681615,4.333333333333333,4.333333333333333,4.333333333333333,4.0,4.666666666666667,4.666666666666667,4.333333333333333,4.666666666666667,4.666666666666667,4.666666666666667,4.666666666666667,1.6666666666666667,2.0
835c0b2a5018855f149d9a11d7cf40794aaaee3bf2cd29963f010df2592987d6,exp06_b_zh_tokenizer_ablation,B010,zh_tokenizer_ablation,ZH,hybrid_state,2,gemini_3_1_pro_preview,3,1.4871794871794872,0.2912260690153987,1.0,1.6666666666666667,1.0,1.0,1.6666666666666667,1.6666666666666667,1.3333333333333333,1.0,3.3333333333333335,1.0,2.6666666666666665,5.0,5.0
8398f64a5b19cb186ab4d2a19f96697c398f6da4c5bb0b97828073cc5d14f59d,exp06_b_zh_tokenizer_ablation,B005,zh_tokenizer_ablation,EN_LITERAL,hybrid_state,3,qwen3_next_80b_instruct,3,4.794871794871795,0.19358549834027583,4.666666666666667,4.333333333333333,5.0,5.0,5.0,5.0,4.666666666666667,5.0,5.0,4.666666666666667,5.0,1.6666666666666667,1.3333333333333333
83d5d2e46804f24fa533adc0f9c6ecca9cb6f1f99b45328788434b14a82b22da,exp06_b_zh_tokenizer_ablation,B008,zh_tokenizer_ablation,EN_LITERAL,hybrid_state,2,qwen3_next_80b_instruct,3,4.358974358974359,0.5875097044815178,4.333333333333333,4.0,4.333333333333333,4.0,4.666666666666667,4.333333333333333,4.333333333333333,4.333333333333333,5.0,4.333333333333333,4.666666666666667,1.6666666666666667,2.0
84007b22960fba4d8d3d6a6b5502b347ad689386f14e765aad96251b728fdf60,exp06_b_zh_tokenizer_ablation,B008,zh_tokenizer_ablation,EN_LITERAL,hybrid_state,1,qwen3_next_80b_instruct,3,4.58974358974359,0.47000776358521457,4.666666666666667,4.0,4.666666666666667,4.666666666666667,5.0,4.333333333333333,4.666666666666667,4.333333333333333,5.0,4.666666666666667,4.666666666666667,1.6666666666666667,1.3333333333333333
8409aa343c0c33c8d2ab2e18d2a558c9eece79282419bda48fb7800823fd52a3,exp06_a_hybrid_state_causal_handoff,A011,handoff_state,ZH,compressed,1,qwen3_next_80b_instruct,3,4.17948717948718,0.9400155271704288,4.0,4.666666666666667,4.0,3.6666666666666665,4.0,4.333333333333333,3.6666666666666665,3.6666666666666665,5.0,4.333333333333333,5.0,1.6666666666666667,2.3333333333333335
843bbf0c1f88b3371a74a98b7e07423969147bf985df1fa838450ddc80ed32d9,exp06_b_zh_tokenizer_ablation,B005,zh_tokenizer_ablation,ZH_PINYIN,hybrid_state,1,grok_4_20_non_reasoning,3,4.384615384615384,0.93580962004588,4.666666666666667,4.0,4.333333333333333,4.333333333333333,4.333333333333333,4.666666666666667,4.333333333333333,4.333333333333333,5.0,4.666666666666667,4.0,1.6666666666666667,2.0
8440d2bf5dbf9e779cdf7813c27c24fadd3214e2eb04882cf52d3c79f8b8a8ba,exp06_b_zh_tokenizer_ablation,B007,zh_tokenizer_ablation,EN_LITERAL,hybrid_state,2,grok_4_20_non_reasoning,3,4.0256410256410255,1.0914767514765518,4.0,3.3333333333333335,3.6666666666666665,4.0,4.666666666666667,4.333333333333333,4.0,3.6666666666666665,4.666666666666667,4.0,5.0,2.6666666666666665,2.3333333333333335
849bc07b588be3fa528c246be88b735a2c95e21c63bb8d6b0fd0b38bf56c8476,exp06_b_zh_tokenizer_ablation,B002,zh_tokenizer_ablation,ES_LITERAL,hybrid_state,2,grok_4_20_non_reasoning,3,4.0,0.9638433912416666,4.0,3.3333333333333335,4.0,4.0,4.666666666666667,4.333333333333333,4.0,4.0,4.666666666666667,4.333333333333333,3.3333333333333335,2.6666666666666665,2.0
84b0810aa534d705d0dd9dbd3b599369c05dbf0d4fccc767e84830308c21ee89,exp06_a_hybrid_state_causal_handoff,A012,continuity_recovery,ES,hybrid_state,2,azure_gpt_5_5_instant,3,4.717948717948718,0.24727309643571693,4.333333333333333,5.0,4.333333333333333,4.666666666666667,5.0,4.666666666666667,4.666666666666667,4.666666666666667,5.0,5.0,5.0,1.3333333333333333,1.6666666666666667
850bd351fef42cd64efe75d4937a2eaffc30adf8bacdf2b2e13204d88623ab6f,exp06_a_hybrid_state_causal_handoff,A004,continuity_recovery,ES,compressed,1,gemini_3_1_pro_preview,3,1.846153846153846,0.3076923076923076,1.6666666666666667,2.6666666666666665,1.3333333333333333,1.0,1.0,1.0,1.3333333333333333,1.0,4.666666666666667,1.3333333333333333,4.333333333333333,4.333333333333333,5.0
8586907944838ab512d8355bb6a8935a2be2d71362833afa890acc0a56b0db93,exp06_b_zh_tokenizer_ablation,B005,zh_tokenizer_ablation,ES_LITERAL,hybrid_state,3,qwen3_next_80b_instruct,3,4.3076923076923075,0.6572310573321177,4.333333333333333,4.0,4.666666666666667,4.0,4.333333333333333,4.666666666666667,4.0,4.333333333333333,5.0,4.333333333333333,4.666666666666667,2.0,2.3333333333333335
858a55b5e6d5217a44c26bc16925d79d4d7b31a7c1f6377171fc42b3395668fa,exp06_a_hybrid_state_causal_handoff,A005,continuity_recovery,ZH,hybrid_state,3,qwen3_next_80b_instruct,3,4.769230769230769,0.20351933162035324,4.666666666666667,4.333333333333333,5.0,4.666666666666667,5.0,5.0,4.333333333333333,4.666666666666667,5.0,5.0,5.0,1.6666666666666667,1.0
85bb9033b20df9a366fd887016538894740d32b0cc70e423e06fe178e674aa1a,exp06_b_zh_tokenizer_ablation,B007,zh_tokenizer_ablation,ZH,compressed,2,grok_4_20_non_reasoning,3,4.358974358974359,0.6542231190857986,4.333333333333333,4.0,4.0,4.333333333333333,4.0,4.666666666666667,4.333333333333333,4.666666666666667,5.0,4.666666666666667,4.666666666666667,2.0,2.0
85ff50f47ad3d44ab3f9f43a1d0e69740e2710b413281cfd7b5e0c67aaf4e44a,exp06_b_zh_tokenizer_ablation,B007,zh_tokenizer_ablation,ES_LITERAL,compressed,3,gemini_3_1_pro_preview,3,1.6410256410256412,0.19358549834027575,1.0,2.0,1.0,1.0,1.0,1.0,1.3333333333333333,1.0,4.666666666666667,1.0,3.6666666666666665,4.333333333333333,5.0
860d9627fdf1dc1bff8e3cc1ebc126ef7ad4a8d6d5a95c71a2bddf9bbce4a65b,exp06_a_hybrid_state_causal_handoff,A005,continuity_recovery,ZH,hybrid_state,3,gemini_3_1_pro_preview,3,1.6666666666666667,0.22205779584216373,1.3333333333333333,2.0,1.0,1.0,1.6666666666666667,1.0,1.3333333333333333,1.3333333333333333,4.666666666666667,1.3333333333333333,2.6666666666666665,4.666666666666667,5.0
861a9bdf0b2dea908a06ecd6cd034da9a2dd84407b5678c02afd91e671302b8a,exp06_a_hybrid_state_causal_handoff,A003,handoff_state,ES,compressed,1,grok_4_20_non_reasoning,3,4.923076923076923,0.1332346775052983,4.666666666666667,5.0,5.0,4.666666666666667,5.0,5.0,5.0,5.0,5.0,5.0,5.0,1.0,1.3333333333333333
8642eb911261d003e4439ff0649aa67f27fdc9e26fbda58331871a298c09a862,exp06_a_hybrid_state_causal_handoff,A007,causal_claim,ES,hybrid_state,3,gemini_3_1_pro_preview,3,1.3846153846153844,0.2773500981126146,1.3333333333333333,1.6666666666666667,1.0,1.0,1.3333333333333333,1.3333333333333333,1.3333333333333333,1.0,2.6666666666666665,1.0,2.3333333333333335,5.0,5.0
86613856d444dfaec0844262cb35e91efef80d19e9947ff3a22448d531372255,exp06_b_zh_tokenizer_ablation,B001,zh_tokenizer_ablation,ZH_PINYIN,hybrid_state,3,gemini_3_1_pro_preview,3,1.6666666666666667,0.24727309643571682,1.6666666666666667,2.0,1.0,1.0,1.0,1.0,1.3333333333333333,1.0,5.0,1.0,3.3333333333333335,4.666666666666667,5.0
86abcb57bc480ed915384ffb4a3ca050c9a197b6e66937fc60bab20fa9494ba7,exp06_b_zh_tokenizer_ablation,B003,zh_tokenizer_ablation,ZH_PINYIN,hybrid_state,1,grok_4_20_non_reasoning,3,4.564102564102564,0.6265021396343905,4.333333333333333,4.333333333333333,4.666666666666667,4.666666666666667,4.666666666666667,4.666666666666667,4.666666666666667,4.666666666666667,5.0,4.666666666666667,4.666666666666667,2.0,1.6666666666666667
86ef00b4ef0d3180ab18f30ba9955e889fd69689db9642aaad894aa5596c2036,exp06_a_hybrid_state_causal_handoff,A009,auditability,ES,compressed,3,grok_4_20_non_reasoning,3,5.0,0.0,5.0,5.0,5.0,5.0,5.0,5.0,5.0,5.0,5.0,5.0,5.0,1.0,1.0
86f7a41310a5e2c610690181983ae0b02893891a0ba683ef4b708dc41336a9ef,exp06_b_zh_tokenizer_ablation,B007,zh_tokenizer_ablation,ZH_PINYIN,compressed,2,grok_4_20_non_reasoning,3,4.58974358974359,0.47000776358521457,4.666666666666667,4.333333333333333,4.666666666666667,4.666666666666667,4.333333333333333,4.666666666666667,4.666666666666667,4.666666666666667,5.0,4.666666666666667,5.0,2.0,1.6666666666666667
876fbc27bd8731378b9a8698ec36ab2d6615ef10e6dd209cc5c1669bdc1a58e3,exp06_a_hybrid_state_causal_handoff,A002,handoff_state,ES,hybrid_state,3,grok_4_20_non_reasoning,3,4.3076923076923075,0.6007884366082042,4.333333333333333,3.6666666666666665,4.333333333333333,4.333333333333333,4.666666666666667,4.666666666666667,4.333333333333333,4.333333333333333,5.0,4.333333333333333,4.0,2.3333333333333335,1.6666666666666667
878eb316e22569907e39fc63bd053ac3b8d5ca34f2fb4d64dedfb3ffc316bef2,exp06_b_zh_tokenizer_ablation,B005,zh_tokenizer_ablation,ZH,compressed,1,grok_4_20_non_reasoning,3,4.205128205128205,0.7147364033213515,4.333333333333333,4.666666666666667,4.333333333333333,4.333333333333333,3.6666666666666665,4.0,3.6666666666666665,4.0,5.0,4.333333333333333,4.333333333333333,1.6666666666666667,2.3333333333333335
87a97ec6cc47fa84bc8044be25692f1e68980c8a00c5733e3772306e613d0ace,exp06_b_zh_tokenizer_ablation,B003,zh_tokenizer_ablation,ZH,hybrid_state,2,gemini_3_1_pro_preview,3,1.3076923076923077,0.07692307692307687,1.3333333333333333,1.3333333333333333,1.0,1.0,1.0,1.0,1.0,1.0,2.6666666666666665,1.0,2.3333333333333335,4.666666666666667,5.0
87cd4de87dcad87401fe0991e8acd8190d8966246782db7bea6db02f1f9308d4,exp06_a_hybrid_state_causal_handoff,A002,handoff_state,ES,compressed,3,grok_4_20_non_reasoning,3,5.0,0.0,5.0,5.0,5.0,5.0,5.0,5.0,5.0,5.0,5.0,5.0,5.0,1.0,1.0
87d65d99db47bea360aa957feb45a9ba5b821e66942cd55d89d4120c66e49b41,exp06_a_hybrid_state_causal_handoff,A008,causal_claim,EN,compressed,3,grok_4_20_non_reasoning,3,4.512820512820513,0.5004928537421317,4.666666666666667,4.666666666666667,4.333333333333333,4.333333333333333,4.666666666666667,4.333333333333333,4.333333333333333,4.666666666666667,4.666666666666667,4.666666666666667,4.666666666666667,1.6666666666666667,1.6666666666666667
87f4c1db4e5d887d6e967bfb13169df85f2989a90cf316d39b0327a330763ada,exp06_a_hybrid_state_causal_handoff,A009,auditability,EN,hybrid_state,3,gemini_3_1_pro_preview,3,1.4871794871794872,0.43740313100594824,1.0,1.3333333333333333,1.0,1.0,1.6666666666666667,1.0,1.3333333333333333,1.0,3.6666666666666665,1.3333333333333333,3.0,5.0,5.0
88145658b94b70e16fb8994ac43367650daa2497a731e3732e162a7764007b3d,exp06_b_zh_tokenizer_ablation,B001,zh_tokenizer_ablation,ES_LITERAL,compressed,3,grok_4_20_non_reasoning,3,4.794871794871795,0.19358549834027583,4.666666666666667,5.0,4.666666666666667,4.666666666666667,4.666666666666667,5.0,4.333333333333333,4.666666666666667,5.0,5.0,5.0,1.0,1.3333333333333333
88419112cf9713b21271fa5a703a2854490402ce3d28bc62ea4976063f9ea5d4,exp06_b_zh_tokenizer_ablation,B005,zh_tokenizer_ablation,ES_LITERAL,hybrid_state,2,gemini_3_1_pro_preview,3,1.3333333333333333,0.31088091417902924,1.3333333333333333,1.3333333333333333,1.0,1.0,1.0,1.0,1.0,1.0,3.6666666666666665,1.0,2.0,5.0,5.0
885c39d255b845f0662c412c3be82dab1ee84ebe4168f3f85f19eb23dd69d660,exp06_a_hybrid_state_causal_handoff,A008,causal_claim,ZH,compressed,1,grok_4_20_non_reasoning,3,4.923076923076923,0.1332346775052983,5.0,5.0,4.666666666666667,4.666666666666667,5.0,5.0,5.0,5.0,5.0,5.0,5.0,1.0,1.3333333333333333
885c88786e44975714ddb7983ff1ba92572d0ba55542ad899a3ecd7c595559dd,exp06_a_hybrid_state_causal_handoff,A006,continuity_recovery,ES,hybrid_state,2,azure_gpt_5_5_instant,3,4.948717948717949,0.0888231183368657,5.0,4.666666666666667,5.0,5.0,5.0,5.0,5.0,5.0,4.666666666666667,5.0,5.0,1.0,1.0
887feccab618d682a6d68c486e6aefa6d114e71a354f67dd6cf7cd71361a9b63,exp06_a_hybrid_state_causal_handoff,A005,continuity_recovery,EN,hybrid_state,2,qwen3_next_80b_instruct,3,4.615384615384616,0.48038446141526153,4.666666666666667,4.0,4.666666666666667,4.666666666666667,5.0,4.666666666666667,4.666666666666667,4.333333333333333,5.0,4.666666666666667,5.0,2.0,1.3333333333333333
888c7e65c8265800af3ec38ad05233f8c0e250f188b6c76ed7c6f7646b53f41c,exp06_b_zh_tokenizer_ablation,B002,zh_tokenizer_ablation,ZH,hybrid_state,1,qwen3_next_80b_instruct,3,4.58974358974359,0.4236592728681615,4.666666666666667,4.0,4.666666666666667,4.666666666666667,5.0,4.666666666666667,4.333333333333333,4.333333333333333,5.0,5.0,4.666666666666667,2.0,1.3333333333333333
889c685637570c5ca894f62fb9eafb83a878f60b97d5a541669df456fb805d7d,exp06_a_hybrid_state_causal_handoff,A006,continuity_recovery,ZH,compressed,1,gemini_3_1_pro_preview,3,2.5128205128205128,0.32025630761017426,2.3333333333333335,3.6666666666666665,2.0,1.6666666666666667,2.0,1.6666666666666667,1.6666666666666667,1.6666666666666667,5.0,1.6666666666666667,4.666666666666667,3.0,4.333333333333333
88d190dd75676218754f87e101b6227b61369c5da4feda164ce477a3d92c6f20,exp06_a_hybrid_state_causal_handoff,A005,continuity_recovery,ZH,compressed,1,gemini_3_1_pro_preview,3,1.564102564102564,0.1935854983402756,1.6666666666666667,1.6666666666666667,1.0,1.0,1.0,1.0,1.0,1.0,3.3333333333333335,1.0,4.333333333333333,4.666666666666667,5.0
8932230d3a7b6ce43f37f7fdbe10d1dd1c6ff156a33ead48536d34dd8866c022,exp06_a_hybrid_state_causal_handoff,A008,causal_claim,ES,compressed,2,qwen3_next_80b_instruct,3,4.41025641025641,0.38717099668055127,4.666666666666667,4.333333333333333,4.666666666666667,3.6666666666666665,4.666666666666667,4.666666666666667,4.333333333333333,4.333333333333333,5.0,4.666666666666667,4.333333333333333,1.6666666666666667,2.3333333333333335
895b966fbb3ec932db4651276b6cd86f7a9e89a421052f3a28836dea42c60f27,exp06_a_hybrid_state_causal_handoff,A001,handoff_state,ES,hybrid_state,3,grok_4_20_non_reasoning,3,4.717948717948718,0.3635242789425084,4.666666666666667,4.333333333333333,5.0,4.666666666666667,5.0,5.0,4.666666666666667,4.666666666666667,5.0,4.666666666666667,4.666666666666667,1.6666666666666667,1.3333333333333333
89d5a9bfc6f8ea61a09da03b5b3b7045010cbce0293fa214c70e1f5e815d1fd1,exp06_a_hybrid_state_causal_handoff,A001,handoff_state,EN,compressed,1,azure_gpt_5_5_instant,3,4.666666666666667,0.5773502691896258,4.666666666666667,4.666666666666667,4.666666666666667,4.666666666666667,4.666666666666667,4.666666666666667,4.666666666666667,4.666666666666667,4.666666666666667,4.666666666666667,4.666666666666667,1.3333333333333333,1.3333333333333333
89e0eb372d04430f397c976bcd912d7ec5e0401335661f0e9f70b92742175629,exp06_a_hybrid_state_causal_handoff,A012,continuity_recovery,ES,hybrid_state,3,qwen3_next_80b_instruct,3,4.41025641025641,0.7147364033213514,4.666666666666667,4.0,4.666666666666667,4.0,4.666666666666667,4.666666666666667,4.0,4.666666666666667,5.0,4.333333333333333,4.666666666666667,2.0,2.0
89f834f6dc37eabcd9c5042a149467f3a180301bcb203cad2394dce9fa9952cc,exp06_a_hybrid_state_causal_handoff,A004,continuity_recovery,ES,hybrid_state,1,gemini_3_1_pro_preview,3,2.41025641025641,0.5121790860368763,2.3333333333333335,2.3333333333333335,2.3333333333333335,1.6666666666666667,2.3333333333333335,2.0,2.3333333333333335,1.3333333333333333,4.666666666666667,2.0,4.0,3.6666666666666665,4.333333333333333
8a238ef81c97d3a5fe9e8c5c9ecfaf942923eeb4b33495ac2f5aece83ba6d3e3,exp06_a_hybrid_state_causal_handoff,A003,handoff_state,ES,compressed,3,azure_gpt_5_5_instant,3,5.0,0.0,5.0,5.0,5.0,5.0,5.0,5.0,5.0,5.0,5.0,5.0,5.0,1.0,1.0
8aba7fde1b549a16191638cc4d19667dc5956d18c245396111a60f1838501a25,exp06_b_zh_tokenizer_ablation,B001,zh_tokenizer_ablation,ZH,compressed,1,grok_4_20_non_reasoning,3,5.0,0.0,5.0,5.0,5.0,5.0,5.0,5.0,5.0,5.0,5.0,5.0,5.0,1.0,1.0
8ac3637b7db1bab127c07ccbfbb557eb2d1170bbb0e88f612414bb460742cf1f,exp06_a_hybrid_state_causal_handoff,A002,handoff_state,ES,compressed,1,grok_4_20_non_reasoning,3,4.871794871794871,0.22205779584216398,5.0,5.0,5.0,4.666666666666667,4.666666666666667,5.0,4.666666666666667,5.0,5.0,5.0,4.666666666666667,1.0,1.3333333333333333
8acc653feb6fc390cce6074bf57217666a0c1ec01da25058e4dd110eb49e94be,exp06_a_hybrid_state_causal_handoff,A006,continuity_recovery,EN,hybrid_state,1,azure_gpt_5_5_instant,3,4.9743589743589745,0.0444115591684326,5.0,5.0,5.0,5.0,5.0,5.0,5.0,5.0,4.666666666666667,5.0,5.0,1.0,1.0
8af6030770aa4e0d45d87b92f4a670e12f4b7a30a3fa21207560edff4105580b,exp06_b_zh_tokenizer_ablation,B010,zh_tokenizer_ablation,ZH,hybrid_state,1,qwen3_next_80b_instruct,3,4.871794871794871,0.11750194089630366,5.0,4.333333333333333,5.0,5.0,5.0,5.0,4.666666666666667,5.0,5.0,5.0,5.0,1.6666666666666667,1.0
8b3c0bf3277bf9d61f5c3860ec44f420012c6a1f10d21a01a5e29269b2c22290,exp06_a_hybrid_state_causal_handoff,A012,continuity_recovery,ES,hybrid_state,1,grok_4_20_non_reasoning,3,3.435897435897436,1.1418176450365292,4.0,3.3333333333333335,3.0,3.0,3.6666666666666665,3.6666666666666665,3.3333333333333335,3.0,4.0,3.3333333333333335,4.0,2.6666666666666665,3.0
8b55e0fd49a1c01bacaafc935d867546a063dc7d6800c2660500a1342196dd06,exp06_a_hybrid_state_causal_handoff,A004,continuity_recovery,EN,hybrid_state,2,qwen3_next_80b_instruct,3,4.769230769230769,0.27735009811261446,4.666666666666667,4.333333333333333,5.0,4.666666666666667,5.0,5.0,5.0,4.666666666666667,5.0,4.666666666666667,5.0,1.6666666666666667,1.3333333333333333
8b7200cc0747de2dfc478a13dc83a4a56d082b3691d24b37516d450edb91f327,exp06_a_hybrid_state_causal_handoff,A005,continuity_recovery,ES,hybrid_state,2,gemini_3_1_pro_preview,3,1.8974358974358976,0.3794525278704806,1.6666666666666667,3.0,1.0,1.0,1.3333333333333333,1.0,1.3333333333333333,1.0,4.666666666666667,1.3333333333333333,4.0,3.6666666666666665,5.0
8b76908eb3c924392ea6b1d9a28c7db9c30759f4d6c8cda84ecc2f914bda6d25,exp06_a_hybrid_state_causal_handoff,A005,continuity_recovery,ES,compressed,2,grok_4_20_non_reasoning,3,4.794871794871795,0.23500388179260723,4.333333333333333,5.0,5.0,4.666666666666667,5.0,5.0,4.666666666666667,5.0,5.0,4.666666666666667,5.0,1.6666666666666667,1.3333333333333333
8b9d19e0dcc484557bf8edaa1a5c6369a35edf7453ff0d7532f14f990563d5b1,exp06_b_zh_tokenizer_ablation,B002,zh_tokenizer_ablation,ZH_PINYIN,compressed,3,gemini_3_1_pro_preview,3,1.6923076923076923,0.4282895663715402,1.6666666666666667,2.0,1.3333333333333333,1.0,1.3333333333333333,1.3333333333333333,1.3333333333333333,1.0,4.0,1.3333333333333333,3.3333333333333335,4.666666666666667,5.0
8ba5d62ed23af72c08875cd31df46428227a6b3bbd174b938aeeac98f62ab5cb,exp06_b_zh_tokenizer_ablation,B010,zh_tokenizer_ablation,EN_LITERAL,compressed,2,gemini_3_1_pro_preview,3,2.1794871794871793,0.29122606901539855,1.6666666666666667,3.0,1.3333333333333333,1.3333333333333333,2.0,1.6666666666666667,1.6666666666666667,1.3333333333333333,4.666666666666667,2.0,4.0,3.6666666666666665,4.666666666666667
8bb3f678aba5103f2164d27b6137bfe802d7cafe3d58fddc25c6c3d2ac589387,exp06_a_hybrid_state_causal_handoff,A011,handoff_state,EN,hybrid_state,1,qwen3_next_80b_instruct,3,4.461538461538462,0.4679048100229399,4.333333333333333,3.6666666666666665,4.333333333333333,4.333333333333333,4.666666666666667,4.666666666666667,4.333333333333333,4.333333333333333,5.0,5.0,5.0,2.0,1.6666666666666667
8bcb94bb850505d4ceecaaafcd9ce3ecfe62f04384bbf55cf363bd20546e8dbf,exp06_b_zh_tokenizer_ablation,B007,zh_tokenizer_ablation,EN_LITERAL,hybrid_state,2,gemini_3_1_pro_preview,3,2.1025641025641026,0.1601281538050871,1.6666666666666667,3.0,1.3333333333333333,1.0,2.3333333333333335,1.6666666666666667,1.3333333333333333,1.3333333333333333,4.333333333333333,1.3333333333333333,5.0,4.0,5.0
8bf368227bfb3ed5a5443847ed027d32c7971f064306d11e14e5f55d6d328dab,exp06_a_hybrid_state_causal_handoff,A004,continuity_recovery,EN,hybrid_state,3,azure_gpt_5_5_instant,3,4.948717948717949,0.0888231183368657,5.0,4.666666666666667,5.0,5.0,5.0,5.0,5.0,5.0,5.0,5.0,5.0,1.3333333333333333,1.0
8c3d5be81fae13965ded95392718dbcbc452c91c7ee9c718995b83fdac3464f1,exp06_b_zh_tokenizer_ablation,B007,zh_tokenizer_ablation,ZH_PINYIN,hybrid_state,1,grok_4_20_non_reasoning,3,4.641025641025641,0.4945461928714337,4.666666666666667,4.0,4.333333333333333,4.666666666666667,5.0,5.0,5.0,4.666666666666667,5.0,4.666666666666667,4.666666666666667,2.0,1.3333333333333333
8c5278f5d50e6106645be4424682ad9b5ebce960e7933d9b7541e7f9780ab95c,exp06_b_zh_tokenizer_ablation,B007,zh_tokenizer_ablation,ZH,compressed,3,gemini_3_1_pro_preview,3,2.282051282051282,0.270144968021865,2.0,3.0,2.0,1.3333333333333333,1.6666666666666667,2.0,1.6666666666666667,1.6666666666666667,5.0,1.3333333333333333,4.333333333333333,4.0,4.333333333333333
8c72fee05d2328f9efa5eb692d6ef0e2caa58dfbf301ba7cd5ff18cd0648af3d,exp06_a_hybrid_state_causal_handoff,A004,continuity_recovery,ZH,hybrid_state,1,qwen3_next_80b_instruct,3,4.717948717948718,0.3635242789425084,4.666666666666667,4.333333333333333,4.666666666666667,4.666666666666667,5.0,4.666666666666667,5.0,4.666666666666667,5.0,5.0,4.666666666666667,1.6666666666666667,1.3333333333333333
8c7cf5e823f93e8de707e6a1212a51de2d733702f728c928be2e01fc5a256f85,exp06_a_hybrid_state_causal_handoff,A010,auditability,ES,hybrid_state,2,qwen3_next_80b_instruct,3,4.641025641025641,0.4945461928714337,5.0,4.0,4.666666666666667,5.0,5.0,4.666666666666667,4.666666666666667,4.666666666666667,5.0,4.666666666666667,4.333333333333333,2.0,1.3333333333333333
8cfbc0a75b0bc1528fc8de9ead9f1c0243c53bbc161b8effa34a73d0308a35ad,exp06_b_zh_tokenizer_ablation,B007,zh_tokenizer_ablation,ES_LITERAL,compressed,3,qwen3_next_80b_instruct,3,4.230769230769231,0.7692307692307692,4.0,4.333333333333333,4.0,4.0,4.333333333333333,4.333333333333333,4.0,4.0,5.0,4.333333333333333,4.666666666666667,2.0,2.0
8d1430d788eca02601a84428b38056bc3e4e367b4ee0a57dcbd1c1f27d7247dd,exp06_b_zh_tokenizer_ablation,B003,zh_tokenizer_ablation,ES_LITERAL,compressed,2,gemini_3_1_pro_preview,3,1.6410256410256412,0.394738572265145,1.6666666666666667,2.0,1.3333333333333333,1.0,1.3333333333333333,1.3333333333333333,1.0,1.3333333333333333,4.0,1.3333333333333333,2.6666666666666665,4.666666666666667,5.0
8d82173fbd2c29d4632bbb6a914aefec8c021753f922fdd178b60c3709abf35c,exp06_a_hybrid_state_causal_handoff,A001,handoff_state,EN,hybrid_state,1,qwen3_next_80b_instruct,3,4.3076923076923075,0.40703866324070614,4.333333333333333,3.6666666666666665,4.333333333333333,4.666666666666667,4.666666666666667,4.333333333333333,4.333333333333333,4.333333333333333,4.666666666666667,4.333333333333333,4.666666666666667,2.3333333333333335,2.0
8d85aca5386b27fc486a4b4c86038f3086a5d1e9ad45cc0f4f568ca43da0d0ae,exp06_a_hybrid_state_causal_handoff,A006,continuity_recovery,ZH,compressed,3,qwen3_next_80b_instruct,3,4.384615384615384,0.5329387100211932,4.333333333333333,4.333333333333333,4.333333333333333,3.6666666666666665,4.333333333333333,4.666666666666667,4.333333333333333,4.333333333333333,5.0,4.333333333333333,5.0,1.6666666666666667,2.0
8d89df983081564a74b88ccbc5000aff82dea47b443857335b0717d99cee700b,exp06_a_hybrid_state_causal_handoff,A008,causal_claim,ES,hybrid_state,1,azure_gpt_5_5_instant,3,4.948717948717949,0.0444115591684326,5.0,5.0,5.0,4.666666666666667,5.0,5.0,5.0,5.0,4.666666666666667,5.0,5.0,1.0,1.0
8d97337264f7cdf8ad0b39c2d0b5ed674be8a4dcfe6b248166e0baa83f271411,exp06_b_zh_tokenizer_ablation,B008,zh_tokenizer_ablation,ZH_PINYIN,hybrid_state,3,grok_4_20_non_reasoning,3,4.641025641025641,0.4945461928714337,4.666666666666667,4.0,4.666666666666667,5.0,5.0,4.666666666666667,4.666666666666667,4.666666666666667,4.666666666666667,4.666666666666667,4.666666666666667,2.0,1.0
8dae2f81257ca8285dff37c7845e27d2361141f68e3d26d01efd7dc1f1ae5480,exp06_a_hybrid_state_causal_handoff,A003,handoff_state,ES,compressed,3,grok_4_20_non_reasoning,3,4.923076923076923,0.1332346775052983,5.0,4.666666666666667,5.0,5.0,5.0,5.0,5.0,5.0,5.0,5.0,5.0,1.3333333333333333,1.3333333333333333
8e07b311c7c35a2c3a2839c389d0514fcd2e65539a8d96ca926d1721140c5dae,exp06_a_hybrid_state_causal_handoff,A003,handoff_state,EN,hybrid_state,3,qwen3_next_80b_instruct,3,4.6923076923076925,0.2664693550105966,4.333333333333333,4.333333333333333,5.0,4.333333333333333,5.0,5.0,4.666666666666667,4.666666666666667,5.0,5.0,5.0,1.6666666666666667,1.6666666666666667
8e124a3fa4b671543e211a2a8a0757c1dec658b54311fbfa39171e2219726afe,exp06_b_zh_tokenizer_ablation,B003,zh_tokenizer_ablation,ZH,compressed,2,grok_4_20_non_reasoning,3,4.948717948717949,0.0888231183368657,5.0,5.0,5.0,5.0,5.0,5.0,4.666666666666667,4.666666666666667,5.0,5.0,5.0,1.0,1.0
8e31082ab74c02f1821aa2dbfc3d5163b1373c7fdb5c879b55eb1b1ef6151a9e,exp06_b_zh_tokenizer_ablation,B010,zh_tokenizer_ablation,ZH_PINYIN,compressed,3,gemini_3_1_pro_preview,3,1.794871794871795,0.27014496802186516,1.6666666666666667,1.6666666666666667,1.3333333333333333,1.0,1.6666666666666667,1.3333333333333333,1.3333333333333333,1.3333333333333333,5.0,1.3333333333333333,3.3333333333333335,4.666666666666667,5.0
8e59599de2d1216b0b853df37b810641168431988b84490f1f4f1e957a1ee552,exp06_a_hybrid_state_causal_handoff,A012,continuity_recovery,EN,hybrid_state,1,qwen3_next_80b_instruct,3,4.051282051282051,0.864600784619865,4.0,3.6666666666666665,4.0,3.3333333333333335,4.666666666666667,4.666666666666667,4.0,4.0,5.0,4.333333333333333,4.333333333333333,3.0,2.3333333333333335
8e6b0712f3a4cc0dc9abce105532a708ca1f7a25a5a9a5f48100870d1adee95f,exp06_b_zh_tokenizer_ablation,B007,zh_tokenizer_ablation,ES_LITERAL,compressed,2,gemini_3_1_pro_preview,3,1.5384615384615383,0.26646935501059643,1.3333333333333333,2.0,1.0,1.0,1.0,1.0,1.0,1.0,4.0,1.0,3.3333333333333335,4.666666666666667,5.0
8e800353e75842abaf50f76b0363a93f070ecd15edd91f7b93c28db78187dc0e,exp06_a_hybrid_state_causal_handoff,A012,continuity_recovery,ZH,hybrid_state,3,grok_4_20_non_reasoning,3,4.205128205128205,0.6979824404521128,4.333333333333333,3.6666666666666665,4.0,4.0,4.333333333333333,4.0,4.333333333333333,4.333333333333333,5.0,4.666666666666667,4.333333333333333,2.3333333333333335,2.0
8e8e7d83b96376d3af41b7b2b79ff7040f232c11fc1baebdaec2aea84128121e,exp06_a_hybrid_state_causal_handoff,A002,handoff_state,ES,hybrid_state,3,gemini_3_1_pro_preview,3,1.8205128205128205,0.2912260690153986,2.0,2.3333333333333335,1.6666666666666667,1.0,1.3333333333333333,1.3333333333333333,1.0,1.3333333333333333,4.0,1.3333333333333333,3.3333333333333335,4.0,5.0
8ea6180d71c87717ada9ea12dede5d41432da02e0629fe93f896047a41a811a6,exp06_a_hybrid_state_causal_handoff,A008,causal_claim,EN,hybrid_state,1,qwen3_next_80b_instruct,3,4.333333333333333,0.6542231190857986,4.333333333333333,3.6666666666666665,4.0,3.6666666666666665,4.666666666666667,4.666666666666667,4.333333333333333,4.666666666666667,5.0,5.0,5.0,2.3333333333333335,2.3333333333333335
8f15fa7ee7d47b25d5e33a66dc2ea1c6dfa094af3493bc7471f04113b73f333d,exp06_a_hybrid_state_causal_handoff,A007,causal_claim,ZH,compressed,3,azure_gpt_5_5_instant,3,4.897435897435898,0.11750194089630366,4.666666666666667,5.0,5.0,4.666666666666667,5.0,5.0,5.0,5.0,4.333333333333333,5.0,5.0,1.0,1.0
8f326f6bc7b48221a675eba321e77c52c52e0f3424d3745c4fd22d6f20d9dff7,exp06_b_zh_tokenizer_ablation,B001,zh_tokenizer_ablation,EN_LITERAL,compressed,2,grok_4_20_non_reasoning,3,4.82051282051282,0.3108809141790292,5.0,4.666666666666667,5.0,4.666666666666667,4.666666666666667,5.0,4.666666666666667,5.0,5.0,4.666666666666667,5.0,1.3333333333333333,1.3333333333333333
8f569d3b75d5753cbbe5fccf58be15de52ff10cd8ce27f485d388cfd6c2312ea,exp06_b_zh_tokenizer_ablation,B005,zh_tokenizer_ablation,ZH,compressed,3,qwen3_next_80b_instruct,3,4.17948717948718,0.8473185457363235,4.333333333333333,4.333333333333333,4.333333333333333,4.333333333333333,3.6666666666666665,4.333333333333333,3.6666666666666665,4.0,5.0,4.333333333333333,5.0,2.6666666666666665,2.3333333333333335
8f5c52c123e1675f8646e6d0a88c51de6ba69c582df24f0c44f8b60a5870b21a,exp06_b_zh_tokenizer_ablation,B007,zh_tokenizer_ablation,ES_LITERAL,hybrid_state,2,gemini_3_1_pro_preview,3,1.8974358974358971,0.3552924733474619,1.6666666666666667,2.0,1.3333333333333333,1.0,1.6666666666666667,1.6666666666666667,1.3333333333333333,1.3333333333333333,4.666666666666667,1.6666666666666667,3.6666666666666665,4.666666666666667,4.666666666666667
8f7f8ec856f74cadd0e9153c3ffe84703f62f19224a58cad36a9f270aae86921,exp06_b_zh_tokenizer_ablation,B001,zh_tokenizer_ablation,ZH_PINYIN,compressed,1,grok_4_20_non_reasoning,3,4.794871794871795,0.19358549834027583,4.333333333333333,5.0,4.666666666666667,4.666666666666667,5.0,5.0,4.666666666666667,5.0,5.0,5.0,5.0,1.3333333333333333,1.6666666666666667
8fc14143a19acd2e94d8db24502fc4552af97a5cf644145fd7f5f3131a329c7d,exp06_a_hybrid_state_causal_handoff,A001,handoff_state,ES,compressed,2,azure_gpt_5_5_instant,3,4.897435897435898,0.1776462366737309,5.0,5.0,5.0,5.0,4.666666666666667,5.0,4.666666666666667,5.0,5.0,5.0,5.0,1.3333333333333333,1.3333333333333333
8fcd95741bf186bc80a79fce522b73da5ba464b3ba8903a27fa98d3aa9a03c0d,exp06_a_hybrid_state_causal_handoff,A001,handoff_state,ZH,hybrid_state,1,azure_gpt_5_5_instant,3,4.871794871794871,0.22205779584216398,5.0,4.666666666666667,5.0,5.0,5.0,5.0,4.666666666666667,5.0,5.0,5.0,4.666666666666667,1.3333333333333333,1.3333333333333333
9007691a09244fc4514600e4386fd0395120b39a7a579ca0b1cd046014f6d39b,exp06_b_zh_tokenizer_ablation,B008,zh_tokenizer_ablation,EN_LITERAL,hybrid_state,2,gemini_3_1_pro_preview,3,2.5384615384615383,0.46153846153846145,2.0,4.0,2.0,1.3333333333333333,1.6666666666666667,2.0,1.6666666666666667,2.0,4.666666666666667,2.6666666666666665,4.333333333333333,2.6666666666666665,4.666666666666667
902547b09e713fdf0e63b65d4d76295e1135930d35ce23151155a8751fb2145e,exp06_a_hybrid_state_causal_handoff,A003,handoff_state,EN,hybrid_state,2,qwen3_next_80b_instruct,3,4.512820512820513,0.42365927286816174,4.333333333333333,3.6666666666666665,4.666666666666667,4.333333333333333,5.0,5.0,4.333333333333333,4.333333333333333,5.0,5.0,4.666666666666667,1.6666666666666667,2.0
903f5650fed30fe19bac09b041e74a041d96e6cc6af09c8f056f14bf1faf6a4a,exp06_a_hybrid_state_causal_handoff,A010,auditability,ES,compressed,2,azure_gpt_5_5_instant,3,4.948717948717949,0.0444115591684326,5.0,5.0,5.0,5.0,5.0,5.0,5.0,5.0,4.333333333333333,5.0,5.0,1.0,1.0
9040382e7eb3f63e2b29412d9dad5c8140b51e60debe533cf1eb6a058e898c9e,exp06_a_hybrid_state_causal_handoff,A012,continuity_recovery,ES,compressed,2,qwen3_next_80b_instruct,3,4.128205128205129,0.7894771445302898,4.0,4.333333333333333,4.0,3.3333333333333335,4.333333333333333,4.333333333333333,4.0,4.0,5.0,4.333333333333333,5.0,2.3333333333333335,2.6666666666666665
9040814920591c6ef7b5bd1a074a7414a97404d15af9619ee1e25ed354830c40,exp06_a_hybrid_state_causal_handoff,A003,handoff_state,EN,compressed,2,grok_4_20_non_reasoning,3,5.0,0.0,5.0,5.0,5.0,5.0,5.0,5.0,5.0,5.0,5.0,5.0,5.0,1.0,1.0
9064391de97ea2dcc7d9ba1d9420595dfb50c6c21d2d959b432f3e9be219a8dd,exp06_a_hybrid_state_causal_handoff,A005,continuity_recovery,EN,hybrid_state,2,gemini_3_1_pro_preview,3,2.358974358974359,0.11750194089630361,2.0,3.3333333333333335,2.0,1.3333333333333333,1.6666666666666667,2.0,1.6666666666666667,2.0,4.666666666666667,2.3333333333333335,4.333333333333333,4.0,4.666666666666667
908212929c2b5e6d06c3eab76edb184bfe09246533ad0f175c65be7d2fcdca02,exp06_b_zh_tokenizer_ablation,B008,zh_tokenizer_ablation,ES_LITERAL,compressed,2,gemini_3_1_pro_preview,3,1.2307692307692308,0.23076923076923073,1.3333333333333333,1.3333333333333333,1.0,1.0,1.0,1.0,1.3333333333333333,1.0,2.0,1.0,2.0,5.0,5.0
9099ad646f8fb10ec8a25a27c18f159a4019c96e0010f93798f9664bdef962e8,exp06_b_zh_tokenizer_ablation,B006,zh_tokenizer_ablation,ES_LITERAL,hybrid_state,2,grok_4_20_non_reasoning,3,4.487179487179487,0.47000776358521446,4.333333333333333,3.6666666666666665,4.333333333333333,4.333333333333333,5.0,4.666666666666667,4.666666666666667,4.666666666666667,5.0,5.0,4.0,1.6666666666666667,1.6666666666666667
909edddde81fd07317ee5092491e73c3e64c327e5e820b7e4556142bc1b13245,exp06_b_zh_tokenizer_ablation,B010,zh_tokenizer_ablation,EN_LITERAL,compressed,1,gemini_3_1_pro_preview,3,2.1025641025641026,0.3468653656017612,2.0,3.0,1.3333333333333333,1.3333333333333333,2.0,1.3333333333333333,2.0,1.3333333333333333,4.666666666666667,1.3333333333333333,3.6666666666666665,4.0,4.666666666666667
90a1cdd51609f4c2e5dfd09ea72e6df4ea1123f1938de4102008f0bf68ea8b86,exp06_b_zh_tokenizer_ablation,B009,zh_tokenizer_ablation,ZH_PINYIN,compressed,2,grok_4_20_non_reasoning,3,4.923076923076923,0.0769230769230771,5.0,5.0,5.0,4.666666666666667,5.0,5.0,5.0,5.0,4.333333333333333,5.0,5.0,1.0,1.0
90eaf2d36aa9ff61fb72458ef86a9781070c13de9eebcd7fd806ccc2292aa08f,exp06_b_zh_tokenizer_ablation,B004,zh_tokenizer_ablation,ES_LITERAL,compressed,3,gemini_3_1_pro_preview,3,2.3846153846153846,0.20351933162035316,2.0,3.6666666666666665,2.0,1.3333333333333333,1.6666666666666667,1.6666666666666667,1.3333333333333333,1.6666666666666667,5.0,2.0,4.666666666666667,3.3333333333333335,4.666666666666667
9107b0bb72fb49aa384b966e7209e19456be34494564df14813c674d66a17d17,exp06_b_zh_tokenizer_ablation,B002,zh_tokenizer_ablation,EN_LITERAL,hybrid_state,1,grok_4_20_non_reasoning,3,4.743589743589744,0.22205779584216398,5.0,4.0,4.333333333333333,4.666666666666667,5.0,5.0,5.0,5.0,4.666666666666667,5.0,4.666666666666667,1.6666666666666667,1.0
9162c0774b21774d2571b9b3c97907d1384cdec661163d6ac260b9a16d4bde61,exp06_a_hybrid_state_causal_handoff,A011,handoff_state,ES,compressed,1,gemini_3_1_pro_preview,3,1.4871794871794872,0.4236592728681617,1.3333333333333333,2.0,1.0,1.0,1.0,1.0,1.0,1.0,3.6666666666666665,1.0,3.0,4.666666666666667,5.0
917522d78b116a2b13f80854a005942266d47e0c816dc84d52195191e5a305b0,exp06_b_zh_tokenizer_ablation,B002,zh_tokenizer_ablation,ES_LITERAL,compressed,2,grok_4_20_non_reasoning,3,4.743589743589744,0.3794525278704807,4.666666666666667,5.0,4.666666666666667,4.666666666666667,5.0,4.666666666666667,4.666666666666667,4.666666666666667,4.666666666666667,5.0,4.333333333333333,1.0,1.3333333333333333
91db1a22a319b3d45a12d462c2dab336cb431925d80a85f6269e68cb2a7798fd,exp06_a_hybrid_state_causal_handoff,A010,auditability,EN,hybrid_state,3,grok_4_20_non_reasoning,3,4.230769230769231,0.7692307692307692,4.333333333333333,3.6666666666666665,4.333333333333333,4.0,4.333333333333333,4.333333333333333,4.0,4.333333333333333,5.0,4.666666666666667,4.666666666666667,2.3333333333333335,2.3333333333333335
92df7e5895a00cfb027093ce9fdb67896c55c32483e045a8721191777944bb8c,exp06_a_hybrid_state_causal_handoff,A001,handoff_state,ES,hybrid_state,2,qwen3_next_80b_instruct,3,4.487179487179487,0.8882311833686549,4.333333333333333,4.333333333333333,4.333333333333333,4.666666666666667,4.666666666666667,4.0,4.666666666666667,4.333333333333333,5.0,4.666666666666667,4.666666666666667,1.6666666666666667,1.6666666666666667
92e31a3ff47c7db86749dc688c9f6cdcbbabef0a67c8207803ac7dd0a55128f7,exp06_a_hybrid_state_causal_handoff,A002,handoff_state,ZH,hybrid_state,1,azure_gpt_5_5_instant,3,4.948717948717949,0.0888231183368657,5.0,4.666666666666667,5.0,5.0,5.0,5.0,5.0,5.0,5.0,5.0,5.0,1.3333333333333333,1.0
9335315768c738a92cd921c93b5e1e79e56450d7925c1185fadc6f739362f236,exp06_a_hybrid_state_causal_handoff,A003,handoff_state,ES,hybrid_state,3,qwen3_next_80b_instruct,3,4.3076923076923075,0.5547001962252291,4.333333333333333,3.6666666666666665,4.333333333333333,3.6666666666666665,5.0,4.333333333333333,4.333333333333333,4.666666666666667,5.0,4.666666666666667,4.333333333333333,2.3333333333333335,2.0
934c0e82425b0c578188998e07a04cf0a90c99cb960a25035113ef4544d1cafa,exp06_b_zh_tokenizer_ablation,B001,zh_tokenizer_ablation,ZH_PINYIN,compressed,3,gemini_3_1_pro_preview,3,1.4615384615384617,0.2773500981126145,1.6666666666666667,1.6666666666666667,1.3333333333333333,1.0,1.6666666666666667,1.3333333333333333,1.0,1.0,3.6666666666666665,1.0,1.0,4.333333333333333,5.0
93822636c11ceae54357e8ce800cac916b6d979223043e180ab3317909d4d9cf,exp06_a_hybrid_state_causal_handoff,A008,causal_claim,EN,compressed,1,grok_4_20_non_reasoning,3,4.3076923076923075,0.6007884366082042,4.333333333333333,4.666666666666667,4.333333333333333,3.6666666666666665,4.333333333333333,4.333333333333333,4.0,4.333333333333333,5.0,4.333333333333333,5.0,2.0,2.3333333333333335
938cb4fa9b610648e3c7b6b5672eaadc619281a0ae0c96eedcf4f7aac876d693,exp06_b_zh_tokenizer_ablation,B003,zh_tokenizer_ablation,EN_LITERAL,hybrid_state,1,gemini_3_1_pro_preview,3,2.076923076923077,0.2773500981126145,2.0,3.0,1.6666666666666667,1.3333333333333333,1.6666666666666667,1.3333333333333333,1.3333333333333333,1.3333333333333333,4.666666666666667,1.6666666666666667,4.0,4.333333333333333,4.666666666666667
93973224daa7b00202b8a3a3a0b81c421cfe5bae977afb25faddb6bbb9ed0dd3,exp06_b_zh_tokenizer_ablation,B004,zh_tokenizer_ablation,ZH,compressed,2,qwen3_next_80b_instruct,3,4.897435897435897,0.0888231183368657,5.0,4.666666666666667,5.0,4.666666666666667,5.0,5.0,5.0,5.0,4.666666666666667,5.0,5.0,1.3333333333333333,1.0
939b79487012660403f9999f965422dd46c6cfaa929747b766e780d531cd6223,exp06_a_hybrid_state_causal_handoff,A005,continuity_recovery,ES,compressed,3,grok_4_20_non_reasoning,3,4.82051282051282,0.16012815380508708,4.333333333333333,5.0,5.0,4.666666666666667,5.0,5.0,4.333333333333333,5.0,5.0,5.0,5.0,1.3333333333333333,1.3333333333333333
941739553a1dc320ff05c45b0c9a498fa9d1e77a7c82ebf093c3bcd30ca2b11a,exp06_b_zh_tokenizer_ablation,B010,zh_tokenizer_ablation,ES_LITERAL,compressed,1,gemini_3_1_pro_preview,3,2.205128205128205,0.29122606901539855,2.0,3.0,1.6666666666666667,1.3333333333333333,2.0,1.6666666666666667,1.6666666666666667,1.6666666666666667,4.666666666666667,1.6666666666666667,4.0,4.0,4.666666666666667
94222d071d5f90daa28717aa856f945a41a87f90879d238d5f59b247ee80c3a5,exp06_a_hybrid_state_causal_handoff,A006,continuity_recovery,EN,compressed,3,gemini_3_1_pro_preview,3,1.7692307692307692,0.15384615384615385,1.6666666666666667,2.0,1.0,1.0,1.0,1.3333333333333333,1.0,1.0,4.666666666666667,1.0,5.0,4.666666666666667,5.0
942c31d8e84d6db94f4c96d16d9644681b70923af80eeff77c9e1ca2ab22a225,exp06_b_zh_tokenizer_ablation,B003,zh_tokenizer_ablation,ZH_PINYIN,compressed,3,qwen3_next_80b_instruct,3,3.358974358974359,0.8006407690254356,2.6666666666666665,4.333333333333333,3.3333333333333335,3.6666666666666665,3.6666666666666665,3.3333333333333335,3.0,3.3333333333333335,4.666666666666667,3.3333333333333335,1.3333333333333333,2.0,3.0
94704b894b87088b7ab6fe14de69d99f8ba9ca22e281bb5817c905a79e370f1b,exp06_b_zh_tokenizer_ablation,B005,zh_tokenizer_ablation,EN_LITERAL,compressed,2,gemini_3_1_pro_preview,3,1.4871794871794872,0.4236592728681617,1.3333333333333333,2.0,1.0,1.0,1.0,1.0,1.0,1.0,3.6666666666666665,1.0,3.3333333333333335,5.0,5.0
94a0bae03d35773771e1524592392bb77c567b2520712dc2c5cca38df850fc5a,exp06_a_hybrid_state_causal_handoff,A007,causal_claim,EN,compressed,2,qwen3_next_80b_instruct,3,4.897435897435898,0.1776462366737309,4.666666666666667,5.0,5.0,4.666666666666667,5.0,5.0,4.666666666666667,5.0,5.0,5.0,5.0,1.0,1.3333333333333333
953a2acba668b4d4853196d9e9faeb74033d2b07a257eee718bbbd93480713cb,exp06_b_zh_tokenizer_ablation,B004,zh_tokenizer_ablation,EN_LITERAL,hybrid_state,1,gemini_3_1_pro_preview,3,1.717948717948718,0.24727309643571677,1.0,2.0,1.3333333333333333,1.0,1.3333333333333333,1.3333333333333333,1.0,1.3333333333333333,4.0,1.3333333333333333,4.333333333333333,4.666666666666667,5.0
954b7f74cb39f4ca1b5d342b33caf90c9883bfb60996738dbcf40888a5a2c5bd,exp06_b_zh_tokenizer_ablation,B001,zh_tokenizer_ablation,ZH,compressed,1,gemini_3_1_pro_preview,3,1.8974358974358976,0.7705117539136781,2.0,2.3333333333333335,1.3333333333333333,1.3333333333333333,2.0,1.3333333333333333,1.0,1.3333333333333333,4.0,1.6666666666666667,3.3333333333333335,4.333333333333333,4.666666666666667
95570337e501a65ca925a03fd39c045a458f8ec248b37585835c127c6a13dce2,exp06_a_hybrid_state_causal_handoff,A012,continuity_recovery,ES,hybrid_state,2,gemini_3_1_pro_preview,3,1.5384615384615383,0.4282895663715402,1.6666666666666667,1.6666666666666667,1.0,1.0,1.3333333333333333,1.6666666666666667,1.0,1.0,3.0,1.6666666666666667,2.6666666666666665,4.666666666666667,5.0
95588308848ad75fdc72558c2e6bee90768ab699f12bafb41d77960667cef979,exp06_b_zh_tokenizer_ablation,B002,zh_tokenizer_ablation,ES_LITERAL,compressed,1,gemini_3_1_pro_preview,3,1.3846153846153848,0.335299918733898,1.0,1.6666666666666667,1.0,1.0,1.0,1.0,1.0,1.0,3.6666666666666665,1.0,2.6666666666666665,5.0,5.0
95650a122872849f99ac631e30bc9c27d4f09f4150c8927eca075e6431d2ef64,exp06_a_hybrid_state_causal_handoff,A005,continuity_recovery,ES,compressed,1,grok_4_20_non_reasoning,3,4.846153846153846,0.2664693550105966,4.666666666666667,5.0,4.666666666666667,5.0,5.0,5.0,4.666666666666667,4.666666666666667,5.0,4.666666666666667,5.0,1.3333333333333333,1.0
956992264c5a776015459f1fc8f308ff2166e747f469281d68d104c4dea23098,exp06_b_zh_tokenizer_ablation,B002,zh_tokenizer_ablation,ES_LITERAL,hybrid_state,1,grok_4_20_non_reasoning,3,4.205128205128205,0.8079975003378836,4.666666666666667,3.3333333333333335,4.0,4.666666666666667,5.0,4.333333333333333,4.0,4.0,5.0,4.333333333333333,3.3333333333333335,2.3333333333333335,1.6666666666666667
9614bcba26cdcf10bd13b3177001bd0de25ff08baf3ef31122e1cd6f2930f49b,exp06_a_hybrid_state_causal_handoff,A011,handoff_state,EN,hybrid_state,3,gemini_3_1_pro_preview,3,1.5128205128205128,0.177646236673731,1.0,1.6666666666666667,1.0,1.0,1.0,1.0,1.0,1.0,2.3333333333333335,1.0,5.0,4.333333333333333,5.0
962b2c465d226d52b75200743ed0733e728a94c5eae492bfd4d8fa4fd4f71586,exp06_b_zh_tokenizer_ablation,B010,zh_tokenizer_ablation,ZH,compressed,1,gemini_3_1_pro_preview,3,1.4615384615384617,0.3846153846153847,1.3333333333333333,1.6666666666666667,1.0,1.0,1.3333333333333333,1.0,1.3333333333333333,1.0,4.0,1.0,2.3333333333333335,5.0,5.0
96343d41e5d5074b236dcc03b1aee9778baab6127d309750db1cd86e14980edf,exp06_a_hybrid_state_causal_handoff,A011,handoff_state,ES,hybrid_state,1,grok_4_20_non_reasoning,3,4.17948717948718,0.8079975003378836,4.0,3.6666666666666665,4.333333333333333,4.0,4.666666666666667,4.333333333333333,4.333333333333333,4.0,5.0,4.666666666666667,4.333333333333333,2.6666666666666665,2.3333333333333335
969df5fc300883a997521bbd631de19f7d48fb527298d89f8a68c127f219f107,exp06_a_hybrid_state_causal_handoff,A009,auditability,EN,compressed,2,gemini_3_1_pro_preview,3,1.8205128205128205,0.11750194089630363,1.3333333333333333,2.3333333333333335,1.0,1.0,1.3333333333333333,1.0,1.3333333333333333,1.0,4.666666666666667,1.0,4.666666666666667,4.0,5.0
96a6803e482cfb55a7fdf26ab6dbf6376d375b9a07c190bea93f34692672f766,exp06_a_hybrid_state_causal_handoff,A002,handoff_state,EN,compressed,2,azure_gpt_5_5_instant,3,5.0,0.0,5.0,5.0,5.0,5.0,5.0,5.0,5.0,5.0,5.0,5.0,5.0,1.0,1.0
96cbeb1be4c9dc0431c5dde904b28bef0cb69b4a54d58e0cb9f9e2b847335720,exp06_a_hybrid_state_causal_handoff,A005,continuity_recovery,ZH,hybrid_state,2,gemini_3_1_pro_preview,3,1.4615384615384617,0.07692307692307698,1.0,1.6666666666666667,1.0,1.0,1.0,1.0,1.0,1.0,3.6666666666666665,1.0,3.3333333333333335,4.666666666666667,5.0
96f5dd85d07fa27afbbba40d3b9a87e0840f3c8e7448f4eeeb0a1817a78b436a,exp06_b_zh_tokenizer_ablation,B004,zh_tokenizer_ablation,ZH_PINYIN,hybrid_state,3,grok_4_20_non_reasoning,3,4.435897435897435,0.7857206895407468,4.333333333333333,3.6666666666666665,4.333333333333333,4.666666666666667,4.666666666666667,4.666666666666667,4.333333333333333,4.333333333333333,5.0,4.666666666666667,4.666666666666667,2.3333333333333335,1.3333333333333333
9781e498cfb8df43d2384ee451302fb4d88ee397834b7341bcb06af646e1a33a,exp06_b_zh_tokenizer_ablation,B009,zh_tokenizer_ablation,ZH_PINYIN,compressed,3,grok_4_20_non_reasoning,3,4.897435897435898,0.11750194089630366,5.0,5.0,4.666666666666667,4.666666666666667,5.0,5.0,5.0,5.0,4.666666666666667,5.0,5.0,1.0,1.3333333333333333
978f6d6c5a1f2d356271bab7b23171cb2d259c1bf2adc69d4f4939fd4db517cb,exp06_a_hybrid_state_causal_handoff,A002,handoff_state,ES,compressed,2,gemini_3_1_pro_preview,3,2.7692307692307687,0.4615384615384617,2.6666666666666665,4.333333333333333,2.3333333333333335,1.6666666666666667,2.0,2.0,2.0,1.6666666666666667,5.0,2.0,5.0,2.3333333333333335,4.333333333333333
97b22e095962542c0129b53f872f6f0eb4b7a716bfc886a688ae76c532a99647,exp06_a_hybrid_state_causal_handoff,A010,auditability,EN,hybrid_state,1,grok_4_20_non_reasoning,3,4.3076923076923075,0.6923076923076923,4.666666666666667,4.0,4.333333333333333,4.0,4.666666666666667,5.0,4.0,4.333333333333333,5.0,4.666666666666667,4.0,2.3333333333333335,2.3333333333333335
97dbd2f984e2b3d0dc9c6ccbf95e6ee25a14069c8b967f86e9ea18f690a38d7b,exp06_b_zh_tokenizer_ablation,B006,zh_tokenizer_ablation,EN_LITERAL,hybrid_state,1,gemini_3_1_pro_preview,3,1.3846153846153848,0.2035193316203531,1.0,1.3333333333333333,1.0,1.0,1.6666666666666667,1.3333333333333333,1.3333333333333333,1.3333333333333333,2.6666666666666665,1.3333333333333333,2.0,5.0,5.0
98358422b89539ffea313e9bda5f4ab4844f546e26e0e71fdb91b792b1e9b7f4,exp06_b_zh_tokenizer_ablation,B008,zh_tokenizer_ablation,ZH,hybrid_state,3,gemini_3_1_pro_preview,3,1.846153846153846,0.5807564950208268,1.6666666666666667,2.0,1.6666666666666667,1.0,1.6666666666666667,1.3333333333333333,1.3333333333333333,1.6666666666666667,4.0,1.6666666666666667,3.0,4.0,5.0
9890ee882ea0d304a2317f64f162b6aa74b1402158fded4e16305920c7635194,exp06_a_hybrid_state_causal_handoff,A012,continuity_recovery,EN,compressed,1,grok_4_20_non_reasoning,3,4.743589743589744,0.22205779584216398,4.666666666666667,5.0,4.333333333333333,4.333333333333333,5.0,5.0,4.333333333333333,5.0,5.0,5.0,5.0,1.3333333333333333,1.6666666666666667
98d8c5ac4e6522685204eb4968ea1dc1ed1fa5e487fc25f138a9ea698d58a717,exp06_a_hybrid_state_causal_handoff,A001,handoff_state,ES,hybrid_state,1,azure_gpt_5_5_instant,3,4.743589743589744,0.320256307610174,5.0,4.333333333333333,5.0,4.666666666666667,4.666666666666667,5.0,4.666666666666667,4.666666666666667,5.0,5.0,4.666666666666667,1.6666666666666667,1.3333333333333333
995fae9027a2a08a23bf62b505d51670784d927129c3e1cb7fe32deee5e43e99,exp06_a_hybrid_state_causal_handoff,A006,continuity_recovery,EN,hybrid_state,2,qwen3_next_80b_instruct,3,4.6923076923076925,0.2664693550105966,4.666666666666667,4.333333333333333,5.0,4.333333333333333,5.0,5.0,4.333333333333333,4.333333333333333,5.0,5.0,5.0,1.6666666666666667,1.3333333333333333
9a04682d838d65e626e9e97275157dbdabeea286caa467811484dbc2969bca9c,exp06_a_hybrid_state_causal_handoff,A007,causal_claim,ZH,hybrid_state,2,qwen3_next_80b_instruct,3,4.58974358974359,0.47000776358521457,4.666666666666667,4.0,4.666666666666667,4.333333333333333,5.0,4.666666666666667,4.666666666666667,4.666666666666667,5.0,4.666666666666667,4.666666666666667,1.6666666666666667,1.6666666666666667
9a0c66d6bb2c01c6fdca95d7525809e9e3171d52c6705f5ca69dbfad05cf325c,exp06_b_zh_tokenizer_ablation,B008,zh_tokenizer_ablation,ZH,compressed,2,qwen3_next_80b_instruct,3,4.666666666666667,0.34686536560176123,4.666666666666667,4.666666666666667,4.666666666666667,4.333333333333333,5.0,4.666666666666667,4.333333333333333,4.666666666666667,5.0,5.0,5.0,1.6666666666666667,1.6666666666666667
9a0e3cdfae0ee44b25a8a919f4308bc950302582ca2c494e6f0b14887e5372b5,exp06_b_zh_tokenizer_ablation,B002,zh_tokenizer_ablation,ES_LITERAL,hybrid_state,2,gemini_3_1_pro_preview,3,1.5384615384615383,0.1332346775052983,1.0,2.0,1.0,1.0,1.0,1.0,1.0,1.0,4.333333333333333,1.3333333333333333,2.6666666666666665,4.333333333333333,5.0
9a16cdc7ac69c739019369e8db0f3a389403f0ba71f78fc7cbab87b1a0bc26a8,exp06_b_zh_tokenizer_ablation,B010,zh_tokenizer_ablation,ES_LITERAL,hybrid_state,1,gemini_3_1_pro_preview,3,2.435897435897436,0.38717099668055127,2.0,3.3333333333333335,2.0,1.3333333333333333,2.0,2.3333333333333335,1.6666666666666667,2.0,4.666666666666667,2.3333333333333335,4.0,3.3333333333333335,4.666666666666667
9a212089f5cd2791447fec0a062510ca49784b7482c98894f571ce6f87c42494,exp06_a_hybrid_state_causal_handoff,A004,continuity_recovery,ZH,compressed,2,azure_gpt_5_5_instant,3,4.923076923076923,0.0769230769230771,4.666666666666667,5.0,5.0,4.666666666666667,5.0,5.0,5.0,5.0,4.666666666666667,5.0,5.0,1.0,1.0
9ae1aab1be198a9090705fd24a7c324e4e6f2c8323779da17837e858b3c4a563,exp06_a_hybrid_state_causal_handoff,A012,continuity_recovery,ES,compressed,1,gemini_3_1_pro_preview,3,2.0,0.3846153846153846,1.6666666666666667,3.3333333333333335,1.0,1.0,1.3333333333333333,1.3333333333333333,1.0,1.3333333333333333,4.666666666666667,1.3333333333333333,4.666666666666667,3.6666666666666665,5.0
9af7353b7c83f3bda81d117df737afaa125acc383063062830fcc2b65e3dbc9d,exp06_b_zh_tokenizer_ablation,B006,zh_tokenizer_ablation,ZH_PINYIN,compressed,1,gemini_3_1_pro_preview,3,1.7435897435897436,0.11750194089630361,1.3333333333333333,2.0,1.0,1.0,1.0,1.0,1.0,1.0,5.0,1.0,4.0,3.6666666666666665,5.0
9b05d2161b324bc4dd9e8d1286e2f1e9f1fff6eb81c6eeeec52ca9be96193309,exp06_b_zh_tokenizer_ablation,B004,zh_tokenizer_ablation,EN_LITERAL,compressed,2,grok_4_20_non_reasoning,3,4.743589743589744,0.44411559168432746,4.666666666666667,4.666666666666667,4.666666666666667,4.666666666666667,4.666666666666667,5.0,4.666666666666667,4.666666666666667,5.0,4.666666666666667,5.0,1.3333333333333333,1.3333333333333333
9b073efc82e0d7ba7598def24f74e5684db27e2cc7e0408c1ac131ab718f319c,exp06_b_zh_tokenizer_ablation,B006,zh_tokenizer_ablation,ES_LITERAL,compressed,3,qwen3_next_80b_instruct,3,4.717948717948718,0.310880914179029,5.0,4.333333333333333,4.666666666666667,4.666666666666667,5.0,5.0,4.333333333333333,4.666666666666667,5.0,5.0,4.666666666666667,1.6666666666666667,1.3333333333333333
9b0a368ad80bf2d2674a3089709ed72b2b655b58895d7c62e1ccec14832fa492,exp06_b_zh_tokenizer_ablation,B003,zh_tokenizer_ablation,ZH,compressed,1,gemini_3_1_pro_preview,3,2.2051282051282053,0.22205779584216373,2.0,3.0,2.0,1.0,1.3333333333333333,1.6666666666666667,1.3333333333333333,1.6666666666666667,5.0,1.6666666666666667,4.666666666666667,4.0,4.666666666666667
9b0d2736456403018a4e89fe9c24b2985829aae58f943c4c52b7b18b01ccdccb,exp06_a_hybrid_state_causal_handoff,A004,continuity_recovery,EN,compressed,3,qwen3_next_80b_instruct,3,4.6923076923076925,0.5329387100211932,4.666666666666667,5.0,4.666666666666667,4.333333333333333,4.666666666666667,4.666666666666667,4.666666666666667,4.666666666666667,5.0,4.666666666666667,5.0,1.3333333333333333,1.6666666666666667
9b2d5672a18e520c2f0f27c66a852e4813a46cc7c57856141325bee573c66b1d,exp06_a_hybrid_state_causal_handoff,A007,causal_claim,EN,hybrid_state,3,qwen3_next_80b_instruct,3,4.641025641025641,0.34686536560176123,4.333333333333333,4.333333333333333,5.0,4.333333333333333,4.666666666666667,4.666666666666667,4.666666666666667,4.666666666666667,5.0,5.0,5.0,1.6666666666666667,1.6666666666666667
9b2f11c0cd5e969767d3b28081be5a5dbb2a959d781d771e18cf2417c9434181,exp06_a_hybrid_state_causal_handoff,A004,continuity_recovery,ES,hybrid_state,2,gemini_3_1_pro_preview,3,2.435897435897436,0.49454619287143353,2.3333333333333335,3.6666666666666665,2.3333333333333335,1.3333333333333333,1.3333333333333333,2.3333333333333335,1.3333333333333333,1.6666666666666667,4.666666666666667,1.6666666666666667,4.666666666666667,3.0,4.666666666666667
9b3e3debd670c9ef680eae461279396368f33e6e4d96d0e266aa633553546de3,exp06_a_hybrid_state_causal_handoff,A009,auditability,EN,hybrid_state,2,grok_4_20_non_reasoning,3,4.333333333333333,0.5824521380307974,4.333333333333333,3.6666666666666665,4.333333333333333,4.333333333333333,4.666666666666667,4.666666666666667,4.333333333333333,4.333333333333333,5.0,4.666666666666667,4.0,2.3333333333333335,1.6666666666666667
9b5e48d1885058ff8551437acbf960a90ee012cbc7adfecbc91f3bacb955d5aa,exp06_a_hybrid_state_causal_handoff,A006,continuity_recovery,ES,hybrid_state,1,gemini_3_1_pro_preview,3,2.4871794871794872,0.16012815380508724,2.0,4.0,2.0,1.3333333333333333,2.0,2.3333333333333335,1.6666666666666667,2.0,5.0,1.3333333333333333,5.0,3.6666666666666665,4.666666666666667
9b667818c347a252ac8a5b2d3bb9215582646498887ddf0c68ce8d1c30996850,exp06_a_hybrid_state_causal_handoff,A007,causal_claim,EN,compressed,2,gemini_3_1_pro_preview,3,2.1794871794871793,0.29122606901539855,1.6666666666666667,3.3333333333333335,1.6666666666666667,1.0,1.6666666666666667,1.3333333333333333,1.0,1.3333333333333333,5.0,1.3333333333333333,5.0,3.3333333333333335,4.666666666666667
9b7f44727c9be4480b4a643d0638a9baeceb48327bad6a42a4ca759acd97ca45,exp06_a_hybrid_state_causal_handoff,A004,continuity_recovery,ZH,hybrid_state,1,grok_4_20_non_reasoning,3,4.769230769230769,0.23076923076923084,5.0,4.333333333333333,5.0,4.666666666666667,5.0,5.0,5.0,4.666666666666667,5.0,5.0,4.333333333333333,1.6666666666666667,1.3333333333333333
9b85c3c7cd9563955ee682ec7031bd255bc7018732e2126cd08a9b56102c4562,exp06_b_zh_tokenizer_ablation,B002,zh_tokenizer_ablation,ZH_PINYIN,hybrid_state,3,qwen3_next_80b_instruct,3,3.948717948717949,0.19358549834027586,4.333333333333333,3.6666666666666665,3.0,4.333333333333333,5.0,4.333333333333333,4.0,4.333333333333333,5.0,4.333333333333333,1.3333333333333333,2.3333333333333335,2.0
9b90bb97e11c0a4d57bf4572fe967965de90c523ac75a304615672d3e5ba7fd6,exp06_b_zh_tokenizer_ablation,B001,zh_tokenizer_ablation,ZH_PINYIN,hybrid_state,3,grok_4_20_non_reasoning,3,4.641025641025641,0.4945461928714337,4.666666666666667,4.333333333333333,4.666666666666667,5.0,5.0,4.666666666666667,4.666666666666667,4.666666666666667,4.666666666666667,4.666666666666667,4.666666666666667,2.0,1.3333333333333333
9b976fc82f770ab6f9f250f8f5ea17980fded89ce7b4bface315c49c331af0e3,exp06_b_zh_tokenizer_ablation,B005,zh_tokenizer_ablation,ZH,hybrid_state,2,gemini_3_1_pro_preview,3,1.8717948717948716,0.5004928537421317,1.6666666666666667,2.6666666666666665,1.3333333333333333,1.0,1.0,1.6666666666666667,1.0,1.3333333333333333,4.0,1.3333333333333333,4.333333333333333,4.0,5.0
9bcb8636c005184ac1484c7369640fecda1fef0773a096d0b2811a06fa77481c,exp06_a_hybrid_state_causal_handoff,A011,handoff_state,EN,hybrid_state,3,grok_4_20_non_reasoning,3,3.794871794871795,0.6405126152203483,3.6666666666666665,3.6666666666666665,3.3333333333333335,3.3333333333333335,4.333333333333333,4.0,3.6666666666666665,3.6666666666666665,4.666666666666667,4.333333333333333,4.333333333333333,2.6666666666666665,3.0
9bdd6b3dc653bb919b971de294b09832b0491be73768d95430acb90811f7e21c,exp06_b_zh_tokenizer_ablation,B004,zh_tokenizer_ablation,ES_LITERAL,hybrid_state,1,grok_4_20_non_reasoning,3,4.846153846153846,0.15384615384615374,4.666666666666667,4.333333333333333,5.0,5.0,5.0,5.0,5.0,5.0,5.0,5.0,4.666666666666667,1.6666666666666667,1.0
9bfcf9600048793b8291b6d66b577a2fb9db42ef1323ec21f5bd046fa2f9eafe,exp06_b_zh_tokenizer_ablation,B008,zh_tokenizer_ablation,ES_LITERAL,hybrid_state,3,gemini_3_1_pro_preview,3,1.3589743589743588,0.29122606901539866,1.0,1.3333333333333333,1.0,1.0,1.0,1.0,1.0,1.0,3.0,1.0,3.0,4.666666666666667,5.0
9c0c61c3334ed5b9abc0370f8b333ffdb9fb983be6d6797d2bd7ce96744d7f63,exp06_b_zh_tokenizer_ablation,B004,zh_tokenizer_ablation,ZH_PINYIN,hybrid_state,1,qwen3_next_80b_instruct,3,3.7692307692307696,0.13323467750529802,4.0,3.6666666666666665,3.3333333333333335,4.333333333333333,4.333333333333333,3.6666666666666665,4.0,3.3333333333333335,5.0,3.3333333333333335,2.0,2.3333333333333335,1.6666666666666667
9c11fa9edd59ab6f28026a38df587e633dc4a041459a34bb66e2e93b148e3b6b,exp06_a_hybrid_state_causal_handoff,A003,handoff_state,ZH,hybrid_state,2,qwen3_next_80b_instruct,3,4.512820512820513,0.7147364033213512,4.333333333333333,4.0,4.666666666666667,4.333333333333333,5.0,4.666666666666667,4.666666666666667,4.333333333333333,5.0,4.666666666666667,4.666666666666667,2.0,1.6666666666666667
9c3aa27fe5182236df622ee2e0d437c79cdd7f398f00cf1db3fd55e0f0374145,exp06_a_hybrid_state_causal_handoff,A007,causal_claim,EN,compressed,1,grok_4_20_non_reasoning,3,4.82051282051282,0.3108809141790292,4.666666666666667,5.0,4.666666666666667,4.666666666666667,5.0,5.0,4.666666666666667,4.666666666666667,5.0,4.666666666666667,5.0,1.0,1.3333333333333333
9c5d80a6e2bc785ef65163851417f48ae4df6f232564f5428a2bf21fe6b0719f,exp06_a_hybrid_state_causal_handoff,A009,auditability,ZH,hybrid_state,3,gemini_3_1_pro_preview,3,1.8717948717948716,0.4636702902570544,1.6666666666666667,2.3333333333333335,1.0,1.0,1.6666666666666667,1.3333333333333333,1.3333333333333333,1.3333333333333333,3.6666666666666665,2.0,4.333333333333333,4.333333333333333,5.0
9c8926ccc5c10e0204cb5e6813c2608e3e7f906956e93b6ba80c3b155f9a8b2e,exp06_b_zh_tokenizer_ablation,B009,zh_tokenizer_ablation,EN_LITERAL,hybrid_state,3,qwen3_next_80b_instruct,3,3.743589743589743,1.2315702521561875,4.0,3.0,3.3333333333333335,3.6666666666666665,4.333333333333333,4.0,4.0,3.3333333333333335,5.0,4.0,3.6666666666666665,3.0,2.6666666666666665
9ca944bc071256f07d9e06afae5291fe8457b7a227bb34033119f95f611fcef2,exp06_b_zh_tokenizer_ablation,B003,zh_tokenizer_ablation,ZH_PINYIN,compressed,1,gemini_3_1_pro_preview,3,2.641025641025641,0.4700077635852143,2.3333333333333335,3.6666666666666665,2.3333333333333335,2.0,3.0,3.0,2.3333333333333335,2.3333333333333335,5.0,2.6666666666666665,1.0,3.3333333333333335,4.0
9cc33d2196c213f39c8d2046cb203ae80710816970e63fc69bfbbbefb349fe4c,exp06_a_hybrid_state_causal_handoff,A012,continuity_recovery,ES,compressed,2,grok_4_20_non_reasoning,3,4.948717948717949,0.0444115591684326,5.0,5.0,5.0,5.0,5.0,5.0,5.0,5.0,4.666666666666667,5.0,5.0,1.3333333333333333,1.0
9cc801bae3105017c3ce9d14952f2c3905448f0be2d30fd7e0f50bd8e78cfa60,exp06_b_zh_tokenizer_ablation,B001,zh_tokenizer_ablation,ZH,hybrid_state,3,grok_4_20_non_reasoning,3,4.743589743589744,0.270144968021865,5.0,4.333333333333333,4.666666666666667,5.0,5.0,5.0,4.333333333333333,4.666666666666667,5.0,4.666666666666667,4.666666666666667,1.6666666666666667,1.0
9cceb5f1665375a69e37d53eb38a725f872597bc644c0f9c82fc01558ddbede3,exp06_a_hybrid_state_causal_handoff,A007,causal_claim,ZH,hybrid_state,1,grok_4_20_non_reasoning,3,4.615384615384616,0.5384615384615384,4.666666666666667,4.0,4.666666666666667,4.666666666666667,5.0,5.0,5.0,4.666666666666667,4.333333333333333,4.666666666666667,4.666666666666667,2.0,1.3333333333333333
9d2f005dce7b2d4ff6e7b2d51f8b4ec09b815578c69dbf905866301ed3beb0dc,exp06_b_zh_tokenizer_ablation,B007,zh_tokenizer_ablation,ZH,hybrid_state,1,gemini_3_1_pro_preview,3,2.2051282051282053,0.43740313100594824,1.6666666666666667,2.6666666666666665,1.6666666666666667,1.0,2.6666666666666665,2.0,1.3333333333333333,1.3333333333333333,4.666666666666667,2.6666666666666665,4.0,4.333333333333333,4.666666666666667
9d5f141d56ac239680f1e4a44a78369343d79efbb1d5520753ef2b21c142ae30,exp06_b_zh_tokenizer_ablation,B005,zh_tokenizer_ablation,ZH_PINYIN,hybrid_state,3,gemini_3_1_pro_preview,3,1.7692307692307692,0.5547001962252293,2.0,3.0,1.6666666666666667,1.0,1.6666666666666667,1.3333333333333333,1.3333333333333333,1.3333333333333333,3.6666666666666665,1.6666666666666667,1.0,3.6666666666666665,5.0
9d78744cc0c79d57e2cddaeb08e877026f455ef80aac34f40cb1aa00677385f0,exp06_b_zh_tokenizer_ablation,B004,zh_tokenizer_ablation,ES_LITERAL,hybrid_state,3,qwen3_next_80b_instruct,3,4.358974358974359,0.5875097044815178,4.333333333333333,3.6666666666666665,4.333333333333333,4.333333333333333,4.666666666666667,4.333333333333333,4.666666666666667,4.333333333333333,5.0,4.666666666666667,4.333333333333333,2.3333333333333335,1.6666666666666667
9da58ca4b4eac32a28cb5644c9e5a935921f17aff592f1ca6e50a22b54c37066,exp06_a_hybrid_state_causal_handoff,A003,handoff_state,ZH,hybrid_state,3,gemini_3_1_pro_preview,3,1.435897435897436,0.23500388179260714,1.3333333333333333,1.6666666666666667,1.0,1.0,1.6666666666666667,1.0,1.3333333333333333,1.0,3.6666666666666665,1.0,1.6666666666666667,4.666666666666667,5.0
9dad69afd1a5aefa54415744f14ebf563d7830d03ceb2d6339c09fcbd6dad886,exp06_a_hybrid_state_causal_handoff,A003,handoff_state,EN,compressed,3,grok_4_20_non_reasoning,3,4.897435897435898,0.11750194089630366,4.666666666666667,5.0,5.0,4.666666666666667,5.0,5.0,5.0,5.0,5.0,5.0,5.0,1.3333333333333333,1.3333333333333333
9dbafcf2df2b0bf9ab88ac16e1e59a48e813de93ca989ed3b67db423fdce7f2a,exp06_b_zh_tokenizer_ablation,B002,zh_tokenizer_ablation,ZH,hybrid_state,3,qwen3_next_80b_instruct,3,4.615384615384616,0.46790481002294015,4.666666666666667,4.0,4.666666666666667,4.666666666666667,5.0,4.666666666666667,4.666666666666667,4.666666666666667,4.666666666666667,4.666666666666667,5.0,2.0,1.3333333333333333
9e2357f876b7800fb2857046a71f295c4a4ca838fad80357ba91adb845e518f5,exp06_a_hybrid_state_causal_handoff,A010,auditability,ES,hybrid_state,1,qwen3_next_80b_instruct,3,4.41025641025641,0.5121790860368763,4.333333333333333,3.6666666666666665,4.333333333333333,5.0,4.666666666666667,4.333333333333333,4.333333333333333,4.333333333333333,5.0,4.333333333333333,4.666666666666667,2.3333333333333335,1.3333333333333333
9edd034d576d095b393ba0f9ed717be97b9ee14b8d82f67db9a8c329e8994b5f,exp06_a_hybrid_state_causal_handoff,A004,continuity_recovery,ZH,compressed,3,grok_4_20_non_reasoning,3,4.897435897435898,0.1776462366737309,5.0,5.0,5.0,4.666666666666667,4.666666666666667,5.0,4.666666666666667,5.0,5.0,5.0,5.0,1.0,1.3333333333333333
9eeea2d19bf872af4eb276411da3bad86b38a011dc47253e5c5c777e52ce9520,exp06_b_zh_tokenizer_ablation,B003,zh_tokenizer_ablation,ZH,compressed,3,gemini_3_1_pro_preview,3,2.4871794871794872,0.5004928537421317,2.3333333333333335,2.6666666666666665,2.3333333333333335,1.6666666666666667,1.6666666666666667,2.3333333333333335,1.6666666666666667,1.6666666666666667,5.0,2.0,5.0,3.6666666666666665,4.333333333333333
9f1f27e2ddcfcddf673d922e1cfa427fc07a8c78d76fe353bc6761804265df30,exp06_b_zh_tokenizer_ablation,B007,zh_tokenizer_ablation,ZH_PINYIN,hybrid_state,2,gemini_3_1_pro_preview,3,1.3589743589743588,0.04441155916843272,1.0,1.3333333333333333,1.0,1.0,1.0,1.0,1.0,1.0,3.6666666666666665,1.0,2.6666666666666665,5.0,5.0
9f2977edf2fceed860eba0e93ae5da955e1f625b7fada062aa40176e081f30cc,exp06_a_hybrid_state_causal_handoff,A004,continuity_recovery,ZH,compressed,3,gemini_3_1_pro_preview,3,2.5641025641025643,0.5004928537421317,2.3333333333333335,4.0,2.0,1.6666666666666667,1.3333333333333333,2.3333333333333335,1.6666666666666667,2.0,5.0,2.0,5.0,3.6666666666666665,4.333333333333333
9f39715125053512b345a38a3e8a11ef34cce03dd3feb32a3851330c087eac76,exp06_a_hybrid_state_causal_handoff,A004,continuity_recovery,EN,compressed,2,qwen3_next_80b_instruct,3,4.6923076923076925,0.5329387100211932,4.666666666666667,5.0,4.666666666666667,4.333333333333333,4.666666666666667,4.666666666666667,4.666666666666667,4.666666666666667,5.0,4.666666666666667,5.0,1.3333333333333333,1.6666666666666667
9f4e724d61bbaa0a1aff8f366a2a97d8f5147b98605bdf90f7d7407bfa6bddd5,exp06_a_hybrid_state_causal_handoff,A006,continuity_recovery,ES,hybrid_state,3,azure_gpt_5_5_instant,3,4.9743589743589745,0.0444115591684326,5.0,5.0,5.0,5.0,5.0,5.0,5.0,5.0,4.666666666666667,5.0,5.0,1.0,1.0
9f77da51f53d2b5496dd622a49ed39ac0afdcb7a39bd4dee3418aa32db5d0ea0,exp06_b_zh_tokenizer_ablation,B002,zh_tokenizer_ablation,ZH,hybrid_state,1,gemini_3_1_pro_preview,3,1.4871794871794872,0.394738572265145,1.0,1.6666666666666667,1.0,1.0,1.3333333333333333,1.3333333333333333,1.3333333333333333,1.3333333333333333,3.3333333333333335,1.3333333333333333,2.6666666666666665,5.0,5.0
9fd35e8d2ebaf1f685d585c694d810d2cd0a6ce6581f19eb51a8b6fe95fce632,exp06_a_hybrid_state_causal_handoff,A006,continuity_recovery,ES,hybrid_state,2,grok_4_20_non_reasoning,3,4.538461538461538,0.4615384615384617,4.666666666666667,4.0,4.666666666666667,4.666666666666667,5.0,5.0,4.333333333333333,4.333333333333333,5.0,4.666666666666667,4.333333333333333,2.0,1.6666666666666667
9fd368c580812668e784c925001831ec98b88b2c017c39c3f10626cb31ccf992,exp06_a_hybrid_state_causal_handoff,A006,continuity_recovery,ZH,compressed,2,azure_gpt_5_5_instant,3,4.923076923076923,0.0769230769230771,4.666666666666667,5.0,5.0,5.0,5.0,5.0,5.0,5.0,4.333333333333333,5.0,5.0,1.0,1.0
9fe1a12492856944d8efabdeec3942ac9e0e28a56065414cf5e9b241c96a2681,exp06_b_zh_tokenizer_ablation,B006,zh_tokenizer_ablation,ES_LITERAL,compressed,1,gemini_3_1_pro_preview,3,1.8205128205128205,0.23500388179260728,1.6666666666666667,2.0,1.0,1.0,1.6666666666666667,1.3333333333333333,1.0,1.3333333333333333,4.666666666666667,1.3333333333333333,4.333333333333333,4.666666666666667,5.0
a0285bf6847f085270bfd2390ce406159227a869ee369c09da488a5a9bfd8e1e,exp06_a_hybrid_state_causal_handoff,A001,handoff_state,ZH,hybrid_state,2,azure_gpt_5_5_instant,3,4.9743589743589745,0.0444115591684326,5.0,5.0,5.0,5.0,5.0,5.0,5.0,5.0,5.0,5.0,5.0,1.0,1.3333333333333333
a030ef7eacc4b1d0029f9773952f34946bff569e5a771e9f0d44c908ed01501e,exp06_b_zh_tokenizer_ablation,B009,zh_tokenizer_ablation,ZH,compressed,2,grok_4_20_non_reasoning,3,4.58974358974359,0.4236592728681615,4.666666666666667,4.333333333333333,4.333333333333333,4.0,5.0,5.0,4.666666666666667,4.666666666666667,4.333333333333333,5.0,5.0,1.6666666666666667,1.6666666666666667
a04d0e21455dc5904cc3b43e46b5e82c50cd3c40b16e6c9c4fcbd8e6d060c2c5,exp06_b_zh_tokenizer_ablation,B003,zh_tokenizer_ablation,ZH_PINYIN,compressed,2,qwen3_next_80b_instruct,3,3.051282051282051,0.6542231190857988,2.3333333333333335,4.0,3.0,3.0,3.6666666666666665,3.0,3.0,3.3333333333333335,4.333333333333333,2.6666666666666665,1.3333333333333333,2.3333333333333335,3.6666666666666665
a055e05193d8322b1b7f1084e362ed837327969b097b4cab723d16fbd1a382a5,exp06_a_hybrid_state_causal_handoff,A001,handoff_state,EN,hybrid_state,3,gemini_3_1_pro_preview,3,2.076923076923077,0.3525058226889109,2.0,3.3333333333333335,1.3333333333333333,1.3333333333333333,1.6666666666666667,1.3333333333333333,1.3333333333333333,1.3333333333333333,4.666666666666667,1.3333333333333333,4.0,4.0,4.666666666666667
a0d7c15ba2f9addabe052930d8f684bbcf7f25c0aed4acbb1daee7f664d58f84,exp06_a_hybrid_state_causal_handoff,A010,auditability,ES,hybrid_state,1,grok_4_20_non_reasoning,3,4.666666666666667,0.5121790860368766,4.666666666666667,4.333333333333333,4.666666666666667,4.666666666666667,4.666666666666667,4.666666666666667,4.666666666666667,4.666666666666667,5.0,5.0,5.0,1.6666666666666667,1.6666666666666667
a0ef207d44e14d3e748548dddb2bbc8dfcdd459a3d03e36520c0156976b82e58,exp06_a_hybrid_state_causal_handoff,A006,continuity_recovery,ES,compressed,2,azure_gpt_5_5_instant,3,4.923076923076923,0.0769230769230771,5.0,5.0,5.0,4.666666666666667,5.0,5.0,5.0,5.0,4.666666666666667,5.0,5.0,1.0,1.3333333333333333
a1036fe9ebb38501d4169230a1a304bd7714cfbc533c0ecc7704feb898a96931,exp06_b_zh_tokenizer_ablation,B004,zh_tokenizer_ablation,ZH_PINYIN,compressed,3,grok_4_20_non_reasoning,3,4.666666666666667,0.39473857226514486,4.666666666666667,4.333333333333333,4.666666666666667,4.666666666666667,5.0,4.666666666666667,4.666666666666667,4.666666666666667,5.0,5.0,4.666666666666667,2.0,1.3333333333333333
a10cbbf49f55a454ccf2cd89b7ae7caacd2620f8a9268cc46c11b556244fdca6,exp06_b_zh_tokenizer_ablation,B002,zh_tokenizer_ablation,ZH_PINYIN,compressed,3,qwen3_next_80b_instruct,3,3.4871794871794872,1.4315410104828572,3.3333333333333335,3.3333333333333335,3.3333333333333335,3.0,4.0,3.3333333333333335,3.0,3.3333333333333335,4.666666666666667,3.6666666666666665,4.0,2.6666666666666665,3.0
a10e194c35d1972c55c076cb1f512491b6fc864512c05d73feee4fcd39f193e1,exp06_a_hybrid_state_causal_handoff,A012,continuity_recovery,ES,hybrid_state,3,gemini_3_1_pro_preview,3,1.9487179487179487,0.1935854983402756,2.0,2.3333333333333335,1.3333333333333333,1.0,1.6666666666666667,1.6666666666666667,1.0,1.0,5.0,1.6666666666666667,4.333333333333333,4.666666666666667,5.0
a12c71e39dd9231854b5f248ded29fe534d75e64add4272a6ff8fc4301d89534,exp06_a_hybrid_state_causal_handoff,A011,handoff_state,ZH,compressed,2,gemini_3_1_pro_preview,3,2.1538461538461537,0.4070386632407062,2.0,3.6666666666666665,1.3333333333333333,1.3333333333333333,1.6666666666666667,1.3333333333333333,1.3333333333333333,1.3333333333333333,4.666666666666667,1.3333333333333333,4.333333333333333,3.6666666666666665,4.666666666666667
a15e27ff99adfb730d8a8d34f73f50044d7ae785ce1b6a694a827f63c3c0a63e,exp06_a_hybrid_state_causal_handoff,A012,continuity_recovery,EN,hybrid_state,3,grok_4_20_non_reasoning,3,4.0,0.8736782070461959,4.0,3.6666666666666665,4.0,3.3333333333333335,4.333333333333333,4.333333333333333,3.6666666666666665,4.0,5.0,4.333333333333333,4.333333333333333,2.3333333333333335,2.6666666666666665
a16613b940bbd88c3318e69a962925cdfecf6514ae5e3cd2d867b88b058dda07,exp06_a_hybrid_state_causal_handoff,A009,auditability,ZH,hybrid_state,1,grok_4_20_non_reasoning,3,3.8461538461538463,0.6705998374677957,3.3333333333333335,4.0,2.6666666666666665,2.0,4.666666666666667,4.333333333333333,4.333333333333333,4.333333333333333,5.0,4.666666666666667,4.333333333333333,2.3333333333333335,3.3333333333333335
a167338a4f22974c5ac065f8a8c5fb919879138cf5e5de7ebc333a8e9005ec8a,exp06_b_zh_tokenizer_ablation,B001,zh_tokenizer_ablation,ZH,compressed,2,grok_4_20_non_reasoning,3,4.9743589743589745,0.0444115591684326,5.0,5.0,5.0,4.666666666666667,5.0,5.0,5.0,5.0,5.0,5.0,5.0,1.0,1.0
a1b5c5ec534b49a6fc19563cf9ec070dd0eb92cab0a481ccc2cbf642908ad531,exp06_a_hybrid_state_causal_handoff,A006,continuity_recovery,EN,compressed,3,grok_4_20_non_reasoning,3,4.9743589743589745,0.0444115591684326,5.0,4.666666666666667,5.0,5.0,5.0,5.0,5.0,5.0,5.0,5.0,5.0,1.0,1.0
a1ce58676ac619f35391842fa8ecdc9d631d7817ad0485f249544b4660e0db27,exp06_b_zh_tokenizer_ablation,B007,zh_tokenizer_ablation,ZH,hybrid_state,3,qwen3_next_80b_instruct,3,3.5384615384615383,1.3345655056074979,3.6666666666666665,3.0,3.3333333333333335,3.6666666666666665,3.6666666666666665,3.3333333333333335,3.3333333333333335,3.3333333333333335,5.0,3.3333333333333335,4.0,3.0,2.6666666666666665
a1d5d89512bec3d2d7c196dc2f1f71f219b010a2a8b7f7c6e89837cd83d3c478,exp06_a_hybrid_state_causal_handoff,A003,handoff_state,ZH,compressed,2,gemini_3_1_pro_preview,3,1.5384615384615383,0.15384615384615385,1.0,1.6666666666666667,1.0,1.0,1.3333333333333333,1.0,1.3333333333333333,1.0,5.0,1.0,2.6666666666666665,5.0,5.0
a1d7749e8a24bfe518c6fe67889384f070f1ef38947391aef9c73aadc6591ef8,exp06_b_zh_tokenizer_ablation,B004,zh_tokenizer_ablation,ZH_PINYIN,compressed,1,gemini_3_1_pro_preview,3,2.4358974358974357,0.11750194089630366,2.0,3.0,2.0,1.6666666666666667,2.0,2.0,1.6666666666666667,2.0,5.0,2.0,4.666666666666667,3.6666666666666665,4.666666666666667
a1f164be37a5c57675f38620abd1231e847a4eb523404ff6fee55055fcdb827b,exp06_a_hybrid_state_causal_handoff,A012,continuity_recovery,ZH,hybrid_state,2,grok_4_20_non_reasoning,3,4.333333333333333,1.0243581720737527,4.333333333333333,4.0,4.333333333333333,4.0,4.333333333333333,4.333333333333333,4.333333333333333,4.333333333333333,5.0,4.666666666666667,4.666666666666667,2.0,2.0
a21268ea72378de18110997e2ada1d0b88943d051d814c1204a0bc77246c5ab5,exp06_a_hybrid_state_causal_handoff,A009,auditability,ES,compressed,3,gemini_3_1_pro_preview,3,1.8205128205128205,0.19358549834027564,1.6666666666666667,2.3333333333333335,1.0,1.0,1.0,1.0,1.0,1.0,5.0,1.3333333333333333,5.0,4.666666666666667,5.0
a223f6c6d11ac1d2028b7c9895a6343147447138226d1122488e6d301c60f91e,exp06_b_zh_tokenizer_ablation,B010,zh_tokenizer_ablation,ES_LITERAL,hybrid_state,1,grok_4_20_non_reasoning,3,4.769230769230769,0.20351933162035324,5.0,4.333333333333333,5.0,5.0,5.0,5.0,4.666666666666667,4.666666666666667,5.0,5.0,4.333333333333333,1.6666666666666667,1.3333333333333333
a25a402929eb70ca194c56f0533562644d2b045a51b72aa03be826e0dfdda909,exp06_a_hybrid_state_causal_handoff,A001,handoff_state,ES,compressed,2,gemini_3_1_pro_preview,3,1.8974358974358976,0.04441155916843272,2.0,3.0,1.0,1.0,1.0,1.0,1.0,1.0,5.0,1.0,5.0,4.333333333333333,5.0
a26c39a612c2d73b2bcf3ff39eaa1a2b01bef1e1af33f072dbbf4a5743a4a1cf,exp06_b_zh_tokenizer_ablation,B009,zh_tokenizer_ablation,ZH_PINYIN,hybrid_state,1,grok_4_20_non_reasoning,3,3.4871794871794872,0.597496420396464,3.6666666666666665,3.0,2.3333333333333335,2.3333333333333335,4.333333333333333,4.0,4.333333333333333,3.6666666666666665,4.333333333333333,4.666666666666667,3.0,3.0,3.3333333333333335
a26e0867e65c6923903fad2cfbc7ac5fa12b1d7472c814a99b7bb15960bb69b8,exp06_a_hybrid_state_causal_handoff,A001,handoff_state,ES,compressed,3,gemini_3_1_pro_preview,3,1.7435897435897436,0.04441155916843272,1.6666666666666667,2.6666666666666665,1.0,1.0,1.0,1.0,1.0,1.0,4.333333333333333,1.0,4.666666666666667,4.666666666666667,5.0
a27a98d71b8289b968428c260ae6c50de44c12e0f4073ed01ea75b2baceb1668,exp06_b_zh_tokenizer_ablation,B006,zh_tokenizer_ablation,EN_LITERAL,compressed,3,grok_4_20_non_reasoning,3,4.435897435897435,0.39473857226514486,4.333333333333333,4.0,4.666666666666667,4.333333333333333,4.666666666666667,4.666666666666667,4.0,4.666666666666667,4.666666666666667,4.666666666666667,4.666666666666667,2.0,1.6666666666666667
a27d50da2b8c77aa8f0aeaa827acb17efecd0837e6e075ad407b16ab1d00c66a,exp06_a_hybrid_state_causal_handoff,A005,continuity_recovery,EN,compressed,1,qwen3_next_80b_instruct,3,4.871794871794871,0.22205779584216398,5.0,4.666666666666667,5.0,5.0,5.0,5.0,4.666666666666667,4.666666666666667,5.0,4.666666666666667,5.0,1.3333333333333333,1.0
a29966c001237def4168667a22cc65b3a2c6f9922497edc8ee01ae7810d079f9,exp06_b_zh_tokenizer_ablation,B005,zh_tokenizer_ablation,ES_LITERAL,hybrid_state,2,grok_4_20_non_reasoning,3,4.051282051282051,0.8915558282417286,3.6666666666666665,4.0,4.0,4.0,4.333333333333333,4.0,4.0,4.0,4.666666666666667,4.333333333333333,4.0,2.0,2.3333333333333335
a35b7346cc5420a92a9e3bebfefa6800f09d1dcb5c457e78f2ac513c01262f68,exp06_b_zh_tokenizer_ablation,B008,zh_tokenizer_ablation,ZH_PINYIN,hybrid_state,2,grok_4_20_non_reasoning,3,4.512820512820513,0.6542231190857987,4.333333333333333,4.0,4.666666666666667,4.333333333333333,4.666666666666667,4.666666666666667,4.666666666666667,4.666666666666667,5.0,4.333333333333333,4.666666666666667,2.0,1.3333333333333333
a36712501ac3fcf5dfa8fee0d8516ef405c771ed51f72d711efe602dcc6fa473,exp06_b_zh_tokenizer_ablation,B007,zh_tokenizer_ablation,ZH,hybrid_state,3,grok_4_20_non_reasoning,3,4.333333333333333,0.6217618283580585,4.333333333333333,3.6666666666666665,4.333333333333333,4.0,4.666666666666667,4.666666666666667,4.333333333333333,4.333333333333333,5.0,4.666666666666667,4.333333333333333,2.0,2.0
a3d0067d2c19589eb019e564075e8b5062a25e5f992365650e8cee273badc952,exp06_a_hybrid_state_causal_handoff,A002,handoff_state,ES,compressed,1,gemini_3_1_pro_preview,3,2.4358974358974357,0.7311065348401667,2.3333333333333335,2.6666666666666665,2.0,1.6666666666666667,1.6666666666666667,2.0,1.6666666666666667,2.0,4.666666666666667,2.3333333333333335,4.666666666666667,3.6666666666666665,4.333333333333333
a400ec7c03a79e496a92f367893db99c39dde6e8e9bfc26dc1541fea9332b833,exp06_a_hybrid_state_causal_handoff,A003,handoff_state,ES,hybrid_state,2,azure_gpt_5_5_instant,3,4.641025641025641,0.5564752413900181,4.666666666666667,4.333333333333333,4.666666666666667,4.666666666666667,4.666666666666667,4.666666666666667,4.666666666666667,4.666666666666667,4.666666666666667,4.666666666666667,4.666666666666667,1.3333333333333333,1.3333333333333333
a40ff53e0220d2634f8eec3ad5aa694638f8c5ec1f2201bad03fd990e9765569,exp06_a_hybrid_state_causal_handoff,A009,auditability,EN,hybrid_state,2,azure_gpt_5_5_instant,3,4.282051282051282,0.54028993604373,3.6666666666666665,4.333333333333333,3.3333333333333335,3.0,4.666666666666667,4.666666666666667,4.666666666666667,4.666666666666667,4.666666666666667,4.666666666666667,4.666666666666667,1.6666666666666667,1.6666666666666667
a454acd0a01f70f867171c49db8c838bf0ff67ec6ceaa172f80a7ab8cbbeb1cd,exp06_a_hybrid_state_causal_handoff,A001,handoff_state,ES,hybrid_state,3,qwen3_next_80b_instruct,3,4.82051282051282,0.19358549834027583,4.666666666666667,4.333333333333333,5.0,5.0,5.0,5.0,5.0,5.0,5.0,5.0,4.666666666666667,1.6666666666666667,1.3333333333333333
a4602a53c0292d9d2ffa82e2b5330f1735563e0492516d293734e507ca8a6651,exp06_b_zh_tokenizer_ablation,B001,zh_tokenizer_ablation,ZH,hybrid_state,2,qwen3_next_80b_instruct,3,4.538461538461538,0.4615384615384617,4.666666666666667,4.0,4.666666666666667,4.666666666666667,5.0,4.666666666666667,4.333333333333333,4.333333333333333,5.0,4.333333333333333,4.666666666666667,2.0,1.3333333333333333
a46653954ecd6881cafe4a55b62b002e28da1756975dca85286fa97f25ec5860,exp06_a_hybrid_state_causal_handoff,A008,causal_claim,ES,hybrid_state,1,qwen3_next_80b_instruct,3,4.333333333333333,0.5824521380307974,4.333333333333333,3.6666666666666665,4.0,4.0,5.0,4.666666666666667,4.333333333333333,4.333333333333333,5.0,4.666666666666667,4.666666666666667,2.3333333333333335,2.0
a493468fe41bd9008ac034c55fc3551a06d50e318b6fbeea15ab8414ac9f9cba,exp06_a_hybrid_state_causal_handoff,A006,continuity_recovery,EN,compressed,2,qwen3_next_80b_instruct,3,5.0,0.0,5.0,5.0,5.0,5.0,5.0,5.0,5.0,5.0,5.0,5.0,5.0,1.0,1.0
a4d28768e3fd6df179703c0a2d25cb8b526098d1c8d9fd89d4bff4a311f034a5,exp06_a_hybrid_state_causal_handoff,A009,auditability,ES,compressed,1,azure_gpt_5_5_instant,3,4.615384615384616,0.46790481002294015,4.333333333333333,5.0,4.0,4.666666666666667,4.666666666666667,4.666666666666667,4.666666666666667,4.666666666666667,4.666666666666667,4.666666666666667,5.0,1.3333333333333333,1.6666666666666667
a5230dcb9220e542646dd056644b66ec2b6044b292c99fe104424fb9277e1fe5,exp06_b_zh_tokenizer_ablation,B008,zh_tokenizer_ablation,ZH_PINYIN,compressed,2,qwen3_next_80b_instruct,3,3.0,1.0348941574672084,3.0,3.6666666666666665,3.0,3.0,2.6666666666666665,3.0,2.6666666666666665,3.0,4.333333333333333,3.0,1.3333333333333333,2.0,3.6666666666666665
a5749e998314f9603c1aee4c8d2d75f69d173d421a3e570e386c63f791421001,exp06_b_zh_tokenizer_ablation,B003,zh_tokenizer_ablation,ES_LITERAL,hybrid_state,1,qwen3_next_80b_instruct,3,4.564102564102564,0.4636702902570546,4.666666666666667,4.0,4.666666666666667,4.666666666666667,5.0,4.666666666666667,4.333333333333333,4.333333333333333,5.0,4.666666666666667,4.666666666666667,2.0,1.3333333333333333
a5869505fd4fbe09d02c7af7f808b01e24c72ec37078a5ba05a9b1d25c2524f0,exp06_b_zh_tokenizer_ablation,B001,zh_tokenizer_ablation,EN_LITERAL,compressed,1,gemini_3_1_pro_preview,3,1.846153846153846,0.5384615384615384,1.6666666666666667,2.3333333333333335,1.3333333333333333,1.0,1.3333333333333333,1.0,1.0,1.0,5.0,1.3333333333333333,3.6666666666666665,4.0,4.666666666666667
a5a83b991f1e92cf06bbdbc147836fe58d144b0689b01b08d82b51eaaf40cdce,exp06_a_hybrid_state_causal_handoff,A012,continuity_recovery,ZH,hybrid_state,2,azure_gpt_5_5_instant,3,4.769230769230769,0.20351933162035324,5.0,4.333333333333333,5.0,5.0,4.666666666666667,5.0,4.333333333333333,5.0,5.0,5.0,4.666666666666667,1.6666666666666667,1.3333333333333333
a5c29ceaef7b533d3c996a6f0e53ab7480b77d2c6fc3b8db8b6b8ab1496e96c7,exp06_a_hybrid_state_causal_handoff,A012,continuity_recovery,ZH,hybrid_state,1,grok_4_20_non_reasoning,3,4.17948717948718,0.8473185457363235,4.333333333333333,3.6666666666666665,4.333333333333333,3.6666666666666665,4.666666666666667,4.0,4.333333333333333,4.333333333333333,5.0,4.666666666666667,4.333333333333333,2.6666666666666665,2.3333333333333335
a5d22c0d5ae0e0adc41d18278313f5456e3ccb0cf5c71d43bafd6c70af18dc04,exp06_a_hybrid_state_causal_handoff,A003,handoff_state,ZH,compressed,3,grok_4_20_non_reasoning,3,4.948717948717949,0.0444115591684326,5.0,4.666666666666667,5.0,5.0,5.0,5.0,5.0,5.0,5.0,5.0,5.0,1.0,1.3333333333333333
a5eb461440117de34d8a8566b1dbe5f77db3d717c693b6465b54d27e378d1e23,exp06_b_zh_tokenizer_ablation,B006,zh_tokenizer_ablation,EN_LITERAL,hybrid_state,1,grok_4_20_non_reasoning,3,4.487179487179487,0.42365927286816174,4.666666666666667,4.0,4.666666666666667,4.666666666666667,4.666666666666667,4.666666666666667,4.333333333333333,4.666666666666667,4.666666666666667,4.666666666666667,4.333333333333333,2.0,1.6666666666666667
a5ff86bb7c1ffb90f559885f75ef277816c3481c5cfe7f88597426fa73551d4c,exp06_b_zh_tokenizer_ablation,B008,zh_tokenizer_ablation,ZH,compressed,1,qwen3_next_80b_instruct,3,4.769230769230769,0.3352999187338978,4.666666666666667,5.0,4.666666666666667,4.333333333333333,5.0,5.0,4.666666666666667,4.666666666666667,5.0,4.666666666666667,5.0,1.3333333333333333,1.3333333333333333
a5ffd8a873934f1f5b337f09eaf8b5aaa6c152c10b3a631da8c0a677c5436eb2,exp06_a_hybrid_state_causal_handoff,A001,handoff_state,ZH,compressed,3,qwen3_next_80b_instruct,3,4.641025641025641,0.4945461928714337,5.0,4.333333333333333,4.666666666666667,4.666666666666667,4.333333333333333,4.666666666666667,4.333333333333333,4.666666666666667,5.0,5.0,5.0,1.6666666666666667,1.6666666666666667
a633f2cdf1c4969bd0a0a8256b8565a2a996454f29c34070a77ff44eba56b141,exp06_a_hybrid_state_causal_handoff,A002,handoff_state,ES,hybrid_state,2,gemini_3_1_pro_preview,3,1.8717948717948716,0.270144968021865,2.0,2.3333333333333335,1.3333333333333333,1.0,1.3333333333333333,1.6666666666666667,1.0,1.0,4.0,1.3333333333333333,4.666666666666667,4.333333333333333,5.0
a63b5121bad89c8abb1dbd4256f84768c19d53543f0b09aded60809dc28b24a6,exp06_b_zh_tokenizer_ablation,B005,zh_tokenizer_ablation,EN_LITERAL,hybrid_state,1,gemini_3_1_pro_preview,3,1.4615384615384617,0.39970403251589476,1.3333333333333333,1.6666666666666667,1.0,1.0,1.0,1.0,1.0,1.0,3.6666666666666665,1.0,3.3333333333333335,5.0,5.0
a65ceff72a51e95041b2098d202d0d51ea22f5937ee9caa460c1162a9ae3c2ec,exp06_a_hybrid_state_causal_handoff,A003,handoff_state,ZH,hybrid_state,1,grok_4_20_non_reasoning,3,4.230769230769231,0.7337993857053429,4.333333333333333,3.6666666666666665,4.333333333333333,4.0,4.666666666666667,4.333333333333333,4.333333333333333,4.666666666666667,5.0,4.333333333333333,4.0,2.3333333333333335,2.3333333333333335
a67d86be109246c45e35fd0757687d95052629584ad992e17a61b13484604343,exp06_a_hybrid_state_causal_handoff,A005,continuity_recovery,ES,hybrid_state,1,grok_4_20_non_reasoning,3,4.897435897435897,0.0888231183368657,5.0,4.333333333333333,5.0,5.0,5.0,5.0,5.0,5.0,5.0,5.0,5.0,1.6666666666666667,1.0
a6989ad95edad01c2da1b4f7ac613b8eee1acdb84da2dbb31778f8c5ee16ff66,exp06_a_hybrid_state_causal_handoff,A011,handoff_state,ES,hybrid_state,3,qwen3_next_80b_instruct,3,4.564102564102565,0.5121790860368763,4.333333333333333,4.0,4.666666666666667,5.0,4.666666666666667,4.666666666666667,4.333333333333333,4.666666666666667,5.0,4.666666666666667,4.666666666666667,2.0,1.3333333333333333
a6da77ce94e7b12af9dc68b1e94de4ba2e87a6c5562675a687dfe2384a2f65c3,exp06_a_hybrid_state_causal_handoff,A002,handoff_state,ES,compressed,2,qwen3_next_80b_instruct,3,4.948717948717949,0.0888231183368657,5.0,5.0,5.0,4.666666666666667,5.0,5.0,5.0,5.0,5.0,5.0,5.0,1.0,1.3333333333333333
a6f6b3347b67e27eaa86ad7619965ee3763f29550bcb9c7dd5ffed41690e33ef,exp06_a_hybrid_state_causal_handoff,A012,continuity_recovery,ZH,hybrid_state,2,qwen3_next_80b_instruct,3,3.8461538461538463,1.0,3.6666666666666665,3.6666666666666665,3.6666666666666665,3.0,4.333333333333333,4.333333333333333,3.6666666666666665,3.6666666666666665,5.0,4.0,4.333333333333333,2.6666666666666665,2.6666666666666665
a75c1d4ea209c19dc5eea66f08e0f5be780b614b452959b2e07a431649adb968,exp06_b_zh_tokenizer_ablation,B007,zh_tokenizer_ablation,ZH_PINYIN,hybrid_state,2,grok_4_20_non_reasoning,3,4.717948717948718,0.3635242789425084,4.666666666666667,4.0,4.666666666666667,5.0,5.0,5.0,5.0,4.666666666666667,5.0,5.0,4.666666666666667,2.0,1.3333333333333333
a75cb83a527be004e112b3f0cf530d332c7885fc677b9525a51ae3d12e3abc12,exp06_b_zh_tokenizer_ablation,B001,zh_tokenizer_ablation,EN_LITERAL,hybrid_state,1,grok_4_20_non_reasoning,3,4.897435897435897,0.0888231183368657,5.0,4.333333333333333,5.0,5.0,5.0,5.0,5.0,5.0,5.0,5.0,5.0,1.6666666666666667,1.0
a76c22b53e479e26afa49d1a2db88ca5763f697521785a93ba4e94ec0b38c465,exp06_a_hybrid_state_causal_handoff,A008,causal_claim,ES,hybrid_state,2,azure_gpt_5_5_instant,3,4.58974358974359,0.5236045604272342,4.666666666666667,4.333333333333333,4.666666666666667,4.666666666666667,4.666666666666667,4.666666666666667,4.666666666666667,4.666666666666667,4.666666666666667,4.666666666666667,4.666666666666667,1.6666666666666667,1.6666666666666667
a76f381c6b14d90aa29ba31784c9ccfb46b7f9e6cadb1068b28b237afa3148bd,exp06_b_zh_tokenizer_ablation,B009,zh_tokenizer_ablation,ZH,compressed,1,qwen3_next_80b_instruct,3,3.8205128205128207,1.1547005383792515,3.6666666666666665,3.6666666666666665,3.3333333333333335,3.3333333333333335,4.0,4.0,3.6666666666666665,3.6666666666666665,4.666666666666667,4.0,4.333333333333333,2.0,2.6666666666666665
a77a932cdb7feceb3080a64b58481a7360689b71ea126da465b904508c333f4e,exp06_b_zh_tokenizer_ablation,B004,zh_tokenizer_ablation,ZH,compressed,1,gemini_3_1_pro_preview,3,1.8205128205128205,0.31088091417902913,1.6666666666666667,2.3333333333333335,1.3333333333333333,1.0,1.6666666666666667,1.3333333333333333,1.3333333333333333,1.3333333333333333,4.333333333333333,1.3333333333333333,3.3333333333333335,4.333333333333333,5.0
a7a5859fcc4b460edcfb1c47d4bebd8a8bef4b852ba9c8962ca01cea2e7f1566,exp06_a_hybrid_state_causal_handoff,A001,handoff_state,EN,compressed,3,grok_4_20_non_reasoning,3,4.41025641025641,0.4236592728681615,4.333333333333333,4.666666666666667,4.333333333333333,4.0,4.333333333333333,4.666666666666667,4.333333333333333,4.333333333333333,4.666666666666667,4.666666666666667,4.666666666666667,1.6666666666666667,2.0
a7efcf5bf5f9bea7d3452b5545ce96a022c84370684029ca66b086b297fbfc36,exp06_a_hybrid_state_causal_handoff,A002,handoff_state,ZH,hybrid_state,1,qwen3_next_80b_instruct,3,4.641025641025641,0.34686536560176123,4.333333333333333,4.333333333333333,5.0,4.333333333333333,4.666666666666667,4.333333333333333,5.0,4.666666666666667,5.0,5.0,4.666666666666667,1.6666666666666667,1.3333333333333333
a7f7e1454389cf2001470cc1b3e910801c33e1c94e9b87d04aa1a66d57c0d0f8,exp06_b_zh_tokenizer_ablation,B010,zh_tokenizer_ablation,EN_LITERAL,compressed,3,grok_4_20_non_reasoning,3,4.512820512820513,0.44411559168432746,4.666666666666667,4.0,4.666666666666667,4.666666666666667,4.666666666666667,4.666666666666667,4.666666666666667,4.666666666666667,4.666666666666667,4.666666666666667,4.333333333333333,2.0,1.6666666666666667
a823b0d2a782abf2a0a6e9273088f8b035f24f419e94168f6cd6ed1c5e30ff7a,exp06_a_hybrid_state_causal_handoff,A009,auditability,ZH,compressed,2,gemini_3_1_pro_preview,3,1.1282051282051282,0.11750194089630361,1.0,1.0,1.0,1.0,1.0,1.0,1.0,1.0,1.6666666666666667,1.0,2.0,5.0,5.0
a895125b916ed1c89861897ea1be4347bf4923b9cc202aeb933b42e653a2e30f,exp06_a_hybrid_state_causal_handoff,A002,handoff_state,ES,hybrid_state,2,grok_4_20_non_reasoning,3,4.3076923076923075,0.6105579948610593,4.333333333333333,3.6666666666666665,4.333333333333333,4.333333333333333,4.666666666666667,4.333333333333333,4.333333333333333,4.333333333333333,5.0,4.333333333333333,4.333333333333333,2.3333333333333335,1.6666666666666667
a8d5ef065b1589699c31b37dc050019108a2128f89e2244300c690ced948e780,exp06_b_zh_tokenizer_ablation,B007,zh_tokenizer_ablation,ZH,hybrid_state,1,qwen3_next_80b_instruct,3,4.102564102564102,0.8508030781044646,4.0,3.3333333333333335,4.0,4.0,4.333333333333333,4.333333333333333,4.0,4.0,5.0,4.333333333333333,4.333333333333333,2.3333333333333335,2.0
a8d835b6276fe90f57a144797ab930b1a7a6364208903099a2fb4f8c4dd2191f,exp06_b_zh_tokenizer_ablation,B002,zh_tokenizer_ablation,ZH,compressed,1,gemini_3_1_pro_preview,3,1.3589743589743588,0.32025630761017426,1.0,1.6666666666666667,1.0,1.0,1.0,1.0,1.0,1.0,3.6666666666666665,1.0,2.0,4.666666666666667,5.0
a9332f0e516f17199967f8631a10e229d37916c11ad4f5d8675e092ce3b30537,exp06_b_zh_tokenizer_ablation,B010,zh_tokenizer_ablation,EN_LITERAL,hybrid_state,3,qwen3_next_80b_instruct,3,4.282051282051282,0.3635242789425084,4.333333333333333,3.6666666666666665,4.333333333333333,4.0,4.666666666666667,4.666666666666667,4.333333333333333,4.333333333333333,4.666666666666667,4.666666666666667,4.333333333333333,2.3333333333333335,2.0
a94e7e03a84d798168a4c0af9c87acf0fee6b09b9455b33b1a8a2d3b98397657,exp06_a_hybrid_state_causal_handoff,A005,continuity_recovery,ZH,hybrid_state,1,grok_4_20_non_reasoning,3,4.615384615384616,0.3525058226889109,4.333333333333333,4.0,4.666666666666667,4.666666666666667,5.0,5.0,4.333333333333333,4.666666666666667,5.0,4.666666666666667,4.666666666666667,1.6666666666666667,1.3333333333333333
a952a8b87d745f95da5d12990fc22b8eac5ac5a63c8d8646f39fe4f55aee4320,exp06_a_hybrid_state_causal_handoff,A007,causal_claim,EN,hybrid_state,2,qwen3_next_80b_instruct,3,4.58974358974359,0.38717099668055127,4.666666666666667,3.6666666666666665,5.0,4.666666666666667,5.0,4.666666666666667,4.333333333333333,4.333333333333333,5.0,5.0,5.0,2.0,1.6666666666666667
a9b52ad87a53621a62ad82bf39633d131ca8ef0dd2d8b00888c7cb92f6660429,exp06_a_hybrid_state_causal_handoff,A006,continuity_recovery,EN,hybrid_state,3,azure_gpt_5_5_instant,3,4.948717948717949,0.0444115591684326,5.0,5.0,5.0,5.0,5.0,5.0,5.0,5.0,4.333333333333333,5.0,5.0,1.0,1.0
a9dc6f8bc1711d653ace6b94df179506f45a3b4c515d9b32ee0c31885a0a05fb,exp06_a_hybrid_state_causal_handoff,A012,continuity_recovery,ES,compressed,3,gemini_3_1_pro_preview,3,1.9230769230769231,0.2035193316203532,1.6666666666666667,2.6666666666666665,1.3333333333333333,1.0,1.0,1.6666666666666667,1.3333333333333333,1.0,4.666666666666667,1.3333333333333333,4.666666666666667,4.333333333333333,5.0
a9f3e10ac60476a7d974a419d59a64d3f3193e2993a1bebc7a018ec4f3c36fdb,exp06_a_hybrid_state_causal_handoff,A007,causal_claim,ES,hybrid_state,1,azure_gpt_5_5_instant,3,4.846153846153846,0.2035193316203534,5.0,4.666666666666667,5.0,5.0,5.0,4.666666666666667,5.0,4.666666666666667,4.0,5.0,5.0,1.0,1.0
aa61e9c45d4114837ad87002a613eb7d2e5857f5d15650b16d1bc152f7cd4434,exp06_b_zh_tokenizer_ablation,B003,zh_tokenizer_ablation,ZH_PINYIN,hybrid_state,3,grok_4_20_non_reasoning,3,4.717948717948718,0.29122606901539844,4.666666666666667,4.333333333333333,5.0,5.0,5.0,5.0,4.666666666666667,4.666666666666667,4.666666666666667,5.0,4.666666666666667,2.0,1.3333333333333333
aac37d24fffc76d34f00b5a209cec02e4bffeb26ef820dc5cddccd29780738db,exp06_a_hybrid_state_causal_handoff,A012,continuity_recovery,ES,compressed,3,grok_4_20_non_reasoning,3,4.6923076923076925,0.3076923076923075,5.0,4.333333333333333,4.666666666666667,4.333333333333333,5.0,4.666666666666667,4.333333333333333,4.666666666666667,5.0,5.0,5.0,1.6666666666666667,1.3333333333333333
aacf440c6503501d85af3dfed304b3079cd25a614e48322f3cb42377f924e21b,exp06_a_hybrid_state_causal_handoff,A001,handoff_state,ZH,compressed,3,azure_gpt_5_5_instant,3,4.846153846153846,0.2664693550105966,5.0,5.0,4.666666666666667,4.666666666666667,4.666666666666667,5.0,4.666666666666667,5.0,5.0,5.0,5.0,1.3333333333333333,1.3333333333333333
ab11e4ceb235847cf2c7f572c0fe5572bfdb8add43d26075adb97a4e8e7d1645,exp06_a_hybrid_state_causal_handoff,A006,continuity_recovery,ZH,hybrid_state,2,grok_4_20_non_reasoning,3,4.461538461538462,0.4679048100229399,4.333333333333333,3.6666666666666665,4.333333333333333,4.666666666666667,5.0,5.0,4.333333333333333,4.333333333333333,5.0,4.333333333333333,4.333333333333333,1.6666666666666667,1.6666666666666667
ab12780b04eafb6865fd02c6ee88ccd581fc09de7f5c1815c149a3a3d9c04d96,exp06_a_hybrid_state_causal_handoff,A005,continuity_recovery,ES,hybrid_state,2,grok_4_20_non_reasoning,3,4.717948717948718,0.310880914179029,4.666666666666667,4.333333333333333,4.666666666666667,4.666666666666667,4.666666666666667,5.0,4.333333333333333,5.0,5.0,5.0,5.0,1.6666666666666667,1.3333333333333333
ab4ad53de838a9a21dcacb1094c35d72a3c8520a7779abe8de8734932a7139d8,exp06_a_hybrid_state_causal_handoff,A004,continuity_recovery,EN,hybrid_state,3,gemini_3_1_pro_preview,3,1.3589743589743588,0.24727309643571685,1.3333333333333333,1.0,1.0,1.0,1.0,1.0,1.0,1.0,4.0,1.0,2.3333333333333335,5.0,5.0
ab4d7c1f0d6b5a185863b737923b10b40e16f6abf21b874d9f5f51c07a880c77,exp06_b_zh_tokenizer_ablation,B006,zh_tokenizer_ablation,ZH,compressed,3,grok_4_20_non_reasoning,3,4.794871794871795,0.23500388179260723,4.666666666666667,4.666666666666667,5.0,4.333333333333333,5.0,5.0,4.666666666666667,5.0,5.0,5.0,5.0,1.3333333333333333,1.6666666666666667
ab59c3a40ba71540987414995aa0eaade153ca5e45c5ba74d37e456cdffb8d0d,exp06_b_zh_tokenizer_ablation,B002,zh_tokenizer_ablation,ZH,compressed,2,grok_4_20_non_reasoning,3,4.9743589743589745,0.0444115591684326,5.0,5.0,5.0,5.0,5.0,5.0,5.0,5.0,4.666666666666667,5.0,5.0,1.0,1.0
ab72a5d8e6e7a06a6a476ef577f3c793ede8425b8a50edf65da12371c862da9d,exp06_b_zh_tokenizer_ablation,B006,zh_tokenizer_ablation,ZH_PINYIN,hybrid_state,1,qwen3_next_80b_instruct,3,4.128205128205129,0.770511753913678,4.333333333333333,3.3333333333333335,4.0,4.0,4.666666666666667,4.333333333333333,4.333333333333333,4.0,5.0,4.333333333333333,4.333333333333333,2.6666666666666665,2.3333333333333335
abad258f26a36993aa26dcf91c78c0a7a7404f3ccc01813e457e4f76e4d6eba8,exp06_b_zh_tokenizer_ablation,B010,zh_tokenizer_ablation,EN_LITERAL,hybrid_state,3,grok_4_20_non_reasoning,3,4.17948717948718,0.24727309643571693,4.333333333333333,3.3333333333333335,4.333333333333333,4.333333333333333,4.333333333333333,4.666666666666667,4.0,4.0,4.666666666666667,4.666666666666667,4.0,2.3333333333333335,2.0
abb5b375c7c1bcc0dbd1dee23b9aed966405b8ab2fc45adb546729fc1edfd60d,exp06_a_hybrid_state_causal_handoff,A008,causal_claim,ES,hybrid_state,1,grok_4_20_non_reasoning,3,4.17948717948718,0.7270485578850167,4.333333333333333,3.6666666666666665,4.0,3.3333333333333335,5.0,4.333333333333333,4.333333333333333,4.333333333333333,5.0,4.333333333333333,4.333333333333333,2.3333333333333335,2.3333333333333335
abfb6d990384c719396b11473f485e25e5910aaba852d443d199b68659f6dd10,exp06_a_hybrid_state_causal_handoff,A003,handoff_state,ES,hybrid_state,1,grok_4_20_non_reasoning,3,4.384615384615384,0.5807564950208268,4.333333333333333,4.0,4.333333333333333,4.0,5.0,4.333333333333333,4.333333333333333,4.333333333333333,5.0,4.666666666666667,4.666666666666667,2.0,2.0
ac05e36508b57f658e6fa3bbc7ed0611fbb1e39cb3a5c848a51dca3ccbcf6eea,exp06_a_hybrid_state_causal_handoff,A006,continuity_recovery,EN,hybrid_state,2,azure_gpt_5_5_instant,3,4.9743589743589745,0.0444115591684326,5.0,4.666666666666667,5.0,5.0,5.0,5.0,5.0,5.0,5.0,5.0,5.0,1.0,1.0
ac0b997afc59171f2dd04dc678fb1facf5171a0555224c54b7f20f485540d432,exp06_a_hybrid_state_causal_handoff,A008,causal_claim,ES,compressed,1,qwen3_next_80b_instruct,3,4.6923076923076925,0.39970403251589487,5.0,4.666666666666667,4.666666666666667,4.333333333333333,4.666666666666667,4.666666666666667,4.666666666666667,5.0,5.0,5.0,4.333333333333333,1.3333333333333333,1.6666666666666667
ac58947f73cfca5525225a15c9d502e75c47cd72d5601d766257f35500364d53,exp06_a_hybrid_state_causal_handoff,A007,causal_claim,EN,hybrid_state,3,grok_4_20_non_reasoning,3,4.512820512820513,0.42365927286816174,4.333333333333333,3.6666666666666665,4.333333333333333,4.333333333333333,5.0,4.666666666666667,4.666666666666667,4.333333333333333,5.0,5.0,5.0,2.0,1.6666666666666667
ac87f433aebd794a587eb3191cc04dae050824e8b2890354e0eaff76057536aa,exp06_b_zh_tokenizer_ablation,B010,zh_tokenizer_ablation,ES_LITERAL,compressed,2,qwen3_next_80b_instruct,3,4.948717948717949,0.0888231183368657,5.0,4.666666666666667,5.0,5.0,5.0,5.0,5.0,5.0,5.0,5.0,4.666666666666667,1.0,1.0
ac8a8e0e351f2342e86929083f68fab7493ce39666e619b1ec68d58ad47bd94e,exp06_b_zh_tokenizer_ablation,B005,zh_tokenizer_ablation,EN_LITERAL,compressed,3,qwen3_next_80b_instruct,3,3.2820512820512824,0.556475241390018,3.0,4.0,2.6666666666666665,3.6666666666666665,2.6666666666666665,3.3333333333333335,2.6666666666666665,3.0,4.666666666666667,3.3333333333333335,4.666666666666667,3.0,4.0
acdc1522b5ad1541d118a3e380bb0cc8da23c97cec418cd6c44d43382a08b7cf,exp06_b_zh_tokenizer_ablation,B002,zh_tokenizer_ablation,EN_LITERAL,hybrid_state,1,gemini_3_1_pro_preview,3,2.0,0.5807564950208269,1.3333333333333333,2.3333333333333335,1.3333333333333333,1.0,2.0,2.0,1.3333333333333333,1.6666666666666667,4.666666666666667,2.0,4.0,4.666666666666667,5.0
ad2267bad0976f8cc450a37ad2619a03228292bd5988e635b78b5ec64c3394d2,exp06_a_hybrid_state_causal_handoff,A011,handoff_state,EN,compressed,3,grok_4_20_non_reasoning,3,4.538461538461538,0.7994080650317895,4.666666666666667,4.666666666666667,4.333333333333333,4.333333333333333,4.333333333333333,4.666666666666667,4.333333333333333,4.666666666666667,5.0,4.666666666666667,5.0,1.6666666666666667,2.0
ad2df907fb8ec0bb2b37dd407a0c2139bb3db612d609fa422be84dd0ccab636a,exp06_b_zh_tokenizer_ablation,B002,zh_tokenizer_ablation,EN_LITERAL,compressed,3,qwen3_next_80b_instruct,3,4.769230769230769,0.3352999187338978,4.666666666666667,5.0,4.666666666666667,4.666666666666667,5.0,4.666666666666667,4.666666666666667,4.666666666666667,5.0,4.666666666666667,5.0,1.3333333333333333,1.3333333333333333
ad49d29f07c9c630e0bff759e41a99c41dc1ba54dd1f30472b69e8e1effb7167,exp06_b_zh_tokenizer_ablation,B006,zh_tokenizer_ablation,ZH_PINYIN,hybrid_state,2,gemini_3_1_pro_preview,3,1.6666666666666667,0.42365927286816174,1.6666666666666667,1.6666666666666667,1.0,1.0,1.6666666666666667,1.3333333333333333,1.3333333333333333,1.0,3.3333333333333335,1.3333333333333333,3.6666666666666665,4.333333333333333,5.0
ad4b3fd0f5c39ca7aa2f4eaba6b66e78d94dce205f3936fd273474caacce8e65,exp06_b_zh_tokenizer_ablation,B007,zh_tokenizer_ablation,ZH_PINYIN,compressed,2,qwen3_next_80b_instruct,3,3.41025641025641,0.8296763942237658,3.6666666666666665,3.0,3.3333333333333335,2.6666666666666665,3.6666666666666665,3.3333333333333335,3.3333333333333335,3.3333333333333335,4.666666666666667,3.3333333333333335,4.333333333333333,3.0,3.3333333333333335
ada2209534285e1ae4a1ad9e7ee4ffae0355d3dbf53d2add8ce581388f6f5b0e,exp06_a_hybrid_state_causal_handoff,A007,causal_claim,ZH,hybrid_state,2,gemini_3_1_pro_preview,3,2.230769230769231,0.3525058226889108,2.0,3.6666666666666665,1.3333333333333333,1.3333333333333333,2.0,1.6666666666666667,1.3333333333333333,1.3333333333333333,4.666666666666667,1.3333333333333333,4.333333333333333,3.3333333333333335,4.666666666666667
ada8fdabd5fb6841e5b6c028bb761190d47498c58959c31c8861e138d681fa8c,exp06_a_hybrid_state_causal_handoff,A004,continuity_recovery,ES,compressed,3,azure_gpt_5_5_instant,3,5.0,0.0,5.0,5.0,5.0,5.0,5.0,5.0,5.0,5.0,5.0,5.0,5.0,1.0,1.0
adb3cc6ecf21829bfee5bfa92d516b45d4d0c171b02df6baee5e8d8df1238bc3,exp06_a_hybrid_state_causal_handoff,A002,handoff_state,ZH,compressed,3,azure_gpt_5_5_instant,3,5.0,0.0,5.0,5.0,5.0,5.0,5.0,5.0,5.0,5.0,5.0,5.0,5.0,1.0,1.0
adb9cffd5fc542fdfec33c073688eea8c5ff793cc0d6cfe3339a9b895c3c8ce5,exp06_b_zh_tokenizer_ablation,B010,zh_tokenizer_ablation,ZH_PINYIN,hybrid_state,3,qwen3_next_80b_instruct,3,4.17948717948718,0.7270485578850167,4.333333333333333,3.6666666666666665,4.333333333333333,4.0,4.333333333333333,4.333333333333333,4.333333333333333,4.333333333333333,5.0,4.333333333333333,3.3333333333333335,2.0,2.0
ade10238b0d1d086ad6ec7ac7f329e8e4004e2aceb1f0f87a827de85fdd4bc08,exp06_b_zh_tokenizer_ablation,B005,zh_tokenizer_ablation,ZH,compressed,2,qwen3_next_80b_instruct,3,4.17948717948718,0.8079975003378836,4.333333333333333,4.333333333333333,4.333333333333333,4.333333333333333,3.6666666666666665,4.666666666666667,3.3333333333333335,4.0,5.0,4.333333333333333,4.666666666666667,2.3333333333333335,2.3333333333333335
ae051388f8622907964d965f9050575869566ae150f705a7e06d697d2e342533,exp06_b_zh_tokenizer_ablation,B001,zh_tokenizer_ablation,EN_LITERAL,compressed,1,qwen3_next_80b_instruct,3,4.871794871794871,0.22205779584216398,4.666666666666667,5.0,5.0,4.666666666666667,4.666666666666667,5.0,4.666666666666667,5.0,5.0,5.0,5.0,1.0,1.3333333333333333
ae135b732255c203630ace39e57d097557294346c801c18ac17adedb42a48f76,exp06_b_zh_tokenizer_ablation,B009,zh_tokenizer_ablation,ZH,compressed,3,gemini_3_1_pro_preview,3,2.358974358974359,0.29122606901539877,2.0,3.3333333333333335,2.0,1.3333333333333333,2.0,2.3333333333333335,1.0,2.0,5.0,1.3333333333333333,4.666666666666667,3.6666666666666665,4.666666666666667
ae1cf6365e894ccc10b9aa6aa3969b653c9c8eff968c26cd232d3655c8140acb,exp06_b_zh_tokenizer_ablation,B001,zh_tokenizer_ablation,ZH,hybrid_state,3,gemini_3_1_pro_preview,3,2.1794871794871793,0.42365927286816174,2.0,2.6666666666666665,1.6666666666666667,1.3333333333333333,2.0,1.6666666666666667,1.3333333333333333,1.6666666666666667,5.0,1.6666666666666667,3.6666666666666665,3.6666666666666665,4.666666666666667
ae334f7b2c70dcfc1f60d7beea872179db58cd8300cf16919237ab1ecac31f4c,exp06_b_zh_tokenizer_ablation,B006,zh_tokenizer_ablation,ZH,compressed,1,gemini_3_1_pro_preview,3,1.846153846153846,0.1332346775052983,1.6666666666666667,2.0,1.0,1.0,1.6666666666666667,1.6666666666666667,1.0,1.0,5.0,1.3333333333333333,4.333333333333333,4.666666666666667,5.0
ae781425f145db2d3dae0abfd7e324f9837f4c155c19d680119b5f7ad4f56b7d,exp06_a_hybrid_state_causal_handoff,A001,handoff_state,ZH,hybrid_state,1,gemini_3_1_pro_preview,3,1.435897435897436,0.36352427894250844,1.6666666666666667,1.6666666666666667,1.0,1.0,1.0,1.0,1.0,1.0,3.3333333333333335,1.0,2.6666666666666665,4.666666666666667,5.0
ae901e27f480f1dccda232e0543b71c7028e4b8efca840a87a3171879f20adc7,exp06_a_hybrid_state_causal_handoff,A006,continuity_recovery,ZH,compressed,1,grok_4_20_non_reasoning,3,5.0,0.0,5.0,5.0,5.0,5.0,5.0,5.0,5.0,5.0,5.0,5.0,5.0,1.0,1.0
aebfbbcb43e6370055bd5a248d8bbfbd4ccd49e2eea43f00309e1ba3840b2232,exp06_b_zh_tokenizer_ablation,B004,zh_tokenizer_ablation,EN_LITERAL,compressed,1,gemini_3_1_pro_preview,3,1.4615384615384617,0.23076923076923073,1.0,1.6666666666666667,1.0,1.0,1.0,1.0,1.0,1.0,3.6666666666666665,1.0,3.6666666666666665,5.0,5.0
af3f953b2b2ed5fe5da1b00ad39842f4c0568273253161e9a8e30b342c2e63ea,exp06_b_zh_tokenizer_ablation,B007,zh_tokenizer_ablation,ES_LITERAL,compressed,3,grok_4_20_non_reasoning,3,4.871794871794871,0.11750194089630366,5.0,4.333333333333333,5.0,5.0,5.0,5.0,5.0,4.666666666666667,4.666666666666667,5.0,4.666666666666667,1.0,1.0
af7108bcc1bb14e93492cd32ed000cfc5cb396d46477290a6617294b35c2011e,exp06_a_hybrid_state_causal_handoff,A004,continuity_recovery,ES,compressed,2,gemini_3_1_pro_preview,3,1.5384615384615383,0.39970403251589476,1.3333333333333333,1.6666666666666667,1.3333333333333333,1.0,1.0,1.3333333333333333,1.0,1.0,3.6666666666666665,1.0,3.3333333333333335,4.666666666666667,5.0
af847589d3e0771e2798fcd5519eed9ec3a5b3aeb4a32fbaa29f38708f42db12,exp06_a_hybrid_state_causal_handoff,A001,handoff_state,EN,hybrid_state,1,azure_gpt_5_5_instant,3,4.435897435897435,0.4236592728681615,4.666666666666667,4.0,4.666666666666667,4.666666666666667,4.333333333333333,4.666666666666667,4.333333333333333,4.333333333333333,4.666666666666667,4.333333333333333,4.666666666666667,2.0,1.6666666666666667
b01415a45ff0cb6fdaf2fa8c680ba99a1dccd12614dd960a531e5f7736ac0cf3,exp06_a_hybrid_state_causal_handoff,A010,auditability,ZH,compressed,2,azure_gpt_5_5_instant,3,4.948717948717949,0.0888231183368657,5.0,5.0,5.0,5.0,5.0,5.0,4.666666666666667,5.0,5.0,5.0,5.0,1.0,1.3333333333333333
b055098da0cbe44d07e17a70ee560f2134adc9308d66294da1f1c0d993201547,exp06_b_zh_tokenizer_ablation,B003,zh_tokenizer_ablation,EN_LITERAL,hybrid_state,3,grok_4_20_non_reasoning,3,4.435897435897435,0.39473857226514486,4.666666666666667,4.0,4.666666666666667,4.666666666666667,4.666666666666667,4.666666666666667,4.333333333333333,4.333333333333333,4.333333333333333,4.666666666666667,4.0,2.0,1.3333333333333333
b060442d9f0d4ca4860480011b7fb912c008ff6204c730ee93f75c5a0e7f8d45,exp06_a_hybrid_state_causal_handoff,A008,causal_claim,ZH,compressed,1,gemini_3_1_pro_preview,3,2.3333333333333335,0.3635242789425083,2.3333333333333335,3.6666666666666665,1.3333333333333333,1.0,1.6666666666666667,1.3333333333333333,1.6666666666666667,1.3333333333333333,5.0,1.6666666666666667,4.666666666666667,2.6666666666666665,4.666666666666667
b06af26375fc8370627b831e48d4293ba11850d9e7697646e0e4b83dca83bedb,exp06_b_zh_tokenizer_ablation,B010,zh_tokenizer_ablation,ES_LITERAL,hybrid_state,2,grok_4_20_non_reasoning,3,4.897435897435897,0.0888231183368657,5.0,4.333333333333333,5.0,5.0,5.0,5.0,5.0,5.0,5.0,5.0,5.0,1.6666666666666667,1.0
b09fdedefb52aeb5f8c6c627a515dab8e6d7659b117d42e640cdcd32342c3021,exp06_b_zh_tokenizer_ablation,B003,zh_tokenizer_ablation,ZH,hybrid_state,3,grok_4_20_non_reasoning,3,4.512820512820514,0.437403131005948,4.666666666666667,3.6666666666666665,4.333333333333333,4.666666666666667,5.0,5.0,4.666666666666667,4.333333333333333,4.666666666666667,4.666666666666667,4.333333333333333,2.0,1.3333333333333333
b0c18971707a5796e8f37e1667dc70aadf6b04130488f4321110c33bf2fe6938,exp06_a_hybrid_state_causal_handoff,A009,auditability,ES,compressed,2,azure_gpt_5_5_instant,3,4.333333333333333,0.2912260690153986,3.6666666666666665,5.0,3.6666666666666665,3.3333333333333335,4.666666666666667,4.0,4.666666666666667,4.666666666666667,5.0,5.0,5.0,1.6666666666666667,2.6666666666666665
b0f340caa01f7b8dddac13502b570dd2551237e54599deffaf6948cbf846d928,exp06_a_hybrid_state_causal_handoff,A003,handoff_state,EN,hybrid_state,2,grok_4_20_non_reasoning,3,4.41025641025641,0.5121790860368763,4.333333333333333,3.6666666666666665,4.333333333333333,4.333333333333333,5.0,4.666666666666667,4.333333333333333,4.333333333333333,5.0,4.333333333333333,5.0,2.3333333333333335,1.6666666666666667
b1052b70293cbd0ae45b7e14ac774e61b6ad24bdba609d9fed85cdced1d34320,exp06_b_zh_tokenizer_ablation,B001,zh_tokenizer_ablation,ZH_PINYIN,hybrid_state,1,grok_4_20_non_reasoning,3,4.205128205128205,0.6894528030640386,4.333333333333333,3.6666666666666665,4.333333333333333,4.333333333333333,4.333333333333333,4.333333333333333,4.0,4.333333333333333,5.0,4.333333333333333,3.6666666666666665,2.3333333333333335,1.6666666666666667
b106387016c965d624f41eb70383a7cc056f4b968e5d6b991ff73238098ffa8d,exp06_b_zh_tokenizer_ablation,B006,zh_tokenizer_ablation,ES_LITERAL,compressed,2,gemini_3_1_pro_preview,3,1.948717948717949,0.6542231190857989,1.6666666666666667,2.3333333333333335,1.3333333333333333,1.0,1.6666666666666667,1.6666666666666667,1.3333333333333333,1.3333333333333333,5.0,1.6666666666666667,3.3333333333333335,4.0,5.0
b107979a7fd99b6b49233193a03f776c64c743efbf0d35ef8ff62101dfe8e824,exp06_a_hybrid_state_causal_handoff,A004,continuity_recovery,EN,hybrid_state,2,gemini_3_1_pro_preview,3,1.846153846153846,0.23076923076923084,1.6666666666666667,2.3333333333333335,1.3333333333333333,1.0,1.0,1.3333333333333333,1.0,1.0,4.333333333333333,1.6666666666666667,5.0,4.666666666666667,5.0
b107a25ebff17e7ce694d6f8c48ac48238fa15db707caa2b8b39c278ae84f577,exp06_a_hybrid_state_causal_handoff,A003,handoff_state,EN,hybrid_state,3,azure_gpt_5_5_instant,3,4.948717948717949,0.0888231183368657,5.0,4.666666666666667,5.0,5.0,5.0,5.0,5.0,5.0,5.0,5.0,5.0,1.3333333333333333,1.0
b17a4638866992d703055001505582235952a7b486c14e281772f374d1b2981f,exp06_a_hybrid_state_causal_handoff,A003,handoff_state,ZH,compressed,1,azure_gpt_5_5_instant,3,5.0,0.0,5.0,5.0,5.0,5.0,5.0,5.0,5.0,5.0,5.0,5.0,5.0,1.0,1.0
b1ab903b0fb092378fc51e6591b572080c2ebd64ff3e5349d7cfd9463f84fef6,exp06_b_zh_tokenizer_ablation,B007,zh_tokenizer_ablation,ZH_PINYIN,compressed,1,qwen3_next_80b_instruct,3,3.3846153846153846,0.9452465944188083,3.3333333333333335,3.3333333333333335,3.3333333333333335,2.6666666666666665,3.0,3.3333333333333335,3.3333333333333335,3.3333333333333335,4.666666666666667,3.3333333333333335,4.666666666666667,3.0,3.3333333333333335
b1bf0e6479f05ad9638d63bc24cb247c7034007cac502561c94dc5949d8355a6,exp06_b_zh_tokenizer_ablation,B006,zh_tokenizer_ablation,ES_LITERAL,hybrid_state,3,gemini_3_1_pro_preview,3,1.7435897435897436,0.5875097044815178,1.3333333333333333,2.3333333333333335,1.0,1.0,1.3333333333333333,1.0,1.3333333333333333,1.0,4.333333333333333,1.0,3.3333333333333335,3.3333333333333335,5.0
b1c30a97d7056f431be3d554c0f25f0b64363d189c446663a6fed6c655c0d81a,exp06_a_hybrid_state_causal_handoff,A002,handoff_state,ES,compressed,1,azure_gpt_5_5_instant,3,5.0,0.0,5.0,5.0,5.0,5.0,5.0,5.0,5.0,5.0,5.0,5.0,5.0,1.0,1.0
b1fad6ace898cef411d2bfb47bbe67827fc1a91bc93e10f7165935a7d8b5e11f,exp06_a_hybrid_state_causal_handoff,A006,continuity_recovery,ZH,compressed,3,grok_4_20_non_reasoning,3,5.0,0.0,5.0,5.0,5.0,5.0,5.0,5.0,5.0,5.0,5.0,5.0,5.0,1.0,1.0
b20227d49e2ed44a3099536119b1ed383bf8a4e874af98d8a4246316049bef83,exp06_a_hybrid_state_causal_handoff,A011,handoff_state,ES,hybrid_state,3,grok_4_20_non_reasoning,3,4.0,1.0405960968052834,4.0,3.6666666666666665,3.6666666666666665,4.0,4.333333333333333,4.333333333333333,3.6666666666666665,4.0,5.0,4.333333333333333,4.0,2.6666666666666665,2.3333333333333335
b207af4d3ad198e0d100d13820a74007bdb148e0710d38c35399b31dfdb25b7f,exp06_a_hybrid_state_causal_handoff,A002,handoff_state,EN,hybrid_state,3,grok_4_20_non_reasoning,3,4.641025641025641,0.437403131005948,4.666666666666667,4.0,4.666666666666667,4.666666666666667,5.0,4.666666666666667,4.666666666666667,4.666666666666667,5.0,5.0,4.666666666666667,2.0,1.3333333333333333
b26107f45570ede8bc187e3c6b16a48955bfb71b352a90f9b662bd6123a2b94b,exp06_a_hybrid_state_causal_handoff,A008,causal_claim,ZH,hybrid_state,3,azure_gpt_5_5_instant,3,4.9743589743589745,0.0444115591684326,5.0,4.666666666666667,5.0,5.0,5.0,5.0,5.0,5.0,5.0,5.0,5.0,1.0,1.0
b27bda41b91e0aa3c6b8e84d5c63cca548a37730643685dc905b27c65c63a890,exp06_a_hybrid_state_causal_handoff,A011,handoff_state,ZH,hybrid_state,3,grok_4_20_non_reasoning,3,3.9743589743589745,1.4561303450769931,4.0,3.6666666666666665,4.0,3.3333333333333335,4.0,4.333333333333333,3.6666666666666665,4.0,5.0,4.0,4.333333333333333,2.3333333333333335,2.3333333333333335
b29b3167da25f858b1bce6c7d2afd26647f149021b5329dfe92249154c27326b,exp06_b_zh_tokenizer_ablation,B004,zh_tokenizer_ablation,EN_LITERAL,compressed,3,grok_4_20_non_reasoning,3,4.948717948717949,0.0888231183368657,4.666666666666667,5.0,4.666666666666667,5.0,5.0,5.0,5.0,5.0,5.0,5.0,5.0,1.0,1.0
b2a04e6f10bc39978cd1611370aed0f87ecd5a143d36f09358bd669cb3170f5d,exp06_b_zh_tokenizer_ablation,B009,zh_tokenizer_ablation,EN_LITERAL,compressed,3,gemini_3_1_pro_preview,3,2.230769230769231,0.46790481002293993,2.0,2.6666666666666665,1.3333333333333333,1.3333333333333333,2.0,2.0,1.6666666666666667,1.3333333333333333,4.666666666666667,2.0,4.666666666666667,4.0,4.666666666666667
b2be0f4c570756cb7aed8791b520d19079471db06de107f8bf8af61c055fcf7e,exp06_a_hybrid_state_causal_handoff,A012,continuity_recovery,EN,hybrid_state,3,gemini_3_1_pro_preview,3,1.8205128205128205,0.31088091417902913,2.3333333333333335,2.0,1.3333333333333333,1.0,1.3333333333333333,1.0,1.3333333333333333,1.0,3.6666666666666665,1.6666666666666667,4.333333333333333,4.333333333333333,5.0
b339beb8315f34258e03a964f2dd06af88f16bffc054dd92548164f1215ea9d4,exp06_a_hybrid_state_causal_handoff,A001,handoff_state,ES,compressed,1,azure_gpt_5_5_instant,3,4.897435897435898,0.1776462366737309,5.0,5.0,5.0,5.0,4.666666666666667,5.0,4.666666666666667,5.0,5.0,5.0,5.0,1.3333333333333333,1.3333333333333333
b37bc254eafb6fcb01b91e2d23582cfc3e64f89ba58d453c341129b56a8baf76,exp06_b_zh_tokenizer_ablation,B001,zh_tokenizer_ablation,EN_LITERAL,hybrid_state,2,gemini_3_1_pro_preview,3,2.692307692307692,0.07692307692307687,2.6666666666666665,4.0,2.0,2.0,2.3333333333333335,1.6666666666666667,2.0,2.0,4.666666666666667,2.0,4.333333333333333,2.3333333333333335,4.333333333333333
b3b5542c1be39d8462c6d2b9bdd8951ff26f520c90de51ef696d52ec9a0261c2,exp06_b_zh_tokenizer_ablation,B003,zh_tokenizer_ablation,EN_LITERAL,hybrid_state,2,grok_4_20_non_reasoning,3,4.538461538461538,0.4679048100229399,4.666666666666667,4.0,4.666666666666667,4.666666666666667,4.666666666666667,4.666666666666667,4.666666666666667,4.666666666666667,4.666666666666667,4.666666666666667,4.333333333333333,2.0,1.3333333333333333
b3c5531d9db8d360d778511e1c7bd8bab6ca4dd3e2d21defbb0388eaffd708a3,exp06_b_zh_tokenizer_ablation,B007,zh_tokenizer_ablation,ES_LITERAL,hybrid_state,3,qwen3_next_80b_instruct,3,4.17948717948718,0.7743419933611025,4.0,3.3333333333333335,4.0,4.666666666666667,4.333333333333333,4.333333333333333,4.0,4.0,5.0,4.666666666666667,4.666666666666667,2.6666666666666665,2.0
b3caf5db6ee953e5b3b9e2542490a7e23597152b1221e6c67c1b601c9b2351c2,exp06_b_zh_tokenizer_ablation,B003,zh_tokenizer_ablation,ES_LITERAL,hybrid_state,3,qwen3_next_80b_instruct,3,4.512820512820513,0.42365927286816174,4.666666666666667,3.6666666666666665,4.333333333333333,4.666666666666667,5.0,5.0,4.333333333333333,4.333333333333333,5.0,5.0,4.333333333333333,2.0,1.6666666666666667
b3d9f3454e75ec068deb3a872fae274d21e9f0f2b3520ff250dc3d73cf810363,exp06_b_zh_tokenizer_ablation,B002,zh_tokenizer_ablation,ZH_PINYIN,hybrid_state,1,grok_4_20_non_reasoning,3,4.3076923076923075,0.6007884366082042,4.333333333333333,3.3333333333333335,4.333333333333333,4.333333333333333,4.666666666666667,4.333333333333333,4.0,4.333333333333333,5.0,5.0,4.666666666666667,2.6666666666666665,1.6666666666666667
b3f76fc6f2c2825f45f2579fe17516a9ea7f271a64d1884e71ab40549d483ff7,exp06_a_hybrid_state_causal_handoff,A009,auditability,ZH,compressed,3,gemini_3_1_pro_preview,3,1.2564102564102564,0.23500388179260714,1.0,1.6666666666666667,1.0,1.0,1.3333333333333333,1.0,1.0,1.0,3.0,1.0,1.0,4.666666666666667,5.0
b421c8a578ac78c351cd25f374baec11bf2bc55671f7b9c3262fde0b3783a9f3,exp06_b_zh_tokenizer_ablation,B002,zh_tokenizer_ablation,ES_LITERAL,compressed,2,gemini_3_1_pro_preview,3,1.435897435897436,0.16012815380508713,1.0,2.3333333333333335,1.0,1.0,1.0,1.0,1.0,1.0,3.6666666666666665,1.0,2.3333333333333335,4.666666666666667,5.0
b448b93d6fed5ccf49c612050e6835d093fdc3c3b2864877ac0912dd0fd38b19,exp06_b_zh_tokenizer_ablation,B007,zh_tokenizer_ablation,ES_LITERAL,hybrid_state,2,grok_4_20_non_reasoning,3,4.666666666666667,0.39473857226514486,4.666666666666667,4.0,4.666666666666667,5.0,5.0,5.0,4.666666666666667,4.666666666666667,5.0,4.666666666666667,4.666666666666667,2.0,1.3333333333333333
b45451687ddc535263cf1b4fa98fe071e92e7549a6c36ffe9f75b56ef7149b47,exp06_a_hybrid_state_causal_handoff,A005,continuity_recovery,EN,hybrid_state,2,grok_4_20_non_reasoning,3,4.384615384615384,0.42828956637154,4.666666666666667,3.6666666666666665,4.333333333333333,4.666666666666667,4.666666666666667,4.666666666666667,4.333333333333333,4.333333333333333,4.666666666666667,4.333333333333333,4.666666666666667,2.3333333333333335,1.6666666666666667
b46364d4c12744cc92acd4c552562b21d955f302407b13f78b47799d9d08a01f,exp06_a_hybrid_state_causal_handoff,A012,continuity_recovery,EN,hybrid_state,2,grok_4_20_non_reasoning,3,4.230769230769231,0.7692307692307692,4.333333333333333,3.6666666666666665,4.0,3.6666666666666665,4.666666666666667,4.666666666666667,4.0,4.333333333333333,5.0,4.666666666666667,4.666666666666667,2.3333333333333335,2.3333333333333335
b4aac238b9de4fd200c2f4f17f5f23c9733ba160bb53598b7005043e145db619,exp06_b_zh_tokenizer_ablation,B001,zh_tokenizer_ablation,ZH_PINYIN,compressed,1,qwen3_next_80b_instruct,3,3.102564102564102,0.9920790831873386,3.0,3.6666666666666665,3.0,3.3333333333333335,3.0,3.0,3.0,3.0,4.666666666666667,3.0,1.3333333333333333,2.3333333333333335,3.3333333333333335
b5406d613af9c5c17512e007f8d82ac95c0c863c55f8b7825e90561600eadb54,exp06_a_hybrid_state_causal_handoff,A009,auditability,EN,compressed,2,qwen3_next_80b_instruct,3,4.923076923076923,0.1332346775052983,5.0,5.0,5.0,5.0,5.0,5.0,5.0,5.0,5.0,4.666666666666667,5.0,1.3333333333333333,1.3333333333333333
b5b47a1153982dcdc6d045f6efb376a5bcb21230c2008e5e3e4e4865951e08cc,exp06_b_zh_tokenizer_ablation,B009,zh_tokenizer_ablation,ZH,hybrid_state,3,gemini_3_1_pro_preview,3,2.0,0.39970403251589487,1.3333333333333333,1.3333333333333333,1.0,1.0,3.0,2.0,1.6666666666666667,1.6666666666666667,5.0,1.6666666666666667,3.6666666666666665,4.666666666666667,4.666666666666667
b6141c7955a8e904c60490a4bd801e8e65c993b75add3cf608bd51e04df4c59c,exp06_a_hybrid_state_causal_handoff,A005,continuity_recovery,ES,compressed,2,qwen3_next_80b_instruct,3,4.6923076923076925,0.2773500981126146,4.333333333333333,5.0,4.666666666666667,4.333333333333333,5.0,4.666666666666667,4.333333333333333,5.0,5.0,4.666666666666667,5.0,1.3333333333333333,1.6666666666666667
b68b0e7c5db6a6589fd790519ffd22b2b67edb2d4f81b2de94ba4658722a2d77,exp06_a_hybrid_state_causal_handoff,A003,handoff_state,ES,compressed,2,qwen3_next_80b_instruct,3,4.58974358974359,0.710584946694924,4.333333333333333,4.666666666666667,4.333333333333333,4.333333333333333,4.666666666666667,4.666666666666667,4.666666666666667,4.666666666666667,5.0,4.666666666666667,5.0,1.3333333333333333,2.0
b693f0848f10a0bbaa6baec3eab6571f11dfa02e2f22b09eb6339d35abddbffd,exp06_a_hybrid_state_causal_handoff,A004,continuity_recovery,ZH,compressed,1,grok_4_20_non_reasoning,3,4.82051282051282,0.24727309643571693,4.666666666666667,5.0,5.0,4.333333333333333,4.666666666666667,5.0,4.666666666666667,4.666666666666667,5.0,5.0,5.0,1.0,1.3333333333333333
b6c112505d59a689355e1b99ea70b2556a6be2efdde561665d5a73b927fad62d,exp06_a_hybrid_state_causal_handoff,A004,continuity_recovery,ZH,compressed,1,gemini_3_1_pro_preview,3,1.794871794871795,0.394738572265145,1.6666666666666667,2.0,1.3333333333333333,1.0,1.0,1.3333333333333333,1.0,1.3333333333333333,4.333333333333333,1.3333333333333333,4.666666666666667,4.666666666666667,5.0
b6c671ae5c84534ebda8843d0539600986db28ab1e9185ecd1b3a45be1e92fe4,exp06_b_zh_tokenizer_ablation,B001,zh_tokenizer_ablation,ES_LITERAL,hybrid_state,2,gemini_3_1_pro_preview,3,2.0512820512820515,0.355292473347462,2.0,3.3333333333333335,1.3333333333333333,1.0,1.3333333333333333,1.3333333333333333,1.3333333333333333,1.0,5.0,1.3333333333333333,4.0,3.3333333333333335,5.0
b6d29d4e5d4c0d9a3ac880c98ea75626e9e6d49a573681756f67d5d0dd58d7e3,exp06_a_hybrid_state_causal_handoff,A006,continuity_recovery,ES,hybrid_state,2,qwen3_next_80b_instruct,3,4.487179487179487,0.5004928537421317,4.666666666666667,3.6666666666666665,4.666666666666667,4.666666666666667,5.0,5.0,4.333333333333333,4.333333333333333,5.0,4.666666666666667,3.6666666666666665,2.0,1.3333333333333333
b6d440349fca2000b555e53e37d48113cf2f0bc58ce06f6db23644460a48b5f7,exp06_b_zh_tokenizer_ablation,B003,zh_tokenizer_ablation,EN_LITERAL,compressed,2,grok_4_20_non_reasoning,3,4.564102564102565,0.4945461928714337,4.666666666666667,4.0,4.666666666666667,4.666666666666667,4.666666666666667,4.666666666666667,4.333333333333333,4.333333333333333,4.666666666666667,4.666666666666667,4.666666666666667,1.3333333333333333,1.3333333333333333
b73154eea88dcf5a76d36dd294bd0ff498318b8581301f4dca018e90d8a5c94b,exp06_a_hybrid_state_causal_handoff,A007,causal_claim,ZH,compressed,1,azure_gpt_5_5_instant,3,4.948717948717949,0.0888231183368657,5.0,5.0,5.0,5.0,4.666666666666667,5.0,5.0,5.0,4.666666666666667,5.0,5.0,1.0,1.0
b756467674026daf58e077ebfe48696000fc059492c65128f76515ce84d6706f,exp06_b_zh_tokenizer_ablation,B008,zh_tokenizer_ablation,EN_LITERAL,compressed,3,gemini_3_1_pro_preview,3,2.692307692307692,0.4070386632407062,2.0,3.6666666666666665,2.0,1.6666666666666667,1.6666666666666667,2.3333333333333335,1.6666666666666667,2.3333333333333335,4.666666666666667,3.0,4.666666666666667,2.6666666666666665,4.0
b759c0dff1e367bfc1b977367ca7b3224b0d08e06cc62f54f299a626368d52f4,exp06_a_hybrid_state_causal_handoff,A006,continuity_recovery,ES,compressed,2,grok_4_20_non_reasoning,3,4.9743589743589745,0.0444115591684326,5.0,5.0,5.0,5.0,5.0,5.0,5.0,5.0,5.0,5.0,5.0,1.0,1.3333333333333333
b7995d446ab47d465e96e64718712c84fcf5cf0e0a286fe9bc7c4421b59ab262,exp06_b_zh_tokenizer_ablation,B001,zh_tokenizer_ablation,EN_LITERAL,hybrid_state,2,grok_4_20_non_reasoning,3,4.871794871794871,0.11750194089630366,5.0,4.333333333333333,5.0,5.0,5.0,5.0,4.666666666666667,5.0,5.0,5.0,5.0,1.6666666666666667,1.0
b7d19a23dd3d010e02c68aaa5b374ef2ca8adaa853be7dede2cf68df28861914,exp06_a_hybrid_state_causal_handoff,A003,handoff_state,EN,compressed,3,gemini_3_1_pro_preview,3,1.8205128205128205,0.22205779584216387,1.0,2.6666666666666665,1.0,1.0,1.6666666666666667,1.0,1.3333333333333333,1.0,4.0,1.0,5.0,4.0,5.0
b8d3bd362ca3aeeb5da87cc1e860c15d84062f2538fabcd1239376e92f7e12e1,exp06_a_hybrid_state_causal_handoff,A012,continuity_recovery,EN,compressed,2,gemini_3_1_pro_preview,3,1.6153846153846156,0.23076923076923084,1.3333333333333333,1.6666666666666667,1.0,1.0,1.0,1.6666666666666667,1.0,1.0,4.0,1.0,4.0,4.666666666666667,5.0
b91d6ae106f7907388b9a37fb72b9102b37c8bc842c6def66606a087b3db63cc,exp06_a_hybrid_state_causal_handoff,A004,continuity_recovery,EN,compressed,1,grok_4_20_non_reasoning,3,4.846153846153846,0.2664693550105966,4.666666666666667,5.0,5.0,4.666666666666667,4.666666666666667,5.0,5.0,4.666666666666667,5.0,5.0,5.0,1.3333333333333333,1.3333333333333333
b95691e3bcca5cd8211d9aaaa06420199044bff6897a1ec51e30cc5d1bbb2649,exp06_b_zh_tokenizer_ablation,B004,zh_tokenizer_ablation,ES_LITERAL,hybrid_state,1,gemini_3_1_pro_preview,3,1.7692307692307692,0.4070386632407063,1.6666666666666667,2.3333333333333335,1.3333333333333333,1.0,1.6666666666666667,1.3333333333333333,1.0,1.3333333333333333,4.666666666666667,1.3333333333333333,2.6666666666666665,4.333333333333333,5.0
b970c720da1dec5a8039b67fa80db21a9ab75f8bb7959e71700188af494e2d2d,exp06_a_hybrid_state_causal_handoff,A012,continuity_recovery,ES,hybrid_state,3,grok_4_20_non_reasoning,3,4.205128205128205,1.003937023100097,4.333333333333333,4.0,4.0,3.6666666666666665,4.666666666666667,4.333333333333333,4.0,4.333333333333333,5.0,4.666666666666667,4.333333333333333,2.3333333333333335,2.3333333333333335
b98719dd86657c5f7a80079f306ae9abeec3d6b0b2c3cfa6fb2a224d3f0cca44,exp06_a_hybrid_state_causal_handoff,A004,continuity_recovery,EN,hybrid_state,2,grok_4_20_non_reasoning,3,4.666666666666667,0.5773502691896258,4.666666666666667,4.666666666666667,4.666666666666667,4.333333333333333,4.666666666666667,4.666666666666667,4.666666666666667,4.666666666666667,5.0,4.666666666666667,5.0,1.3333333333333333,1.6666666666666667
b9baa3987e2e01379dd6b8f7558710593b7f0db957998d4e8a13a9ed6a899a27,exp06_a_hybrid_state_causal_handoff,A007,causal_claim,EN,hybrid_state,3,azure_gpt_5_5_instant,3,4.897435897435898,0.11750194089630366,5.0,4.666666666666667,5.0,4.666666666666667,5.0,5.0,5.0,5.0,4.333333333333333,5.0,5.0,1.0,1.0
b9c9e230d7ee72f057aee4362a582c347c49eafc01beb1133bd7c91d1d12de79,exp06_a_hybrid_state_causal_handoff,A001,handoff_state,ZH,compressed,2,grok_4_20_non_reasoning,3,4.615384615384616,0.6661733875264912,4.666666666666667,5.0,4.666666666666667,4.333333333333333,4.666666666666667,4.666666666666667,4.333333333333333,4.666666666666667,5.0,4.666666666666667,5.0,1.6666666666666667,2.0
b9ec712e28cebb244687cd972aed549fe70e1f4ed65d66d92098eda69dbebf7c,exp06_b_zh_tokenizer_ablation,B005,zh_tokenizer_ablation,ZH_PINYIN,hybrid_state,1,qwen3_next_80b_instruct,3,4.102564102564102,0.8225135862741252,4.333333333333333,3.6666666666666665,4.333333333333333,3.6666666666666665,4.0,4.666666666666667,4.0,4.0,5.0,4.333333333333333,4.333333333333333,2.3333333333333335,2.6666666666666665
ba342297a93c3ea51eee01b162b3dc44ba620188c5c0e0c94636fe06bf909858,exp06_b_zh_tokenizer_ablation,B010,zh_tokenizer_ablation,ES_LITERAL,hybrid_state,3,qwen3_next_80b_instruct,3,4.82051282051282,0.19358549834027583,5.0,4.333333333333333,5.0,5.0,5.0,5.0,4.666666666666667,5.0,5.0,5.0,4.666666666666667,1.6666666666666667,1.3333333333333333
ba75ed147ab8c0e69e2ca2c1920d72e31e0d8919da81f4470998a309ab74ecb1,exp06_b_zh_tokenizer_ablation,B002,zh_tokenizer_ablation,ZH_PINYIN,hybrid_state,2,qwen3_next_80b_instruct,3,3.0769230769230766,0.15384615384615397,3.0,2.3333333333333335,2.3333333333333335,2.6666666666666665,4.0,4.0,3.0,3.6666666666666665,4.666666666666667,3.6666666666666665,1.3333333333333333,3.3333333333333335,3.3333333333333335
ba9eb9e5dc15b015c7ecd15aad97c937a91ccbf8d22101cbf943954332253889,exp06_b_zh_tokenizer_ablation,B008,zh_tokenizer_ablation,ZH,hybrid_state,1,grok_4_20_non_reasoning,3,4.538461538461539,0.40703866324070614,4.666666666666667,3.6666666666666665,4.333333333333333,4.666666666666667,5.0,4.666666666666667,4.666666666666667,4.666666666666667,5.0,4.666666666666667,4.333333333333333,2.0,1.3333333333333333
baab2d8076ae01f66de4b74ceca604273e3b11ea2d12921c69b438861b855615,exp06_a_hybrid_state_causal_handoff,A012,continuity_recovery,ES,compressed,2,azure_gpt_5_5_instant,3,4.948717948717949,0.0888231183368657,5.0,5.0,5.0,5.0,5.0,5.0,4.666666666666667,5.0,5.0,5.0,5.0,1.0,1.3333333333333333
bac025cabc7e3a436943b9a944b063946c6d7af15d00afe4cdc45d5d68ff1e26,exp06_a_hybrid_state_causal_handoff,A002,handoff_state,EN,hybrid_state,1,qwen3_next_80b_instruct,3,3.948717948717949,0.9177194958037581,3.6666666666666665,3.0,4.0,4.333333333333333,4.333333333333333,4.333333333333333,4.0,3.6666666666666665,5.0,3.6666666666666665,4.0,3.0,1.6666666666666667
bae71cb21990bc490650876646dd26967b2d307766cdbf344598799ebe272fb8,exp06_a_hybrid_state_causal_handoff,A010,auditability,EN,hybrid_state,2,gemini_3_1_pro_preview,3,2.0256410256410255,0.3108809141790292,1.3333333333333333,2.6666666666666665,1.3333333333333333,1.0,1.0,2.0,1.0,1.3333333333333333,5.0,2.0,5.0,4.333333333333333,5.0
bb420c518fb621ccc08339cd3d0bc239d474f9ab3377e93b4d00d68dc2c5e41d,exp06_b_zh_tokenizer_ablation,B008,zh_tokenizer_ablation,ES_LITERAL,hybrid_state,1,gemini_3_1_pro_preview,3,1.5128205128205128,0.32025630761017426,1.3333333333333333,2.0,1.0,1.0,1.0,1.0,1.0,1.0,3.3333333333333335,1.0,3.3333333333333335,4.333333333333333,5.0
bb5c8e764399da8789d82d19e1d304dd080c96fc484dfac38a40a102b4f3cc4b,exp06_a_hybrid_state_causal_handoff,A006,continuity_recovery,ES,compressed,3,gemini_3_1_pro_preview,3,2.0,0.6007884366082042,2.0,2.0,1.3333333333333333,1.3333333333333333,1.6666666666666667,2.0,1.3333333333333333,1.3333333333333333,5.0,1.3333333333333333,4.0,4.666666666666667,4.666666666666667
bb6653979476ccba1a451cb8bfab13d9286daff5e6f4b7bdb3277b9c8869e346,exp06_a_hybrid_state_causal_handoff,A011,handoff_state,EN,compressed,2,grok_4_20_non_reasoning,3,4.282051282051282,0.6405126152203485,4.333333333333333,5.0,4.0,4.0,4.0,4.666666666666667,3.6666666666666665,4.333333333333333,5.0,4.333333333333333,5.0,2.0,2.6666666666666665
bb87cae381850f53318fe5ac8b8a88c79cfb69ea22e6a087a19e6935552923c5,exp06_b_zh_tokenizer_ablation,B009,zh_tokenizer_ablation,EN_LITERAL,compressed,2,gemini_3_1_pro_preview,3,3.358974358974359,0.16012815380508708,3.0,4.0,3.0,2.0,3.0,3.6666666666666665,2.3333333333333335,3.0,5.0,4.0,5.0,2.3333333333333335,4.0
bb8952fb8bfa1cd8793040f59aa45fad4fec408c201072a4fe2a17f6081baafd,exp06_b_zh_tokenizer_ablation,B003,zh_tokenizer_ablation,ZH_PINYIN,hybrid_state,2,qwen3_next_80b_instruct,3,4.0256410256410255,0.8848940475249949,4.0,3.3333333333333335,4.0,4.0,4.666666666666667,4.0,4.0,4.0,4.666666666666667,4.0,4.333333333333333,2.6666666666666665,2.0
bbd52b6108f48b8dc153a214c87caf64062c1bc0d41ce03841a7575a7bb3cc33,exp06_a_hybrid_state_causal_handoff,A011,handoff_state,ES,hybrid_state,2,azure_gpt_5_5_instant,3,4.743589743589744,0.3794525278704807,5.0,4.666666666666667,4.666666666666667,4.333333333333333,4.666666666666667,5.0,4.666666666666667,4.666666666666667,5.0,5.0,4.666666666666667,1.3333333333333333,1.3333333333333333
bc3bf17f92f41d12e6f7f1a7afa8e49e237094a53e3f1eb0fa17317f83325eb9,exp06_b_zh_tokenizer_ablation,B002,zh_tokenizer_ablation,EN_LITERAL,hybrid_state,1,qwen3_next_80b_instruct,3,4.076923076923077,1.0088366960464616,4.333333333333333,3.3333333333333335,4.0,4.333333333333333,4.666666666666667,4.0,3.6666666666666665,3.6666666666666665,5.0,4.0,4.333333333333333,2.3333333333333335,2.0
bc4040259e26548b0fa82b9c82aaa9a5ab8ea0e7e0325560c6f7c922f6a5a6d3,exp06_a_hybrid_state_causal_handoff,A011,handoff_state,ZH,hybrid_state,3,qwen3_next_80b_instruct,3,4.256410256410256,0.6542231190857987,4.333333333333333,3.6666666666666665,4.333333333333333,4.0,4.666666666666667,4.666666666666667,3.6666666666666665,4.333333333333333,5.0,4.666666666666667,4.666666666666667,2.3333333333333335,2.3333333333333335
bc6f47ac1521e9b289e5a06c0966685fc5afaa1bdb83e1e24ef591208eb0f39f,exp06_b_zh_tokenizer_ablation,B008,zh_tokenizer_ablation,ES_LITERAL,compressed,1,grok_4_20_non_reasoning,3,4.9743589743589745,0.0444115591684326,5.0,5.0,5.0,5.0,5.0,4.666666666666667,5.0,5.0,5.0,5.0,5.0,1.0,1.0
bc7b8ad746be49682a38fd244a55c9ed2d70ddc1ac9e7c873118ac33806ac9ad,exp06_b_zh_tokenizer_ablation,B002,zh_tokenizer_ablation,EN_LITERAL,compressed,1,gemini_3_1_pro_preview,3,1.564102564102564,0.4945461928714336,1.3333333333333333,1.6666666666666667,1.3333333333333333,1.0,1.3333333333333333,1.3333333333333333,1.3333333333333333,1.0,3.3333333333333335,1.3333333333333333,3.0,4.666666666666667,5.0
bc92ef908cd3f416d15f43af9688006a72fe91d90cbf83171b8a4cebba9bf0c6,exp06_b_zh_tokenizer_ablation,B008,zh_tokenizer_ablation,EN_LITERAL,compressed,2,gemini_3_1_pro_preview,3,1.6410256410256412,0.22205779584216376,1.6666666666666667,2.0,1.0,1.0,1.0,1.0,1.0,1.0,3.3333333333333335,1.3333333333333333,4.333333333333333,4.333333333333333,5.0
bca0a6cffd9933912fb228dc22f6d374133c7e53f3ac87f779aca4d37ea3b1ed,exp06_b_zh_tokenizer_ablation,B009,zh_tokenizer_ablation,ES_LITERAL,hybrid_state,2,gemini_3_1_pro_preview,3,1.6923076923076923,0.3076923076923077,1.3333333333333333,2.0,1.0,1.0,1.6666666666666667,1.3333333333333333,1.3333333333333333,1.3333333333333333,4.333333333333333,1.0,3.0,4.333333333333333,5.0
bcd5d6be72d95cd3c3931277cb388057c29c023a7b17fdb5ecfe3f53ab6715e2,exp06_a_hybrid_state_causal_handoff,A005,continuity_recovery,ZH,compressed,3,grok_4_20_non_reasoning,3,5.0,0.0,5.0,5.0,5.0,5.0,5.0,5.0,5.0,5.0,5.0,5.0,5.0,1.0,1.0
bce1125cf1ecb2ab44e2a5ebb74a2df522e221dea1890de96ba16fe52376e04d,exp06_a_hybrid_state_causal_handoff,A004,continuity_recovery,EN,compressed,2,azure_gpt_5_5_instant,3,5.0,0.0,5.0,5.0,5.0,5.0,5.0,5.0,5.0,5.0,5.0,5.0,5.0,1.0,1.0
bce813062fdf901b1db0e42a7d1a84de102f0cf82f8ec95bed2a7c5bac6842aa,exp06_b_zh_tokenizer_ablation,B010,zh_tokenizer_ablation,ZH,hybrid_state,3,gemini_3_1_pro_preview,3,1.1282051282051282,0.16012815380508713,1.0,1.0,1.0,1.0,1.0,1.0,1.0,1.0,2.6666666666666665,1.0,1.0,5.0,5.0
bce9c8583732b0578859993cae886b354310d9dd95662f905fc2205ef15c36c7,exp06_a_hybrid_state_causal_handoff,A011,handoff_state,EN,compressed,2,azure_gpt_5_5_instant,3,4.769230769230769,0.3352999187338978,4.666666666666667,5.0,4.666666666666667,4.666666666666667,4.666666666666667,5.0,4.666666666666667,4.666666666666667,4.666666666666667,5.0,5.0,1.3333333333333333,1.3333333333333333
bd0d593f1c329699ba3a260d0b81195c7a4b1579e26eda492c795cbbc76c099a,exp06_b_zh_tokenizer_ablation,B010,zh_tokenizer_ablation,ES_LITERAL,hybrid_state,1,qwen3_next_80b_instruct,3,4.717948717948718,0.3635242789425084,4.666666666666667,4.0,4.666666666666667,4.666666666666667,5.0,5.0,4.666666666666667,4.666666666666667,5.0,5.0,5.0,1.6666666666666667,1.3333333333333333
bd4213c284c9bce789f89b37c70929f8026b99e9dd88fe0828d9d250fb7e9487,exp06_b_zh_tokenizer_ablation,B002,zh_tokenizer_ablation,ZH,compressed,1,qwen3_next_80b_instruct,3,4.923076923076923,0.1332346775052983,5.0,4.666666666666667,5.0,5.0,5.0,5.0,5.0,5.0,5.0,5.0,5.0,1.3333333333333333,1.3333333333333333
bd6967e1aa5aecf8a15897ba07355d27baa5ceb7ef6273051de98e08d0bc33c1,exp06_b_zh_tokenizer_ablation,B010,zh_tokenizer_ablation,ZH_PINYIN,compressed,3,qwen3_next_80b_instruct,3,4.58974358974359,0.3552924733474618,4.666666666666667,4.333333333333333,4.333333333333333,4.333333333333333,4.666666666666667,5.0,4.333333333333333,4.333333333333333,5.0,5.0,5.0,1.6666666666666667,1.6666666666666667
bd6ee406722b65ca5c96c2b38c3ad5a8d94737c5a686bf058b3524f414977ac3,exp06_b_zh_tokenizer_ablation,B004,zh_tokenizer_ablation,ES_LITERAL,compressed,1,qwen3_next_80b_instruct,3,4.82051282051282,0.24727309643571693,4.666666666666667,5.0,4.666666666666667,4.666666666666667,4.666666666666667,5.0,5.0,4.666666666666667,5.0,5.0,5.0,1.3333333333333333,1.3333333333333333
bdbb5c12567ee6b601162e0363d24c8ebbea287d87fb386983694f3ea288c963,exp06_a_hybrid_state_causal_handoff,A007,causal_claim,ZH,compressed,1,grok_4_20_non_reasoning,3,5.0,0.0,5.0,5.0,5.0,5.0,5.0,5.0,5.0,5.0,5.0,5.0,5.0,1.0,1.0
bdf3c29f5d1b208d3f2a61c22eff422b29c5781045c506a68cb00a6a5a94e6e4,exp06_b_zh_tokenizer_ablation,B001,zh_tokenizer_ablation,ZH,hybrid_state,1,grok_4_20_non_reasoning,3,4.615384615384616,0.3352999187338978,4.666666666666667,4.333333333333333,5.0,4.666666666666667,5.0,5.0,4.333333333333333,4.333333333333333,5.0,4.666666666666667,4.0,1.6666666666666667,1.3333333333333333
be06fa7227bfe32e6e043ffcb053c80a646f73ffc629cb1ae22790f228dbb628,exp06_a_hybrid_state_causal_handoff,A012,continuity_recovery,EN,compressed,2,grok_4_20_non_reasoning,3,4.6923076923076925,0.2773500981126146,4.666666666666667,4.333333333333333,5.0,4.333333333333333,5.0,5.0,4.333333333333333,5.0,5.0,5.0,5.0,2.0,1.6666666666666667
be12160007eebf39e587ea38ff6ef988bbbab0636b25f39245e8f450e581021f,exp06_a_hybrid_state_causal_handoff,A007,causal_claim,ES,hybrid_state,1,qwen3_next_80b_instruct,3,4.17948717948718,0.9920790831873385,3.6666666666666665,3.6666666666666665,4.666666666666667,4.0,4.333333333333333,4.666666666666667,4.0,4.333333333333333,5.0,4.333333333333333,4.333333333333333,2.3333333333333335,2.3333333333333335
be19ea009e23f781200187fec4b2706e85c5e853a870fe04a27e104cfe879674,exp06_b_zh_tokenizer_ablation,B004,zh_tokenizer_ablation,ZH_PINYIN,hybrid_state,1,gemini_3_1_pro_preview,3,2.307692307692308,0.7337993857053428,2.3333333333333335,1.6666666666666667,2.0,1.6666666666666667,2.6666666666666665,2.0,1.6666666666666667,2.0,5.0,2.0,3.3333333333333335,4.333333333333333,4.0
be7d8a0f51cbdb72e709864d20e815c949c1de115df8c251e4212a94c42cf700,exp06_b_zh_tokenizer_ablation,B008,zh_tokenizer_ablation,ZH,compressed,1,gemini_3_1_pro_preview,3,2.41025641025641,0.24727309643571693,2.0,3.6666666666666665,2.0,1.3333333333333333,2.0,1.6666666666666667,1.6666666666666667,1.6666666666666667,4.666666666666667,2.0,4.666666666666667,3.3333333333333335,4.666666666666667
bf51a0c8b0b4f6b29f7819f4b7a357e8ab9bd137f99c85eb678ce8369748ace6,exp06_a_hybrid_state_causal_handoff,A005,continuity_recovery,ES,compressed,1,qwen3_next_80b_instruct,3,4.641025641025641,0.3108809141790292,4.333333333333333,4.666666666666667,4.666666666666667,4.666666666666667,5.0,4.666666666666667,4.333333333333333,4.666666666666667,5.0,4.666666666666667,5.0,1.6666666666666667,1.6666666666666667
bf84919a9582c02c5838d1de9e02c187f290626c3254660c181c0b4e85954f46,exp06_b_zh_tokenizer_ablation,B005,zh_tokenizer_ablation,ZH_PINYIN,compressed,2,gemini_3_1_pro_preview,3,1.6153846153846156,0.2773500981126146,1.3333333333333333,2.0,1.3333333333333333,1.0,1.0,1.0,1.0,1.0,4.0,1.3333333333333333,3.6666666666666665,4.666666666666667,5.0
bfaa5a34afb5e782a3a2603c961d1f445adef525fd9dc8cda5b49a763f6650e6,exp06_a_hybrid_state_causal_handoff,A010,auditability,ZH,compressed,1,qwen3_next_80b_instruct,3,4.589743589743589,0.5824521380307973,4.666666666666667,4.333333333333333,4.666666666666667,4.333333333333333,4.666666666666667,4.666666666666667,4.333333333333333,4.666666666666667,5.0,4.666666666666667,5.0,1.6666666666666667,1.6666666666666667
c003db63ea1a4e2842aefb9cdd0f817168d08aec56450064965e7b28f82b8e54,exp06_b_zh_tokenizer_ablation,B007,zh_tokenizer_ablation,EN_LITERAL,compressed,1,gemini_3_1_pro_preview,3,1.8717948717948716,0.16012815380508716,1.0,2.3333333333333335,1.0,1.0,1.6666666666666667,1.6666666666666667,1.0,1.0,5.0,1.3333333333333333,4.666666666666667,4.333333333333333,5.0
c03549d52e362b52e74ddb6b56e96f91b14b8eb620ea92fbd29f87fc6800e740,exp06_a_hybrid_state_causal_handoff,A006,continuity_recovery,ZH,hybrid_state,2,azure_gpt_5_5_instant,3,4.923076923076923,0.1332346775052983,4.666666666666667,4.666666666666667,5.0,5.0,5.0,5.0,5.0,5.0,5.0,5.0,5.0,1.3333333333333333,1.0
c05007b6eda4059c637d3d27ee35be6b5238991c85269b579fc9c7627abeed2f,exp06_a_hybrid_state_causal_handoff,A011,handoff_state,ES,compressed,3,gemini_3_1_pro_preview,3,1.5128205128205128,0.4507280982371012,1.6666666666666667,2.0,1.0,1.0,1.0,1.0,1.0,1.0,3.6666666666666665,1.0,3.0,4.666666666666667,5.0
c051cb3b7f3515fa29c9e6ece1bf6b54803f1b8de235effa1d29870110699baa,exp06_b_zh_tokenizer_ablation,B001,zh_tokenizer_ablation,ZH,hybrid_state,1,qwen3_next_80b_instruct,3,4.435897435897436,0.5773502691896257,4.666666666666667,4.0,4.333333333333333,4.666666666666667,4.666666666666667,4.666666666666667,4.0,4.333333333333333,5.0,4.333333333333333,4.333333333333333,2.0,1.3333333333333333
c05540fe8fa6503b62869856cdd5e628f885f95f1800f10fb38b099afb71190e,exp06_a_hybrid_state_causal_handoff,A006,continuity_recovery,EN,hybrid_state,3,grok_4_20_non_reasoning,3,4.641025641025641,0.4945461928714337,4.666666666666667,4.0,4.666666666666667,4.666666666666667,5.0,5.0,4.666666666666667,4.666666666666667,5.0,5.0,4.333333333333333,2.0,1.3333333333333333
c05e443714ed165596a66b682ad6649e3c39331235b6b63edfe22616399ccb08,exp06_a_hybrid_state_causal_handoff,A010,auditability,ZH,hybrid_state,3,azure_gpt_5_5_instant,3,4.641025641025641,0.34686536560176123,4.333333333333333,4.666666666666667,4.333333333333333,3.6666666666666665,5.0,5.0,5.0,4.666666666666667,4.666666666666667,5.0,5.0,1.3333333333333333,1.6666666666666667
c09643d8d3bc5e7bcb3ee1b9d2192064bcee85a7657246d69cfc52057f40a89c,exp06_b_zh_tokenizer_ablation,B010,zh_tokenizer_ablation,ZH,compressed,3,grok_4_20_non_reasoning,3,4.923076923076923,0.1332346775052983,5.0,5.0,5.0,4.666666666666667,5.0,5.0,5.0,5.0,5.0,5.0,5.0,1.3333333333333333,1.3333333333333333
c0a30282f95831ca163d9cdf02d2adc0f2c9c2d19e4c55ccd046b4a023059706,exp06_a_hybrid_state_causal_handoff,A011,handoff_state,EN,compressed,2,qwen3_next_80b_instruct,3,4.6923076923076925,0.40703866324070614,4.666666666666667,5.0,4.666666666666667,4.666666666666667,4.333333333333333,5.0,4.333333333333333,4.666666666666667,5.0,5.0,5.0,1.6666666666666667,1.6666666666666667
c0d3a429a84542ea052415e97907aa1239be6e082a2b2ab0bad708f44c32769c,exp06_b_zh_tokenizer_ablation,B008,zh_tokenizer_ablation,ES_LITERAL,hybrid_state,2,gemini_3_1_pro_preview,3,1.3333333333333333,0.16012815380508713,1.6666666666666667,1.3333333333333333,1.0,1.0,1.0,1.0,1.0,1.0,3.0,1.0,2.0,4.666666666666667,5.0
c1005bc6e60fb7710109d26d5a0bb1143ad40c6806a7a94a31d00da0ddccc0fd,exp06_a_hybrid_state_causal_handoff,A008,causal_claim,ZH,hybrid_state,1,grok_4_20_non_reasoning,3,4.3076923076923075,0.6296425209132653,4.333333333333333,4.0,4.0,3.3333333333333335,5.0,4.666666666666667,4.333333333333333,4.333333333333333,5.0,4.666666666666667,4.666666666666667,2.0,2.3333333333333335
c1107a7d8a9a489080de3c653f167838929d0ee7125f02d83ba28ddf9d646dbd,exp06_b_zh_tokenizer_ablation,B004,zh_tokenizer_ablation,EN_LITERAL,compressed,3,qwen3_next_80b_instruct,3,4.717948717948718,0.270144968021865,4.666666666666667,4.666666666666667,4.666666666666667,4.333333333333333,5.0,4.666666666666667,4.333333333333333,4.666666666666667,5.0,5.0,5.0,1.3333333333333333,1.3333333333333333
c14298abd0389d4dfaf27b0c879a536d4bdcf7247df50310b267eb0e0dcfeb88,exp06_a_hybrid_state_causal_handoff,A002,handoff_state,ZH,compressed,2,gemini_3_1_pro_preview,3,1.6923076923076923,0.2035193316203531,1.3333333333333333,2.3333333333333335,1.3333333333333333,1.0,1.0,1.6666666666666667,1.0,1.0,4.333333333333333,1.0,3.3333333333333335,4.333333333333333,5.0
c1d9d2b25642b359bbe0dc28a10b3b60ec70205f76c45483a63912f65245e6b7,exp06_a_hybrid_state_causal_handoff,A002,handoff_state,EN,hybrid_state,3,azure_gpt_5_5_instant,3,4.923076923076923,0.0769230769230771,5.0,4.666666666666667,5.0,5.0,5.0,5.0,5.0,5.0,4.666666666666667,5.0,5.0,1.3333333333333333,1.0
c1daf5b3ff108ec5f310207f065c80539d14b9bcdcf367fab5f4088a108c2a35,exp06_a_hybrid_state_causal_handoff,A001,handoff_state,EN,hybrid_state,1,gemini_3_1_pro_preview,3,2.076923076923077,0.26646935501059643,2.0,3.0,1.3333333333333333,1.3333333333333333,1.3333333333333333,1.3333333333333333,1.3333333333333333,1.3333333333333333,4.666666666666667,1.3333333333333333,4.666666666666667,4.0,4.666666666666667
c1f6748d4dbf89039cce38f4e870305bf0e159643351a40f9d9044ff9aa5ee7b,exp06_b_zh_tokenizer_ablation,B002,zh_tokenizer_ablation,ES_LITERAL,hybrid_state,3,grok_4_20_non_reasoning,3,4.82051282051282,0.19358549834027583,5.0,4.333333333333333,5.0,5.0,5.0,5.0,5.0,5.0,5.0,5.0,4.333333333333333,1.6666666666666667,1.3333333333333333
c21bee563b0d3a94a477109c285dd11dbcc812c7043e6f87e7f2c40bd323bfbc,exp06_b_zh_tokenizer_ablation,B003,zh_tokenizer_ablation,EN_LITERAL,compressed,1,qwen3_next_80b_instruct,3,4.564102564102565,0.4945461928714337,4.666666666666667,4.0,4.666666666666667,4.666666666666667,4.666666666666667,4.666666666666667,4.333333333333333,4.333333333333333,4.666666666666667,4.666666666666667,4.666666666666667,1.3333333333333333,1.3333333333333333
c26e2e8807649bb3fd15577601a5540bb7f53488fd5ef86bcb3f7242ca6b81d0,exp06_a_hybrid_state_causal_handoff,A010,auditability,ZH,hybrid_state,3,gemini_3_1_pro_preview,3,1.4871794871794872,0.5457383757382761,1.6666666666666667,2.0,1.0,1.0,1.3333333333333333,1.3333333333333333,1.0,1.0,2.6666666666666665,1.3333333333333333,2.6666666666666665,4.666666666666667,5.0
c275af057b701d6563d833101788ea36d6d0fb49415cc0788aa77f8316251bd8,exp06_b_zh_tokenizer_ablation,B006,zh_tokenizer_ablation,EN_LITERAL,compressed,2,grok_4_20_non_reasoning,3,4.666666666666667,0.34686536560176123,4.666666666666667,4.333333333333333,4.666666666666667,4.666666666666667,5.0,5.0,4.333333333333333,4.666666666666667,5.0,5.0,5.0,2.0,1.6666666666666667
c2bfa0a59b1f67e1abf275b070b7e22fe3b457e00bccb0f56b4d20d3004a4ca7,exp06_a_hybrid_state_causal_handoff,A003,handoff_state,ES,hybrid_state,2,qwen3_next_80b_instruct,3,4.076923076923077,0.4070386632407062,4.0,4.0,4.0,3.3333333333333335,4.666666666666667,4.333333333333333,4.333333333333333,4.0,5.0,4.333333333333333,4.666666666666667,3.0,2.6666666666666665
c38c5648748db62f45dcd70f062c6e619901fec427ec9fe512f5cbc4699e8864,exp06_b_zh_tokenizer_ablation,B010,zh_tokenizer_ablation,ZH,compressed,2,grok_4_20_non_reasoning,3,4.897435897435898,0.1776462366737309,5.0,5.0,5.0,4.666666666666667,5.0,5.0,4.666666666666667,5.0,5.0,5.0,5.0,1.3333333333333333,1.3333333333333333
c3b717bce88cdff4baec1065aae3b4a8389c8521598cecc42142b49adffab3d5,exp06_b_zh_tokenizer_ablation,B009,zh_tokenizer_ablation,ES_LITERAL,hybrid_state,1,grok_4_20_non_reasoning,3,4.256410256410256,0.6979824404521128,4.333333333333333,4.0,3.6666666666666665,3.6666666666666665,5.0,5.0,4.666666666666667,4.333333333333333,5.0,5.0,3.6666666666666665,2.3333333333333335,2.6666666666666665
c3d2e374cc2bd70ff810f8c5f8130520fa8dad99f0193a874fc0c029d44eed66,exp06_a_hybrid_state_causal_handoff,A002,handoff_state,ZH,compressed,1,grok_4_20_non_reasoning,3,4.41025641025641,1.0214658608739533,4.0,4.666666666666667,4.333333333333333,4.333333333333333,4.0,4.666666666666667,4.333333333333333,4.333333333333333,5.0,4.666666666666667,5.0,2.0,2.0
c40fad6176d7efb66767b3380a09c9987ddf8d519b93c64bc6f026f65e50a580,exp06_b_zh_tokenizer_ablation,B005,zh_tokenizer_ablation,ZH,hybrid_state,1,qwen3_next_80b_instruct,3,3.743589743589743,1.1974660952651914,3.6666666666666665,3.6666666666666665,3.6666666666666665,3.6666666666666665,3.6666666666666665,4.0,3.3333333333333335,3.3333333333333335,5.0,4.0,4.333333333333333,2.6666666666666665,3.0
c41feb2c775051aa7b118b5b37abfc4b163fd3e2c9159b9709c892e384503fe5,exp06_a_hybrid_state_causal_handoff,A012,continuity_recovery,EN,hybrid_state,2,qwen3_next_80b_instruct,3,4.333333333333333,0.6217618283580585,4.333333333333333,4.0,4.333333333333333,3.6666666666666665,4.666666666666667,4.666666666666667,4.333333333333333,4.333333333333333,5.0,4.333333333333333,4.666666666666667,2.0,2.0
c4325cb3b7b29c8ff77f5771a338893d067e3e6fcc281f66b993883ae739b940,exp06_b_zh_tokenizer_ablation,B008,zh_tokenizer_ablation,ZH,hybrid_state,2,qwen3_next_80b_instruct,3,4.58974358974359,0.5236045604272342,4.666666666666667,4.0,4.666666666666667,4.666666666666667,5.0,4.666666666666667,4.666666666666667,4.333333333333333,5.0,5.0,4.0,1.6666666666666667,1.3333333333333333
c49949029dbae9daa351800865ac5f709c5b9771e137d26d4ba324c2db6517ee,exp06_a_hybrid_state_causal_handoff,A006,continuity_recovery,ZH,compressed,2,grok_4_20_non_reasoning,3,5.0,0.0,5.0,5.0,5.0,5.0,5.0,5.0,5.0,5.0,5.0,5.0,5.0,1.0,1.0
c49ee94647c9d138dc24a73e258013dd88c5b72e78dab855c9737ec53bb4c5f1,exp06_a_hybrid_state_causal_handoff,A001,handoff_state,EN,hybrid_state,3,grok_4_20_non_reasoning,3,4.3076923076923075,0.40703866324070614,4.333333333333333,4.0,4.333333333333333,4.333333333333333,4.333333333333333,4.666666666666667,4.333333333333333,4.333333333333333,4.666666666666667,4.333333333333333,4.333333333333333,2.0,2.0
c4a14657a8b7a9972ee566a1bd3cbd1dc935459f576b9dc6dd7e323f3205dc3b,exp06_b_zh_tokenizer_ablation,B008,zh_tokenizer_ablation,ZH,compressed,3,gemini_3_1_pro_preview,3,2.2051282051282053,0.5004928537421318,2.0,3.6666666666666665,1.6666666666666667,1.3333333333333333,1.6666666666666667,1.3333333333333333,1.3333333333333333,1.3333333333333333,4.666666666666667,1.3333333333333333,4.333333333333333,3.3333333333333335,4.666666666666667
c4e4b72dcfb0bbdd9689e7bf27b74964aa9f094f9d1618bf0c4cc30f61747ee9,exp06_a_hybrid_state_causal_handoff,A001,handoff_state,EN,compressed,3,gemini_3_1_pro_preview,3,2.1025641025641026,0.24727309643571677,2.0,3.3333333333333335,1.3333333333333333,1.3333333333333333,1.6666666666666667,1.3333333333333333,1.3333333333333333,1.3333333333333333,4.666666666666667,1.3333333333333333,4.666666666666667,4.333333333333333,4.666666666666667
c4ee2c5cb3f21d88404b0d5058be7fd80592a5226bd58c4bc1f37eb7630f8c6b,exp06_b_zh_tokenizer_ablation,B005,zh_tokenizer_ablation,EN_LITERAL,hybrid_state,3,grok_4_20_non_reasoning,3,3.256410256410256,1.003937023100097,3.0,3.6666666666666665,3.0,3.0,3.0,3.0,3.0,2.3333333333333335,4.666666666666667,3.0,4.666666666666667,2.6666666666666665,3.3333333333333335
c520531f8925b34a5008768f20b75f4cc975c1c5ece77603cfe53dcc8a4a0325,exp06_b_zh_tokenizer_ablation,B008,zh_tokenizer_ablation,ZH_PINYIN,hybrid_state,2,qwen3_next_80b_instruct,3,3.4615384615384617,0.48038446141526137,3.3333333333333335,3.3333333333333335,3.6666666666666665,3.6666666666666665,4.0,4.0,3.3333333333333335,3.3333333333333335,5.0,3.3333333333333335,1.6666666666666667,2.6666666666666665,3.0
c56f2ff8c2f79c63e596fa9a8935b11bf0fc3be10fbd33f26cc8afbe0cec441c,exp06_a_hybrid_state_causal_handoff,A008,causal_claim,ES,hybrid_state,3,azure_gpt_5_5_instant,3,4.897435897435898,0.11750194089630366,5.0,5.0,5.0,4.666666666666667,5.0,5.0,5.0,5.0,4.666666666666667,5.0,5.0,1.3333333333333333,1.3333333333333333
c5ead137faafb7c5faa6e4cc5e924257eededcc03abcabc462b19ccc578e5418,exp06_a_hybrid_state_causal_handoff,A011,handoff_state,ES,hybrid_state,1,gemini_3_1_pro_preview,3,1.2564102564102564,0.16012815380508713,1.0,1.3333333333333333,1.0,1.0,1.0,1.0,1.0,1.0,3.3333333333333335,1.0,1.6666666666666667,5.0,5.0
c5f4465698306f8663a6f460e94bfcf36cb711008dde1c1b6af0908f73857110,exp06_a_hybrid_state_causal_handoff,A002,handoff_state,ZH,compressed,3,qwen3_next_80b_instruct,3,4.6923076923076925,0.2664693550105966,4.333333333333333,5.0,4.666666666666667,4.333333333333333,4.666666666666667,4.666666666666667,4.333333333333333,5.0,5.0,5.0,5.0,1.6666666666666667,1.3333333333333333
c607e293a6ad071d8cf3811d7cabb4cf8231aa5efed8dad27fbffeea9e6a57c1,exp06_b_zh_tokenizer_ablation,B009,zh_tokenizer_ablation,EN_LITERAL,compressed,1,gemini_3_1_pro_preview,3,2.641025641025641,0.37945252787048067,2.0,3.3333333333333335,1.6666666666666667,1.3333333333333333,2.3333333333333335,2.3333333333333335,2.3333333333333335,2.0,5.0,3.0,4.333333333333333,3.0,4.333333333333333
c60b7430f99e64737b63a1d16fd91b1bacb99e21aba3459664b921d754b1b2d4,exp06_a_hybrid_state_causal_handoff,A005,continuity_recovery,EN,compressed,2,qwen3_next_80b_instruct,3,4.871794871794871,0.22205779584216398,5.0,4.666666666666667,5.0,5.0,5.0,5.0,4.666666666666667,4.666666666666667,5.0,4.666666666666667,5.0,1.3333333333333333,1.0
c61a179f59f63aeab3f3f657e8ddd45eb777b3b3160b51105eaf5fe2aed70514,exp06_a_hybrid_state_causal_handoff,A001,handoff_state,ES,compressed,2,grok_4_20_non_reasoning,3,4.923076923076923,0.1332346775052983,5.0,5.0,5.0,5.0,5.0,5.0,4.666666666666667,5.0,5.0,4.666666666666667,5.0,1.0,1.3333333333333333
c6b604d94febc8b0ece92936459b789e60d4be995ae385918b02568d1b4832a7,exp06_a_hybrid_state_causal_handoff,A007,causal_claim,ZH,hybrid_state,1,gemini_3_1_pro_preview,3,2.3333333333333335,0.27014496802186505,2.0,3.6666666666666665,2.0,1.3333333333333333,2.0,1.6666666666666667,1.3333333333333333,1.6666666666666667,4.333333333333333,1.6666666666666667,4.333333333333333,3.0,4.666666666666667
c6df7e0dd2718c125e48250169da13517787134590f3a95d4c8311f76c13c395,exp06_a_hybrid_state_causal_handoff,A011,handoff_state,ZH,compressed,3,qwen3_next_80b_instruct,3,4.153846153846154,1.0905728368275251,4.0,4.666666666666667,3.6666666666666665,3.6666666666666665,4.333333333333333,4.666666666666667,3.6666666666666665,3.6666666666666665,5.0,4.333333333333333,5.0,2.0,2.6666666666666665
c70812f58ded9606905f2b2d91d7647840df96aadaad9ef422317e02d1935a08,exp06_a_hybrid_state_causal_handoff,A011,handoff_state,ZH,compressed,3,gemini_3_1_pro_preview,3,1.6923076923076923,0.07692307692307687,1.6666666666666667,2.0,1.0,1.0,1.0,1.0,1.0,1.0,5.0,1.0,4.0,4.666666666666667,5.0
c71de0cfb1ec7e0741010fc6cbccf6a1d313fddf8e586260ed52b1b1d2138dcd,exp06_a_hybrid_state_causal_handoff,A008,causal_claim,EN,hybrid_state,2,gemini_3_1_pro_preview,3,1.9487179487179487,0.32025630761017415,1.6666666666666667,3.0,1.0,1.0,1.3333333333333333,1.0,1.0,1.0,5.0,1.3333333333333333,4.333333333333333,3.3333333333333335,5.0
c753cd1b20314eac269798d041339b26787f2dac380b6e7c9669f9f0c6357b92,exp06_a_hybrid_state_causal_handoff,A010,auditability,EN,compressed,3,grok_4_20_non_reasoning,3,4.846153846153846,0.2664693550105966,4.666666666666667,5.0,5.0,4.666666666666667,4.666666666666667,5.0,4.666666666666667,5.0,5.0,5.0,5.0,1.3333333333333333,1.3333333333333333
c76952c3fb5000ff2a6dd8c83cf3598a271fd8da683fd55c4fca309371cdf97e,exp06_a_hybrid_state_causal_handoff,A007,causal_claim,EN,hybrid_state,1,grok_4_20_non_reasoning,3,4.58974358974359,0.47000776358521457,4.333333333333333,4.0,4.666666666666667,4.333333333333333,5.0,5.0,4.666666666666667,4.666666666666667,5.0,4.666666666666667,5.0,2.0,1.6666666666666667
c7830391dc7fd20d28dd89cdece1922e1ed5c8876668d4a2e617c2332c5e6ec9,exp06_b_zh_tokenizer_ablation,B009,zh_tokenizer_ablation,ES_LITERAL,compressed,1,gemini_3_1_pro_preview,3,4.3076923076923075,0.6007884366082042,4.333333333333333,4.333333333333333,4.0,3.6666666666666665,4.333333333333333,4.333333333333333,4.333333333333333,4.333333333333333,5.0,4.666666666666667,4.666666666666667,1.6666666666666667,2.3333333333333335
c79adce38a8b44db01734bc78a67c0bfe407c2bee26a1443cde88348f4d3bbe0,exp06_a_hybrid_state_causal_handoff,A011,handoff_state,ES,compressed,2,gemini_3_1_pro_preview,3,1.5384615384615383,0.27735009811261463,1.3333333333333333,2.0,1.0,1.0,1.0,1.0,1.0,1.0,3.3333333333333335,1.3333333333333333,3.6666666666666665,4.666666666666667,5.0
c81ff3f30e44945d03543a8e988df4824d0aaea501db5fa6ee425f7bf49de33b,exp06_b_zh_tokenizer_ablation,B010,zh_tokenizer_ablation,EN_LITERAL,hybrid_state,3,gemini_3_1_pro_preview,3,2.692307692307692,0.68370726287043,2.3333333333333335,3.3333333333333335,2.0,1.3333333333333333,3.0,3.0,2.3333333333333335,2.3333333333333335,4.666666666666667,2.3333333333333335,4.333333333333333,3.6666666666666665,4.333333333333333
c84d5c23b37eb6931264683f032752593823516f6980e58b3564178ca56699cc,exp06_a_hybrid_state_causal_handoff,A007,causal_claim,ZH,hybrid_state,2,azure_gpt_5_5_instant,3,5.0,0.0,5.0,5.0,5.0,5.0,5.0,5.0,5.0,5.0,5.0,5.0,5.0,1.0,1.0
c8616d380d0744f5ae1bab4b4c68fd11f5bc310630996a16f4a94792e06163b1,exp06_b_zh_tokenizer_ablation,B006,zh_tokenizer_ablation,EN_LITERAL,compressed,1,grok_4_20_non_reasoning,3,4.435897435897435,0.4236592728681615,4.333333333333333,4.0,4.666666666666667,4.333333333333333,4.666666666666667,4.666666666666667,4.333333333333333,4.333333333333333,4.666666666666667,4.666666666666667,4.666666666666667,1.6666666666666667,2.0
c8d93e8577d4fc1027d95178793135b63e225fa37291d943e487d957e7df1377,exp06_b_zh_tokenizer_ablation,B006,zh_tokenizer_ablation,ZH,hybrid_state,2,grok_4_20_non_reasoning,3,4.641025641025641,0.38717099668055127,4.666666666666667,4.0,4.666666666666667,4.666666666666667,5.0,5.0,4.666666666666667,4.666666666666667,5.0,5.0,4.666666666666667,2.0,1.6666666666666667
c90262485d08c2cfcb84b6475e5276d2431793976269cc64ab2b89e47d6c9981,exp06_a_hybrid_state_causal_handoff,A010,auditability,ES,hybrid_state,2,grok_4_20_non_reasoning,3,4.641025641025641,0.5564752413900181,4.666666666666667,4.333333333333333,4.666666666666667,4.333333333333333,4.666666666666667,4.666666666666667,4.666666666666667,4.666666666666667,5.0,5.0,5.0,1.6666666666666667,1.6666666666666667
c9976f5563e4d2ba09f4119e4284c41b48a4f0a3e1671d7399b375ed9b923ec2,exp06_b_zh_tokenizer_ablation,B008,zh_tokenizer_ablation,EN_LITERAL,hybrid_state,1,grok_4_20_non_reasoning,3,4.461538461538462,0.4679048100229399,4.333333333333333,3.6666666666666665,4.333333333333333,4.666666666666667,5.0,4.333333333333333,4.333333333333333,4.666666666666667,5.0,4.666666666666667,4.666666666666667,2.3333333333333335,1.3333333333333333
c9ba2e3dc65220973a54720fb2a73c8aff975ccd4a28c0c18356c67cc2464105,exp06_a_hybrid_state_causal_handoff,A012,continuity_recovery,ZH,compressed,3,grok_4_20_non_reasoning,3,4.435897435897435,0.6217618283580585,4.333333333333333,4.333333333333333,4.333333333333333,4.0,4.666666666666667,4.666666666666667,4.333333333333333,4.666666666666667,5.0,5.0,4.666666666666667,2.0,2.3333333333333335
c9d9cf66d5a0292127fafa7d2a4f23a0264d67c160427ad9b8fdaf36564d4def,exp06_a_hybrid_state_causal_handoff,A008,causal_claim,EN,hybrid_state,3,qwen3_next_80b_instruct,3,3.58974358974359,0.38717099668055127,3.6666666666666665,3.0,3.3333333333333335,2.6666666666666665,4.0,4.0,3.6666666666666665,3.6666666666666665,4.666666666666667,4.0,4.333333333333333,3.0,3.3333333333333335
c9fef82326cf13080081c8ef3ef6c4d8302164f201423d29ab62b8aaa1438129,exp06_a_hybrid_state_causal_handoff,A002,handoff_state,EN,compressed,2,gemini_3_1_pro_preview,3,2.8205128205128207,0.7270485578850167,2.6666666666666665,3.0,2.6666666666666665,2.0,2.6666666666666665,2.0,2.3333333333333335,2.0,5.0,3.0,5.0,3.6666666666666665,4.0
ca7a6d04e7364a2b97515daac6814cc456e68e77c582e3e618056e4eff010bf2,exp06_b_zh_tokenizer_ablation,B003,zh_tokenizer_ablation,EN_LITERAL,compressed,1,gemini_3_1_pro_preview,3,1.7179487179487178,0.3794525278704805,1.6666666666666667,1.6666666666666667,1.3333333333333333,1.3333333333333333,1.3333333333333333,1.3333333333333333,1.3333333333333333,1.3333333333333333,4.0,1.3333333333333333,3.0,4.666666666666667,4.666666666666667
cab14acfd646a8772a1e6b8933c9576de8bd354ace9c095398872c47092e9380,exp06_a_hybrid_state_causal_handoff,A010,auditability,ES,compressed,1,qwen3_next_80b_instruct,3,4.641025641025641,0.6217618283580586,4.666666666666667,4.666666666666667,4.666666666666667,4.666666666666667,4.666666666666667,4.666666666666667,4.333333333333333,4.666666666666667,5.0,4.666666666666667,5.0,1.6666666666666667,1.6666666666666667
cab8dd96e036bdc50a85682061b569476c2e393beba7de36f3d039706427d853,exp06_b_zh_tokenizer_ablation,B005,zh_tokenizer_ablation,ES_LITERAL,hybrid_state,2,qwen3_next_80b_instruct,3,4.153846153846154,0.7806839665455553,4.333333333333333,3.6666666666666665,4.333333333333333,3.6666666666666665,4.0,4.666666666666667,4.0,4.0,5.0,4.333333333333333,4.666666666666667,2.3333333333333335,2.3333333333333335
cacf0e9b0139d030d1ed616152dd18608b079e469b1e962fdf75ad6c3087f725,exp06_b_zh_tokenizer_ablation,B006,zh_tokenizer_ablation,ZH,hybrid_state,1,grok_4_20_non_reasoning,3,4.82051282051282,0.19358549834027583,5.0,4.0,5.0,5.0,5.0,5.0,5.0,5.0,5.0,5.0,4.666666666666667,1.6666666666666667,1.3333333333333333
cad9d7612fac5859772102ec8660438f41192ecd3a9b3d08df31d52dbbe4aaad,exp06_b_zh_tokenizer_ablation,B004,zh_tokenizer_ablation,ES_LITERAL,compressed,1,gemini_3_1_pro_preview,3,2.1538461538461537,0.07692307692307687,2.0,3.3333333333333335,1.6666666666666667,1.0,1.0,1.3333333333333333,1.0,1.6666666666666667,4.333333333333333,1.6666666666666667,4.666666666666667,3.0,4.666666666666667
caf490c18aace184be1179053d0562b3431de278f2990ec3181e5862f7ca5246,exp06_a_hybrid_state_causal_handoff,A003,handoff_state,ES,compressed,2,azure_gpt_5_5_instant,3,5.0,0.0,5.0,5.0,5.0,5.0,5.0,5.0,5.0,5.0,5.0,5.0,5.0,1.0,1.0
cb360ca55a4b27b25b0128b3a042f8e941797865607d4530667e26de824218bc,exp06_a_hybrid_state_causal_handoff,A001,handoff_state,ZH,hybrid_state,3,gemini_3_1_pro_preview,3,2.128205128205128,0.32025630761017426,2.0,3.3333333333333335,1.3333333333333333,1.0,2.3333333333333335,1.3333333333333333,1.0,1.3333333333333333,4.666666666666667,1.6666666666666667,4.0,3.3333333333333335,5.0
cb4ebb286842673131f9e563b2a50af165925f1ae3f12095d2066008fdbf281f,exp06_b_zh_tokenizer_ablation,B008,zh_tokenizer_ablation,ZH_PINYIN,compressed,1,qwen3_next_80b_instruct,3,3.5128205128205128,0.6217618283580583,3.6666666666666665,4.0,3.3333333333333335,3.3333333333333335,4.0,4.0,3.3333333333333335,3.3333333333333335,4.666666666666667,3.3333333333333335,1.3333333333333333,2.3333333333333335,2.3333333333333335
cb5558448848a511931afdcb2d18dbd1deec4b9ffc89a2da050a9ab93c388c6f,exp06_b_zh_tokenizer_ablation,B010,zh_tokenizer_ablation,ZH,hybrid_state,1,grok_4_20_non_reasoning,3,4.717948717948718,0.3635242789425084,4.666666666666667,4.333333333333333,4.666666666666667,4.666666666666667,4.666666666666667,5.0,4.666666666666667,4.666666666666667,5.0,5.0,5.0,1.6666666666666667,1.3333333333333333
cb7954b8543d3d6544ceeb404237ce1b29bdc01d877d4627b89d5457f22a5c23,exp06_b_zh_tokenizer_ablation,B004,zh_tokenizer_ablation,ZH_PINYIN,compressed,2,grok_4_20_non_reasoning,3,4.58974358974359,0.4236592728681615,4.666666666666667,4.333333333333333,4.333333333333333,4.333333333333333,4.666666666666667,4.333333333333333,4.666666666666667,4.333333333333333,4.666666666666667,5.0,5.0,1.3333333333333333,1.3333333333333333
cbe31012f365ec7b9e6cd5cf615eba03e0342a40635f2a3e503486520a5def36,exp06_b_zh_tokenizer_ablation,B008,zh_tokenizer_ablation,EN_LITERAL,compressed,1,grok_4_20_non_reasoning,3,4.615384615384616,0.42828956637154,4.666666666666667,4.333333333333333,4.666666666666667,4.666666666666667,5.0,4.333333333333333,4.333333333333333,4.333333333333333,5.0,4.666666666666667,5.0,1.6666666666666667,1.3333333333333333
cbf1a67bef07ad780a98327475fcde5b41bfe110457c1b8938c672edcf7355fb,exp06_b_zh_tokenizer_ablation,B010,zh_tokenizer_ablation,ES_LITERAL,compressed,3,grok_4_20_non_reasoning,3,4.897435897435898,0.1776462366737309,5.0,4.666666666666667,5.0,5.0,5.0,5.0,5.0,5.0,5.0,5.0,4.666666666666667,1.3333333333333333,1.3333333333333333
cc100cbd82bc0b35a9dce16d3a1b9c7a5282ce1c5e6f300d702ac65b4b1fe460,exp06_a_hybrid_state_causal_handoff,A011,handoff_state,EN,compressed,1,qwen3_next_80b_instruct,3,4.717948717948718,0.48852715085276005,4.666666666666667,4.666666666666667,4.666666666666667,5.0,4.666666666666667,5.0,4.666666666666667,4.666666666666667,5.0,4.666666666666667,5.0,1.6666666666666667,1.6666666666666667
cc179877114b12ef483e42d59fc540a37ed4350fb5abe4d4a55e3d5e4638b4ea,exp06_b_zh_tokenizer_ablation,B007,zh_tokenizer_ablation,EN_LITERAL,compressed,2,gemini_3_1_pro_preview,3,1.846153846153846,0.15384615384615385,1.3333333333333333,2.6666666666666665,1.0,1.0,1.3333333333333333,1.0,1.0,1.0,5.0,1.3333333333333333,4.666666666666667,4.333333333333333,5.0
cc58a6b7fe62231ef7ec25ea092a00fb06d08fec3037206ac21793737bd3eeb4,exp06_b_zh_tokenizer_ablation,B008,zh_tokenizer_ablation,ES_LITERAL,hybrid_state,2,qwen3_next_80b_instruct,3,4.538461538461538,0.39970403251589487,4.666666666666667,3.6666666666666665,4.666666666666667,4.666666666666667,5.0,4.666666666666667,4.333333333333333,4.333333333333333,5.0,5.0,4.666666666666667,2.0,1.6666666666666667
cc66926cc2e7abf2367dd09f5412e113ee7463ba15b38b4904dbc5461fd29fba,exp06_b_zh_tokenizer_ablation,B001,zh_tokenizer_ablation,ZH_PINYIN,compressed,3,grok_4_20_non_reasoning,3,4.384615384615384,0.5547001962252291,4.333333333333333,4.333333333333333,4.333333333333333,4.0,4.333333333333333,4.333333333333333,4.333333333333333,4.333333333333333,5.0,4.666666666666667,5.0,2.0,2.0
cc6e51797d888500af863753557d3a148c19c01aaec3ad33e778c5279a79f2a4,exp06_a_hybrid_state_causal_handoff,A007,causal_claim,ZH,hybrid_state,1,qwen3_next_80b_instruct,3,4.153846153846154,1.0348941574672086,4.0,3.6666666666666665,4.333333333333333,3.6666666666666665,4.666666666666667,4.333333333333333,4.0,4.333333333333333,5.0,4.0,4.666666666666667,2.3333333333333335,2.3333333333333335
cd67000bc36e70760bead205076800765d835d85654a375bdea48aac045ae1df,exp06_b_zh_tokenizer_ablation,B003,zh_tokenizer_ablation,ZH,hybrid_state,2,grok_4_20_non_reasoning,3,4.743589743589744,0.320256307610174,4.666666666666667,4.0,4.666666666666667,5.0,5.0,5.0,4.666666666666667,4.666666666666667,5.0,5.0,4.333333333333333,1.3333333333333333,1.0
cd7bba9e2c8e12e520e1b6e59cb6fb42943aa96b2c319a8bd3561b90e74a72c1,exp06_a_hybrid_state_causal_handoff,A001,handoff_state,EN,hybrid_state,1,grok_4_20_non_reasoning,3,4.435897435897435,0.39473857226514486,4.333333333333333,4.0,4.666666666666667,4.333333333333333,4.666666666666667,4.666666666666667,4.333333333333333,4.333333333333333,4.666666666666667,4.666666666666667,4.666666666666667,2.0,1.6666666666666667
ce0193f4a5674616e64dfaac1775d78a8212a916fb6ea14787a9633a099d35cf,exp06_a_hybrid_state_causal_handoff,A004,continuity_recovery,EN,compressed,1,qwen3_next_80b_instruct,3,4.769230769230769,0.39970403251589487,4.666666666666667,5.0,4.666666666666667,4.666666666666667,4.666666666666667,4.666666666666667,4.666666666666667,5.0,5.0,5.0,5.0,1.3333333333333333,1.6666666666666667
ce5c635361ad5c3d576ec6c9c9ab19978fd863ce8fd95e065aadd584fa3150ab,exp06_a_hybrid_state_causal_handoff,A010,auditability,ES,hybrid_state,2,gemini_3_1_pro_preview,3,1.9230769230769231,0.07692307692307687,2.0,3.0,1.0,1.0,1.3333333333333333,1.3333333333333333,1.0,1.0,4.666666666666667,1.6666666666666667,4.333333333333333,4.333333333333333,5.0
ce6e37c5b45608bb23461aa8b304a54866848fd2856670ca2bcadd6c0b289150,exp06_b_zh_tokenizer_ablation,B003,zh_tokenizer_ablation,ZH_PINYIN,hybrid_state,3,qwen3_next_80b_instruct,3,4.0,1.0405960968052834,4.0,3.3333333333333335,4.0,4.333333333333333,4.0,4.0,4.0,3.6666666666666665,5.0,4.0,4.333333333333333,2.6666666666666665,2.0
ce734d043e324a2f262cff43b43c8d08c40a5409818874f542bc5f995325c301,exp06_a_hybrid_state_causal_handoff,A010,auditability,EN,compressed,3,gemini_3_1_pro_preview,3,1.6923076923076923,0.2664693550105966,1.6666666666666667,1.6666666666666667,1.0,1.0,1.0,1.0,1.0,1.0,4.0,1.0,5.0,4.333333333333333,5.0
ce7ae77c722e7be234c2b7a10b465cc328b76614750120b15d120051b364844f,exp06_b_zh_tokenizer_ablation,B010,zh_tokenizer_ablation,ES_LITERAL,compressed,1,qwen3_next_80b_instruct,3,4.948717948717949,0.0888231183368657,5.0,4.666666666666667,5.0,5.0,5.0,5.0,5.0,5.0,5.0,5.0,4.666666666666667,1.0,1.0
ce7dcb72d1d53a52b6f5817c7719f05da85c647627b9cd23827db9868349d749,exp06_a_hybrid_state_causal_handoff,A009,auditability,ZH,hybrid_state,1,azure_gpt_5_5_instant,3,4.717948717948718,0.270144968021865,4.666666666666667,4.0,4.333333333333333,4.333333333333333,5.0,5.0,5.0,5.0,5.0,5.0,5.0,1.6666666666666667,1.3333333333333333
ce941ddb501316b2e34901c1de27624643d7534217fe217a4427b2cb08b551c7,exp06_a_hybrid_state_causal_handoff,A007,causal_claim,ES,compressed,2,grok_4_20_non_reasoning,3,4.9743589743589745,0.0444115591684326,5.0,4.666666666666667,5.0,5.0,5.0,5.0,5.0,5.0,5.0,5.0,5.0,1.0,1.0
ce9bb01f05c8fe2808e53869d5202b9f909232025cad838491947f48946f0622,exp06_b_zh_tokenizer_ablation,B001,zh_tokenizer_ablation,EN_LITERAL,compressed,3,grok_4_20_non_reasoning,3,4.82051282051282,0.19358549834027583,5.0,4.666666666666667,5.0,5.0,5.0,5.0,4.333333333333333,4.666666666666667,5.0,4.666666666666667,5.0,1.6666666666666667,1.0
ceba086603eed3c3676e7b6192f377deb7b8926a197a1eef5f8a7a1b0fc4f388,exp06_b_zh_tokenizer_ablation,B001,zh_tokenizer_ablation,ES_LITERAL,hybrid_state,1,qwen3_next_80b_instruct,3,4.256410256410256,0.597496420396464,4.333333333333333,3.6666666666666665,4.333333333333333,4.333333333333333,4.666666666666667,4.333333333333333,4.333333333333333,4.0,4.666666666666667,4.333333333333333,4.333333333333333,2.3333333333333335,1.6666666666666667
cefada597b39cd29c9bab1277765df612681d1c895656b2ee604a95c62e733c3,exp06_b_zh_tokenizer_ablation,B007,zh_tokenizer_ablation,ZH,compressed,3,grok_4_20_non_reasoning,3,4.923076923076923,0.1332346775052983,4.666666666666667,5.0,5.0,5.0,5.0,5.0,4.666666666666667,5.0,5.0,5.0,5.0,1.0,1.3333333333333333
cf41db6a1700496c3a2b7ffc405b082d2e6c5522cc5113a828cc3aecfa301490,exp06_b_zh_tokenizer_ablation,B006,zh_tokenizer_ablation,ZH,compressed,1,grok_4_20_non_reasoning,3,4.512820512820513,0.5974964203964638,4.666666666666667,4.333333333333333,4.333333333333333,4.0,4.666666666666667,5.0,4.0,4.666666666666667,5.0,4.666666666666667,5.0,1.6666666666666667,2.0
cf5b22a1426fb515d29f4007cfe989c1c267dc713e2e33596392e80118477f29,exp06_a_hybrid_state_causal_handoff,A010,auditability,ES,compressed,3,gemini_3_1_pro_preview,3,1.4871794871794872,0.4236592728681617,1.3333333333333333,1.6666666666666667,1.0,1.0,1.0,1.0,1.0,1.0,3.0,1.0,3.6666666666666665,4.333333333333333,5.0
cf5fed9610a6f423f7ae1a130c437e6f2b50b5464b9d20f8998c3e085558fb61,exp06_a_hybrid_state_causal_handoff,A008,causal_claim,ZH,hybrid_state,2,azure_gpt_5_5_instant,3,4.923076923076923,0.1332346775052983,5.0,4.666666666666667,5.0,5.0,5.0,5.0,5.0,5.0,5.0,5.0,4.666666666666667,1.3333333333333333,1.0
cf7a4f564c4ae626e4167b8d42d9334ca31666ed0d892bc6daf52e8f204d7ece,exp06_a_hybrid_state_causal_handoff,A011,handoff_state,EN,compressed,3,azure_gpt_5_5_instant,3,4.923076923076923,0.1332346775052983,5.0,5.0,5.0,5.0,4.666666666666667,5.0,4.666666666666667,5.0,5.0,5.0,5.0,1.0,1.3333333333333333
cf884c141ebf362cfbd56f42fa896a0f5d2cfbf22327f1da99ff47a0f53eafba,exp06_a_hybrid_state_causal_handoff,A001,handoff_state,ES,hybrid_state,2,azure_gpt_5_5_instant,3,4.846153846153846,0.2664693550105966,5.0,4.666666666666667,5.0,4.666666666666667,4.666666666666667,5.0,4.666666666666667,5.0,5.0,5.0,5.0,1.3333333333333333,1.3333333333333333
cf91a679acffa875c54af27b29d2d5999c3420e0c17facf76b2519463cc13a2a,exp06_a_hybrid_state_causal_handoff,A008,causal_claim,ZH,hybrid_state,2,grok_4_20_non_reasoning,3,4.512820512820514,0.437403131005948,4.666666666666667,4.0,4.333333333333333,3.6666666666666665,5.0,5.0,4.666666666666667,5.0,5.0,5.0,4.333333333333333,2.0,2.0
cfa3ad944b65295e6ef37da480dc1dabf2d448a6862a2202e70a76faf7e53540,exp06_b_zh_tokenizer_ablation,B001,zh_tokenizer_ablation,EN_LITERAL,hybrid_state,1,qwen3_next_80b_instruct,3,4.666666666666667,0.4507280982371009,4.666666666666667,4.0,4.666666666666667,4.666666666666667,5.0,5.0,4.666666666666667,4.666666666666667,5.0,4.666666666666667,5.0,2.0,1.3333333333333333
cfab141a1767bc02aec6cafdbf6312403f6ec8dc34e0fb69b3ff25e17ce68bab,exp06_b_zh_tokenizer_ablation,B001,zh_tokenizer_ablation,ZH_PINYIN,compressed,2,gemini_3_1_pro_preview,3,1.7435897435897436,0.2701449680218651,1.6666666666666667,2.0,1.3333333333333333,1.0,1.0,1.0,1.0,1.0,4.666666666666667,1.3333333333333333,4.0,4.333333333333333,5.0
cfcb1c593ac3dbf9ff348e278e8763b081c549c96422a95d7b5f22b7a9ed7f04,exp06_b_zh_tokenizer_ablation,B005,zh_tokenizer_ablation,EN_LITERAL,hybrid_state,1,grok_4_20_non_reasoning,3,3.3846153846153846,1.501478561226395,3.3333333333333335,3.3333333333333335,3.3333333333333335,3.3333333333333335,3.3333333333333335,3.6666666666666665,3.3333333333333335,3.0,4.333333333333333,3.3333333333333335,3.0,2.6666666666666665,2.6666666666666665
cffc9e24af616e3e8ef2ab4bb6831223e80940fe4354e2dd41d6072f3303e4a1,exp06_b_zh_tokenizer_ablation,B008,zh_tokenizer_ablation,EN_LITERAL,hybrid_state,3,gemini_3_1_pro_preview,3,2.307692307692308,0.4282895663715402,2.0,3.6666666666666665,2.0,1.3333333333333333,1.3333333333333333,1.6666666666666667,1.6666666666666667,1.6666666666666667,4.666666666666667,2.0,4.0,3.3333333333333335,4.666666666666667
d0294c50a2e9548191fc879ce6add819077ce6bef4d0a011f8e5f9bb98492b3a,exp06_a_hybrid_state_causal_handoff,A001,handoff_state,ZH,hybrid_state,2,gemini_3_1_pro_preview,3,1.4871794871794872,0.3108809141790293,1.6666666666666667,1.6666666666666667,1.0,1.0,1.0,1.0,1.0,1.0,3.6666666666666665,1.3333333333333333,2.6666666666666665,4.666666666666667,5.0
d068c7748cd9278ef916ca30441125f6281ef90cb571f497149cdedb4d06b8b1,exp06_a_hybrid_state_causal_handoff,A004,continuity_recovery,ZH,compressed,2,grok_4_20_non_reasoning,3,4.717948717948718,0.48852715085276005,4.666666666666667,5.0,4.666666666666667,4.333333333333333,4.666666666666667,4.666666666666667,4.666666666666667,4.666666666666667,5.0,4.666666666666667,5.0,1.0,1.6666666666666667
d0d84d180199c9bdebaaeb0cb6633bb6a1a0343a66d14a93fe2f52115e8e2706,exp06_a_hybrid_state_causal_handoff,A008,causal_claim,ES,hybrid_state,2,gemini_3_1_pro_preview,3,1.6410256410256412,0.11750194089630352,1.6666666666666667,2.3333333333333335,1.0,1.0,1.0,1.0,1.0,1.0,3.6666666666666665,1.0,4.333333333333333,4.666666666666667,5.0
d0f675fffcecfb6ccad1811638e0b34f6c8dd19ca3860d11ee5d490ec182cd56,exp06_b_zh_tokenizer_ablation,B004,zh_tokenizer_ablation,EN_LITERAL,compressed,2,gemini_3_1_pro_preview,3,1.6410256410256412,0.08882311833686544,1.0,2.0,1.0,1.0,1.0,1.0,1.0,1.0,4.666666666666667,1.0,4.333333333333333,4.666666666666667,5.0
d0ff25a66392f284d16ba0e838221fd198f0c1f6300874a864724fcd762b1998,exp06_a_hybrid_state_causal_handoff,A004,continuity_recovery,ES,hybrid_state,3,grok_4_20_non_reasoning,3,4.615384615384616,0.5384615384615384,4.666666666666667,4.0,4.666666666666667,4.666666666666667,4.666666666666667,5.0,4.666666666666667,4.666666666666667,5.0,4.666666666666667,4.666666666666667,2.0,1.3333333333333333
d10b41ed9440e963df87b8c5711d8297abe21207c031faa7d6d18400e493346e,exp06_a_hybrid_state_causal_handoff,A006,continuity_recovery,ES,hybrid_state,2,gemini_3_1_pro_preview,3,2.2820512820512824,0.19358549834027558,2.0,3.0,1.6666666666666667,1.3333333333333333,2.0,2.0,2.0,1.6666666666666667,4.333333333333333,1.6666666666666667,4.666666666666667,4.0,4.666666666666667
d10c0aae071d1d05fc29a4921e9ea65ddab5c31d79b12a39b99d54c4e2914ccd,exp06_b_zh_tokenizer_ablation,B004,zh_tokenizer_ablation,ZH,compressed,3,grok_4_20_non_reasoning,3,4.564102564102565,0.37945252787048056,4.333333333333333,4.666666666666667,4.333333333333333,4.666666666666667,4.333333333333333,4.666666666666667,5.0,4.333333333333333,4.333333333333333,4.666666666666667,4.666666666666667,1.6666666666666667,1.0
d12715a45d199bf468bf1d7aa1d04241986c2b5a8c7b4c2cad758f9f443bffdd,exp06_b_zh_tokenizer_ablation,B009,zh_tokenizer_ablation,EN_LITERAL,compressed,3,grok_4_20_non_reasoning,3,4.641025641025641,0.38717099668055127,4.666666666666667,4.666666666666667,4.0,4.333333333333333,5.0,4.666666666666667,5.0,4.333333333333333,4.666666666666667,5.0,5.0,1.6666666666666667,1.3333333333333333
d1587d5dd08ddb9967336c8cd7ab3da71c63417c0127394cbc4558106c6d6a4c,exp06_b_zh_tokenizer_ablation,B004,zh_tokenizer_ablation,ZH_PINYIN,hybrid_state,2,qwen3_next_80b_instruct,3,3.641025641025641,0.11750194089630361,4.0,3.6666666666666665,3.3333333333333335,4.0,4.0,4.0,4.0,3.0,5.0,3.3333333333333335,1.6666666666666667,2.6666666666666665,2.0
d1c4630ff8d8e1a619295b65d21588abb9f90bf76c16cd2c9b483124672eb54f,exp06_a_hybrid_state_causal_handoff,A002,handoff_state,ZH,hybrid_state,1,gemini_3_1_pro_preview,3,3.051282051282051,0.43740313100594813,3.0,4.333333333333333,2.6666666666666665,2.3333333333333335,3.0,2.3333333333333335,2.3333333333333335,2.3333333333333335,5.0,2.6666666666666665,4.666666666666667,2.6666666666666665,4.333333333333333
d1e52aba1225a5775da239995cd6e586750b6649c14052be4acf42c2262d85b4,exp06_a_hybrid_state_causal_handoff,A004,continuity_recovery,ES,hybrid_state,2,azure_gpt_5_5_instant,3,4.846153846153846,0.2035193316203534,5.0,4.666666666666667,5.0,4.666666666666667,5.0,5.0,4.666666666666667,5.0,4.666666666666667,5.0,5.0,1.3333333333333333,1.3333333333333333
d21647deb04ffd92ecd9fedb7e05eaf49031f5cec5f1d58103ec6ff22123af57,exp06_a_hybrid_state_causal_handoff,A004,continuity_recovery,ES,compressed,3,grok_4_20_non_reasoning,3,4.6923076923076925,0.5329387100211932,4.666666666666667,5.0,4.666666666666667,4.333333333333333,4.666666666666667,4.666666666666667,4.666666666666667,4.666666666666667,5.0,4.666666666666667,5.0,1.3333333333333333,1.6666666666666667
d21c26d6353781d0e4f81c51b28d6bfc0c7423656d599ca54a9459108540c2a7,exp06_a_hybrid_state_causal_handoff,A001,handoff_state,EN,hybrid_state,2,gemini_3_1_pro_preview,3,1.9487179487179487,0.46367029025705453,1.6666666666666667,2.6666666666666665,1.3333333333333333,1.3333333333333333,1.6666666666666667,1.3333333333333333,1.3333333333333333,1.3333333333333333,4.666666666666667,1.3333333333333333,3.6666666666666665,4.333333333333333,4.666666666666667
d22dbca2166fa98b1ffc42c949caf5ac427dac4e3a538459683bf536bd566a3d,exp06_a_hybrid_state_causal_handoff,A002,handoff_state,ZH,hybrid_state,2,gemini_3_1_pro_preview,3,1.1794871794871795,0.16012815380508713,1.0,1.6666666666666667,1.0,1.0,1.0,1.0,1.0,1.0,2.3333333333333335,1.0,1.0,4.666666666666667,5.0
d2337ae7fb591554b382670bedc4e867e3221a8818b234e52f23c9135f3b4e50,exp06_a_hybrid_state_causal_handoff,A001,handoff_state,EN,hybrid_state,2,azure_gpt_5_5_instant,3,4.41025641025641,0.38717099668055127,4.333333333333333,4.0,4.666666666666667,4.666666666666667,4.666666666666667,4.666666666666667,4.333333333333333,4.333333333333333,4.666666666666667,4.666666666666667,4.333333333333333,2.3333333333333335,1.6666666666666667
d262b5f456eef2504aa139e09107037c689852bd5524b7799f8e1c2fc5254ef1,exp06_a_hybrid_state_causal_handoff,A007,causal_claim,EN,compressed,1,gemini_3_1_pro_preview,3,2.2820512820512824,0.3871709966805514,1.6666666666666667,3.6666666666666665,1.6666666666666667,1.3333333333333333,1.6666666666666667,1.6666666666666667,1.3333333333333333,1.6666666666666667,5.0,1.6666666666666667,4.666666666666667,3.6666666666666665,4.666666666666667
d270c605868a59dc6a4970ee9574307c65c92df926a424bf713529724ddd7767,exp06_b_zh_tokenizer_ablation,B001,zh_tokenizer_ablation,ZH,hybrid_state,1,gemini_3_1_pro_preview,3,2.205128205128205,0.47000776358521434,2.3333333333333335,2.6666666666666665,1.6666666666666667,1.3333333333333333,1.6666666666666667,1.3333333333333333,1.6666666666666667,1.3333333333333333,5.0,1.6666666666666667,4.0,3.6666666666666665,4.333333333333333
d2a527f86a9abf583b99d8d0e6f1484a6a3e51098779dc6ddc9f16d2945da36b,exp06_b_zh_tokenizer_ablation,B007,zh_tokenizer_ablation,ZH,compressed,2,qwen3_next_80b_instruct,3,4.358974358974359,0.5670088304486148,4.333333333333333,4.0,4.333333333333333,4.333333333333333,4.333333333333333,4.333333333333333,4.0,4.333333333333333,5.0,4.333333333333333,5.0,2.0,1.6666666666666667
d2b3c443402157ab9052c9c9673be5150486b55584e157a89cfa98c2b82b05d3,exp06_b_zh_tokenizer_ablation,B002,zh_tokenizer_ablation,ZH_PINYIN,hybrid_state,2,grok_4_20_non_reasoning,3,4.487179487179487,0.4507280982371011,4.333333333333333,3.6666666666666665,4.333333333333333,4.666666666666667,5.0,4.666666666666667,4.333333333333333,4.666666666666667,5.0,5.0,4.666666666666667,2.3333333333333335,1.6666666666666667
d2c29c6496eda1dce92b2e24251bb9acffc6fe293ef4b7e8599f85ed0361f5dc,exp06_a_hybrid_state_causal_handoff,A012,continuity_recovery,ZH,compressed,1,qwen3_next_80b_instruct,3,4.615384615384616,0.3846153846153846,4.666666666666667,4.666666666666667,4.666666666666667,4.333333333333333,4.666666666666667,4.666666666666667,4.333333333333333,4.666666666666667,5.0,4.666666666666667,5.0,1.6666666666666667,1.6666666666666667
d2f805601b8da2da4e6991d16c9f73a15039cfc5b9399f2a7b539e490e8ed3da,exp06_b_zh_tokenizer_ablation,B004,zh_tokenizer_ablation,ZH_PINYIN,compressed,3,qwen3_next_80b_instruct,3,4.076923076923077,0.9230769230769231,4.0,4.0,4.0,4.0,4.0,3.6666666666666665,4.0,4.0,4.666666666666667,3.6666666666666665,5.0,2.0,2.0
d3033356a6115cc775d81209d5906d235e7879c5129a8fdb606bc69cee1f642a,exp06_a_hybrid_state_causal_handoff,A012,continuity_recovery,ZH,hybrid_state,1,azure_gpt_5_5_instant,3,4.794871794871795,0.23500388179260723,4.666666666666667,4.666666666666667,4.666666666666667,5.0,4.666666666666667,5.0,4.333333333333333,5.0,5.0,5.0,4.666666666666667,1.0,1.3333333333333333
d3721979f30542bf9d1a46791ea2a04fe237962cf7eb5fecd0db4ffbea7c13c9,exp06_a_hybrid_state_causal_handoff,A002,handoff_state,ZH,hybrid_state,3,qwen3_next_80b_instruct,3,4.717948717948718,0.3635242789425084,5.0,4.333333333333333,4.666666666666667,4.666666666666667,5.0,4.666666666666667,4.666666666666667,4.666666666666667,5.0,5.0,4.666666666666667,1.6666666666666667,1.3333333333333333
d372739ef475a7005bd1658760ac2cd828f829b38a2731912ecaab1a589aa146,exp06_b_zh_tokenizer_ablation,B008,zh_tokenizer_ablation,ZH,compressed,3,qwen3_next_80b_instruct,3,4.666666666666667,0.2912260690153986,4.333333333333333,5.0,4.666666666666667,4.666666666666667,5.0,4.666666666666667,4.333333333333333,4.333333333333333,5.0,4.666666666666667,5.0,1.3333333333333333,1.6666666666666667
d3acba6ca23611c143ebe3fa8ba17ce1bb559081d05c3d9433576b731275cc4d,exp06_a_hybrid_state_causal_handoff,A007,causal_claim,ES,hybrid_state,1,gemini_3_1_pro_preview,3,1.3076923076923077,0.2035193316203532,1.0,1.6666666666666667,1.0,1.0,1.0,1.0,1.3333333333333333,1.0,2.6666666666666665,1.0,2.3333333333333335,5.0,5.0
d3c0f794286498305cf69c268c3d1bd824e2f195f456528d9929b768bb722f2d,exp06_b_zh_tokenizer_ablation,B006,zh_tokenizer_ablation,EN_LITERAL,hybrid_state,2,grok_4_20_non_reasoning,3,4.794871794871795,0.19358549834027583,5.0,4.333333333333333,4.666666666666667,5.0,5.0,5.0,5.0,5.0,5.0,5.0,4.333333333333333,1.6666666666666667,1.3333333333333333
d3d1bbff792fdc91ff33a55a87994968c285ef479608eaabf780f7c1e2545142,exp06_b_zh_tokenizer_ablation,B003,zh_tokenizer_ablation,ZH_PINYIN,compressed,2,grok_4_20_non_reasoning,3,4.3076923076923075,0.48038446141526125,4.333333333333333,3.6666666666666665,4.333333333333333,4.333333333333333,4.666666666666667,4.333333333333333,4.0,4.333333333333333,4.666666666666667,4.333333333333333,4.333333333333333,2.0,1.3333333333333333
d3f6a6bd2a41a59180a57ea6c86b06ffe7fb90b2b9626445b87974f3b8271151,exp06_a_hybrid_state_causal_handoff,A007,causal_claim,EN,compressed,1,qwen3_next_80b_instruct,3,4.461538461538461,0.6296425209132653,4.666666666666667,4.333333333333333,4.666666666666667,4.0,4.333333333333333,4.666666666666667,4.0,4.666666666666667,5.0,4.666666666666667,5.0,2.0,2.0
d404af7ad0d6a0f93d2f5844b91efbc0d8d5f15e38675517091c87cf8adeb9f2,exp06_a_hybrid_state_causal_handoff,A006,continuity_recovery,ZH,hybrid_state,1,grok_4_20_non_reasoning,3,4.487179487179487,0.4507280982371011,4.666666666666667,3.6666666666666665,4.333333333333333,4.666666666666667,5.0,5.0,4.333333333333333,4.333333333333333,4.666666666666667,4.333333333333333,4.666666666666667,2.0,1.3333333333333333
d41e886a038f1dce4c0d104b264a6c63fa1917a19cf0ab0ca73a32dd4fd016c7,exp06_b_zh_tokenizer_ablation,B002,zh_tokenizer_ablation,EN_LITERAL,hybrid_state,3,qwen3_next_80b_instruct,3,3.7692307692307696,1.4411533842457844,4.0,2.6666666666666665,3.6666666666666665,4.333333333333333,4.666666666666667,3.6666666666666665,3.3333333333333335,3.3333333333333335,5.0,4.0,3.3333333333333335,2.6666666666666665,2.3333333333333335
d4547a89e4f608cf8be2605589eb404ceb251c2a10edfeb8f7a44ae6aa5a9dde,exp06_a_hybrid_state_causal_handoff,A007,causal_claim,ZH,compressed,3,grok_4_20_non_reasoning,3,4.948717948717949,0.0888231183368657,5.0,5.0,5.0,4.666666666666667,5.0,5.0,4.666666666666667,5.0,5.0,5.0,5.0,1.0,1.0
d48c2f3ae4243e0a8fbd09f061d0ffac4c6a8341f4eb77b3a182ea509832eff2,exp06_a_hybrid_state_causal_handoff,A007,causal_claim,ZH,compressed,3,gemini_3_1_pro_preview,3,1.9487179487179487,0.23500388179260714,1.6666666666666667,2.6666666666666665,1.6666666666666667,1.0,1.3333333333333333,1.3333333333333333,1.0,1.3333333333333333,4.333333333333333,1.3333333333333333,4.666666666666667,4.0,5.0
d4900f2582ef094ebfebcc3a90d605a12960b091688bef2983ec6cf11a4bc2d3,exp06_a_hybrid_state_causal_handoff,A012,continuity_recovery,ZH,compressed,1,grok_4_20_non_reasoning,3,4.384615384615384,0.5807564950208268,4.333333333333333,4.333333333333333,4.333333333333333,4.0,4.333333333333333,5.0,4.0,4.666666666666667,5.0,4.666666666666667,5.0,2.3333333333333335,2.3333333333333335
d4cd6e07f40546d9856fb13e9e52889fa7708bbbf913fdc2e8777dd9db8e77f6,exp06_a_hybrid_state_causal_handoff,A004,continuity_recovery,ES,hybrid_state,1,grok_4_20_non_reasoning,3,4.589743589743589,0.5824521380307973,4.666666666666667,4.0,4.666666666666667,4.666666666666667,4.666666666666667,4.666666666666667,4.666666666666667,4.666666666666667,5.0,4.666666666666667,4.666666666666667,2.0,1.3333333333333333
d4df92ed2767ee2331cf456af5e49766cca583aff7ddef50e8fdfdffe7fc0343,exp06_b_zh_tokenizer_ablation,B010,zh_tokenizer_ablation,EN_LITERAL,hybrid_state,1,qwen3_next_80b_instruct,3,4.41025641025641,0.4636702902570544,4.666666666666667,3.3333333333333335,4.333333333333333,4.666666666666667,4.666666666666667,4.666666666666667,4.666666666666667,4.333333333333333,4.666666666666667,4.666666666666667,4.666666666666667,2.3333333333333335,1.6666666666666667
d4ee095c708913d165996fe6ec9fe92d4603d797f91628a6c11acfee1bf2d75d,exp06_a_hybrid_state_causal_handoff,A004,continuity_recovery,ES,hybrid_state,2,grok_4_20_non_reasoning,3,4.846153846153846,0.2664693550105966,4.666666666666667,4.666666666666667,5.0,4.666666666666667,5.0,5.0,5.0,5.0,5.0,5.0,4.666666666666667,1.3333333333333333,1.3333333333333333
d5269039d0ebd0aca68d2361c5e0b35a3ce70985b3d794315fcdca0c2e071234,exp06_a_hybrid_state_causal_handoff,A001,handoff_state,ES,hybrid_state,2,grok_4_20_non_reasoning,3,4.461538461538462,0.5384615384615385,4.333333333333333,4.0,4.666666666666667,4.333333333333333,4.666666666666667,5.0,4.333333333333333,4.333333333333333,5.0,4.666666666666667,4.666666666666667,2.0,2.0
d52f06f47eaa5aae28fef3a96fd1fbf6c41e0b0caa3aff78479795993b0c3a2f,exp06_a_hybrid_state_causal_handoff,A010,auditability,ZH,hybrid_state,2,grok_4_20_non_reasoning,3,4.128205128205129,0.8152878510556228,4.0,3.6666666666666665,4.0,3.3333333333333335,4.333333333333333,4.333333333333333,4.333333333333333,4.333333333333333,5.0,4.333333333333333,4.666666666666667,2.3333333333333335,2.3333333333333335
d5634e9292398be99a732f2d433aa5599f5a2755508d61a6e100e73e21afadd3,exp06_a_hybrid_state_causal_handoff,A004,continuity_recovery,ZH,hybrid_state,1,gemini_3_1_pro_preview,3,1.6410256410256412,0.27014496802186516,1.6666666666666667,2.0,1.3333333333333333,1.0,1.0,1.3333333333333333,1.0,1.0,4.0,1.3333333333333333,3.3333333333333335,4.666666666666667,5.0
d56889fbb020c0e06ef163131c0fa01dd809b15df5185dac2dc2dbe0d61766b7,exp06_a_hybrid_state_causal_handoff,A001,handoff_state,EN,compressed,3,azure_gpt_5_5_instant,3,4.615384615384616,0.5384615384615384,4.666666666666667,4.666666666666667,4.666666666666667,4.666666666666667,4.666666666666667,4.666666666666667,4.333333333333333,4.666666666666667,4.666666666666667,4.666666666666667,4.666666666666667,1.6666666666666667,1.3333333333333333
d5763b16627ed16fd6b59ea1e2e4197078c3a85ff106f83dd2ce455838bedffb,exp06_a_hybrid_state_causal_handoff,A008,causal_claim,ES,compressed,1,grok_4_20_non_reasoning,3,4.871794871794871,0.22205779584216398,5.0,5.0,4.666666666666667,4.666666666666667,5.0,5.0,5.0,5.0,5.0,4.666666666666667,5.0,1.3333333333333333,1.3333333333333333
d5782267ff20141ea7c31121561400885df309fc7bb566254135d8fd2f455e67,exp06_a_hybrid_state_causal_handoff,A002,handoff_state,EN,hybrid_state,1,grok_4_20_non_reasoning,3,4.3076923076923075,0.733799385705343,4.666666666666667,3.3333333333333335,4.0,4.666666666666667,5.0,4.333333333333333,4.666666666666667,4.0,5.0,4.333333333333333,4.0,2.3333333333333335,1.6666666666666667
d58e0859fb94926d5733edcda79d82efe5ce100597f86ca01bdd9e7a95a38bbf,exp06_b_zh_tokenizer_ablation,B006,zh_tokenizer_ablation,ES_LITERAL,compressed,3,grok_4_20_non_reasoning,3,4.846153846153846,0.2664693550105966,5.0,5.0,4.666666666666667,4.666666666666667,5.0,4.666666666666667,4.666666666666667,4.666666666666667,5.0,5.0,5.0,1.0,1.3333333333333333
d5acd178237326833236924c7790967cf5d4a9ce501bb939622f2681c4af3a53,exp06_a_hybrid_state_causal_handoff,A008,causal_claim,EN,compressed,2,qwen3_next_80b_instruct,3,4.6923076923076925,0.2773500981126146,4.666666666666667,4.666666666666667,4.666666666666667,4.333333333333333,5.0,5.0,4.666666666666667,4.666666666666667,5.0,5.0,5.0,1.6666666666666667,2.0
d5bfb37734aa2f455ab8400a7352c4ff1f2210ebbcc1d17859a24ea337d629a0,exp06_a_hybrid_state_causal_handoff,A011,handoff_state,ZH,hybrid_state,2,grok_4_20_non_reasoning,3,3.9230769230769234,1.259285041826531,4.0,3.6666666666666665,3.6666666666666665,3.6666666666666665,4.0,4.333333333333333,3.6666666666666665,3.6666666666666665,5.0,4.333333333333333,4.333333333333333,2.6666666666666665,2.6666666666666665
d5c48fa3545abf7e7462ade542bd832ed4fbf541d86f2c3600eeb783e13fcb40,exp06_a_hybrid_state_causal_handoff,A002,handoff_state,ES,hybrid_state,3,qwen3_next_80b_instruct,3,4.6923076923076925,0.40703866324070614,4.666666666666667,4.0,4.666666666666667,5.0,5.0,5.0,4.666666666666667,4.666666666666667,5.0,4.666666666666667,4.666666666666667,1.6666666666666667,1.3333333333333333
d5cb1cb9e9bd98e8407383a193d9417a6112b41fc0ec139011fd0562ba918066,exp06_a_hybrid_state_causal_handoff,A003,handoff_state,ES,compressed,3,gemini_3_1_pro_preview,3,1.3333333333333333,0.29122606901539866,1.0,1.6666666666666667,1.0,1.0,1.0,1.0,1.0,1.0,3.3333333333333335,1.0,1.3333333333333333,4.0,5.0
d5df46ede98e36592e1692df96d75aaa6646ddaf4910d65bf2ac341d9a78f879,exp06_a_hybrid_state_causal_handoff,A005,continuity_recovery,EN,compressed,2,gemini_3_1_pro_preview,3,1.6410256410256412,0.24727309643571685,1.3333333333333333,1.6666666666666667,1.0,1.0,1.0,1.0,1.3333333333333333,1.0,3.6666666666666665,1.0,4.666666666666667,4.333333333333333,5.0
d608fadc8084723e0f0b5e1b140c5a571837a7fdaa44ec93f40affdec770667c,exp06_b_zh_tokenizer_ablation,B004,zh_tokenizer_ablation,ES_LITERAL,compressed,2,qwen3_next_80b_instruct,3,4.743589743589744,0.3794525278704807,4.666666666666667,5.0,4.666666666666667,4.333333333333333,4.666666666666667,4.666666666666667,4.666666666666667,4.666666666666667,5.0,5.0,5.0,1.3333333333333333,1.3333333333333333
d666cde002667da5f0ac7b52d32e1148b6ef56be342a5a1bfbc9a45720fe2f1b,exp06_b_zh_tokenizer_ablation,B001,zh_tokenizer_ablation,EN_LITERAL,compressed,1,grok_4_20_non_reasoning,3,4.897435897435898,0.1776462366737309,5.0,4.666666666666667,5.0,5.0,5.0,5.0,4.666666666666667,5.0,5.0,5.0,5.0,1.3333333333333333,1.3333333333333333
d6c0c3e7e1ee9f8ad7bae2bee19f40070848f7e6afc2c33a78696848f213bd06,exp06_b_zh_tokenizer_ablation,B009,zh_tokenizer_ablation,EN_LITERAL,hybrid_state,2,gemini_3_1_pro_preview,3,1.7692307692307692,0.5044183480232307,1.0,1.6666666666666667,1.0,1.0,2.6666666666666665,2.0,1.3333333333333333,1.3333333333333333,4.333333333333333,1.3333333333333333,2.6666666666666665,4.333333333333333,5.0
d6d071f656d47eeb82714d2808fe6dcefb4f122d6c274e1cb86daec27731deeb,exp06_a_hybrid_state_causal_handoff,A005,continuity_recovery,ES,compressed,2,gemini_3_1_pro_preview,3,1.846153846153846,0.2035193316203531,1.6666666666666667,3.0,1.0,1.0,1.0,1.0,1.0,1.0,4.666666666666667,1.0,4.333333333333333,3.6666666666666665,5.0
d6ddd4242a70203159b7c3fe154db64ec49cb9c53096a7d3fa257ee17fa32cc6,exp06_b_zh_tokenizer_ablation,B008,zh_tokenizer_ablation,EN_LITERAL,compressed,1,gemini_3_1_pro_preview,3,2.4615384615384617,0.2773500981126145,2.0,3.6666666666666665,2.0,1.3333333333333333,1.3333333333333333,2.0,1.3333333333333333,2.0,5.0,2.3333333333333335,5.0,3.3333333333333335,4.666666666666667
d6ead0a53386264de412234034c56d4d819e1ea19fe6544d26e201cc625e6950,exp06_a_hybrid_state_causal_handoff,A009,auditability,ZH,hybrid_state,2,grok_4_20_non_reasoning,3,4.230769230769231,0.554700196225229,3.6666666666666665,4.333333333333333,2.6666666666666665,2.3333333333333335,5.0,5.0,5.0,5.0,5.0,4.666666666666667,4.666666666666667,1.3333333333333333,3.0
d6f4da41fecce1ba139bf78ab36f0f481ebd361fd8deb7a502fc4642459471d2,exp06_a_hybrid_state_causal_handoff,A012,continuity_recovery,ZH,compressed,2,gemini_3_1_pro_preview,3,2.2051282051282053,0.2701449680218651,2.0,3.0,1.6666666666666667,1.0,1.3333333333333333,2.0,1.3333333333333333,1.6666666666666667,5.0,1.6666666666666667,4.666666666666667,4.0,4.666666666666667
d6fc92c0369d6e957031cf822fca57a191f6c11eb0e6e0349494176f6a1dd770,exp06_a_hybrid_state_causal_handoff,A003,handoff_state,ZH,hybrid_state,2,gemini_3_1_pro_preview,3,1.3333333333333333,0.23500388179260723,1.0,1.6666666666666667,1.0,1.0,1.3333333333333333,1.0,1.0,1.0,3.0,1.0,2.3333333333333335,5.0,5.0
d712f055c0799b25c033e4272911772fef46d7ed1cf577583a300c27405ed640,exp06_a_hybrid_state_causal_handoff,A011,handoff_state,ES,compressed,3,azure_gpt_5_5_instant,3,4.923076923076923,0.1332346775052983,5.0,5.0,5.0,5.0,4.666666666666667,5.0,4.666666666666667,5.0,5.0,5.0,5.0,1.0,1.3333333333333333
d72e0f8b8b0cc1b2af6575a0a2047e3384ae83cfa2d70d219186cda09ed6bb4b,exp06_a_hybrid_state_causal_handoff,A012,continuity_recovery,EN,compressed,3,qwen3_next_80b_instruct,3,4.564102564102565,0.36352427894250805,4.666666666666667,4.666666666666667,4.333333333333333,4.0,5.0,4.666666666666667,4.333333333333333,4.666666666666667,5.0,4.666666666666667,5.0,1.3333333333333333,2.3333333333333335
d76374e66e23a5f8d1a5b71964545ada3bfbac74527251af1ac04835d1c51680,exp06_b_zh_tokenizer_ablation,B009,zh_tokenizer_ablation,ZH_PINYIN,compressed,2,qwen3_next_80b_instruct,3,2.692307692307692,1.0851335368973758,3.0,3.3333333333333335,2.6666666666666665,2.3333333333333335,2.6666666666666665,2.6666666666666665,2.3333333333333335,2.6666666666666665,4.0,2.6666666666666665,1.6666666666666667,3.3333333333333335,3.6666666666666665
d765b03801562c6eae1810db51cad469e46a7336d843a91de3d63faa7a37fb16,exp06_a_hybrid_state_causal_handoff,A001,handoff_state,EN,compressed,3,qwen3_next_80b_instruct,3,4.384615384615384,0.5384615384615384,4.333333333333333,4.666666666666667,4.333333333333333,4.0,4.333333333333333,4.333333333333333,4.333333333333333,4.333333333333333,4.666666666666667,4.333333333333333,4.666666666666667,1.6666666666666667,1.6666666666666667
d766bb684b885ff703f54bf04d01a642cee7c0ed994c9e00e1fc38fea01942ae,exp06_a_hybrid_state_causal_handoff,A003,handoff_state,ZH,compressed,2,grok_4_20_non_reasoning,3,5.0,0.0,5.0,5.0,5.0,5.0,5.0,5.0,5.0,5.0,5.0,5.0,5.0,1.0,1.0
d76dc9875d023cdc99a09ccb0363f9d1089ed0b75770fb08d535c085f2154624,exp06_a_hybrid_state_causal_handoff,A008,causal_claim,ES,compressed,3,grok_4_20_non_reasoning,3,4.743589743589744,0.44411559168432746,5.0,5.0,4.666666666666667,4.666666666666667,4.666666666666667,4.666666666666667,4.666666666666667,4.666666666666667,5.0,4.666666666666667,5.0,1.3333333333333333,1.6666666666666667
d786a1238d2649adaadf5061f81110135f8d18f5de01d298685d539fe2fd2991,exp06_b_zh_tokenizer_ablation,B006,zh_tokenizer_ablation,ES_LITERAL,hybrid_state,3,qwen3_next_80b_instruct,3,4.17948717948718,0.8473185457363235,4.0,3.3333333333333335,4.0,4.333333333333333,5.0,4.666666666666667,4.666666666666667,4.333333333333333,5.0,4.666666666666667,3.3333333333333335,2.6666666666666665,2.3333333333333335
d8372bf910f1df767d551897e052143f511b4e122c118d5e8698abbdf963a16e,exp06_a_hybrid_state_causal_handoff,A010,auditability,ES,compressed,3,grok_4_20_non_reasoning,3,4.846153846153846,0.2664693550105966,5.0,4.666666666666667,4.666666666666667,5.0,5.0,4.666666666666667,5.0,4.666666666666667,5.0,5.0,5.0,1.3333333333333333,1.3333333333333333
d83eb5177f0326814e40ec695dc0d266106b8c33dea6eda38f1dd65e397c71e1,exp06_b_zh_tokenizer_ablation,B010,zh_tokenizer_ablation,EN_LITERAL,hybrid_state,2,gemini_3_1_pro_preview,3,2.8205128205128207,0.8915558282417287,2.6666666666666665,3.3333333333333335,2.6666666666666665,1.6666666666666667,3.0,2.6666666666666665,2.6666666666666665,2.6666666666666665,4.666666666666667,2.6666666666666665,3.3333333333333335,3.3333333333333335,4.0
d842211a494b74439ed8b88d69501eaba537fd7d89699189930ca6426b28cf50,exp06_b_zh_tokenizer_ablation,B004,zh_tokenizer_ablation,ZH,compressed,1,grok_4_20_non_reasoning,3,4.794871794871795,0.23500388179260723,4.666666666666667,5.0,4.666666666666667,4.666666666666667,5.0,4.666666666666667,5.0,4.666666666666667,4.0,5.0,5.0,1.0,1.0
d867395d5596214136607469abacae845a75e937ef7a5650eec1caac35364a47,exp06_b_zh_tokenizer_ablation,B002,zh_tokenizer_ablation,ZH,compressed,3,gemini_3_1_pro_preview,3,1.2307692307692308,0.27735009811261463,1.0,1.3333333333333333,1.0,1.0,1.0,1.0,1.0,1.0,2.0,1.0,2.3333333333333335,4.666666666666667,5.0
d86e0b587790603e71c14f99a7190e8b219c9e5dd2dc8f21ae4d7b20b5855f18,exp06_a_hybrid_state_causal_handoff,A003,handoff_state,EN,compressed,3,azure_gpt_5_5_instant,3,5.0,0.0,5.0,5.0,5.0,5.0,5.0,5.0,5.0,5.0,5.0,5.0,5.0,1.0,1.0
d88897fdf35f74258067b37ca6f373c77f179490dd32abebba95bedf64347419,exp06_b_zh_tokenizer_ablation,B004,zh_tokenizer_ablation,ES_LITERAL,hybrid_state,2,qwen3_next_80b_instruct,3,4.230769230769231,0.7337993857053429,4.333333333333333,3.6666666666666665,4.0,4.333333333333333,4.666666666666667,4.0,4.333333333333333,4.0,5.0,4.333333333333333,4.333333333333333,2.3333333333333335,1.6666666666666667
d8c51d7c7b17683f0e8272842a5c5177405225539d409687c768f065f9bfb040,exp06_b_zh_tokenizer_ablation,B010,zh_tokenizer_ablation,ZH_PINYIN,hybrid_state,2,grok_4_20_non_reasoning,3,4.358974358974359,0.6542231190857986,4.333333333333333,4.0,4.0,4.0,4.666666666666667,4.666666666666667,4.333333333333333,4.333333333333333,5.0,4.666666666666667,4.666666666666667,2.0,2.0
d8ce5d8c61adc4d87abe7aef157bfdb7ab8b7b0714cc6a8cbd0455122161b317,exp06_a_hybrid_state_causal_handoff,A006,continuity_recovery,ZH,compressed,3,azure_gpt_5_5_instant,3,4.923076923076923,0.0769230769230771,5.0,5.0,5.0,5.0,5.0,5.0,4.666666666666667,5.0,4.333333333333333,5.0,5.0,1.0,1.0
d8ec3a149187cb12e7d37ddcb277264d7811405f02eb6a41bc1350306b1d5eb8,exp06_a_hybrid_state_causal_handoff,A010,auditability,ES,hybrid_state,3,qwen3_next_80b_instruct,3,4.051282051282051,0.9241446815866718,4.333333333333333,3.6666666666666665,4.0,3.6666666666666665,4.333333333333333,4.0,3.6666666666666665,4.0,5.0,4.0,4.666666666666667,2.3333333333333335,2.3333333333333335
d9578e425589e1d1a43dc2db1311c5ced859aa7a36ba0a96237f318885414386,exp06_b_zh_tokenizer_ablation,B008,zh_tokenizer_ablation,ES_LITERAL,compressed,3,gemini_3_1_pro_preview,3,2.3846153846153846,0.15384615384615374,2.0,3.6666666666666665,2.0,1.0,1.3333333333333333,2.0,1.6666666666666667,1.6666666666666667,5.0,1.3333333333333333,5.0,3.3333333333333335,4.333333333333333
d989c06beba92ff0d08cfd92d69b4f7406c94b73e664d88c0a3b5355088d9b6a,exp06_b_zh_tokenizer_ablation,B007,zh_tokenizer_ablation,EN_LITERAL,compressed,1,grok_4_20_non_reasoning,3,4.666666666666667,0.4507280982371009,4.666666666666667,4.333333333333333,4.666666666666667,4.666666666666667,4.666666666666667,5.0,4.333333333333333,4.666666666666667,5.0,5.0,4.333333333333333,1.3333333333333333,1.3333333333333333
d9cc18cd847246f226e62074f2ce183ed94f19ec634b3cea0e1fc3e1b4c027b6,exp06_b_zh_tokenizer_ablation,B005,zh_tokenizer_ablation,ZH_PINYIN,hybrid_state,2,qwen3_next_80b_instruct,3,4.102564102564102,0.8225135862741252,4.0,3.6666666666666665,4.0,4.0,4.0,4.333333333333333,3.6666666666666665,4.0,5.0,4.333333333333333,5.0,2.3333333333333335,2.3333333333333335
da7bc4eaf78e1d8869b316bda4967783949c0c48e227e93914ccd5fe871209a7,exp06_b_zh_tokenizer_ablation,B002,zh_tokenizer_ablation,ZH_PINYIN,hybrid_state,3,grok_4_20_non_reasoning,3,4.717948717948718,0.310880914179029,4.666666666666667,4.0,4.666666666666667,4.666666666666667,5.0,5.0,4.666666666666667,5.0,5.0,5.0,4.666666666666667,1.6666666666666667,1.3333333333333333
daa2b958aeb9278073cd111e4d03a693986de5044ff92da98a8127e67bf40f41,exp06_a_hybrid_state_causal_handoff,A003,handoff_state,ES,hybrid_state,1,qwen3_next_80b_instruct,3,4.230769230769231,0.670599837467796,4.333333333333333,3.6666666666666665,4.333333333333333,3.6666666666666665,5.0,4.333333333333333,4.0,4.333333333333333,5.0,4.333333333333333,4.333333333333333,2.0,2.3333333333333335
dac761648e47721064f62e78235de85a887fca3f5b831bf4d478c067094d2cb4,exp06_b_zh_tokenizer_ablation,B008,zh_tokenizer_ablation,ZH,hybrid_state,1,qwen3_next_80b_instruct,3,4.538461538461538,0.4615384615384617,4.666666666666667,4.0,4.333333333333333,4.666666666666667,5.0,4.333333333333333,4.666666666666667,4.333333333333333,5.0,5.0,4.333333333333333,2.0,1.3333333333333333
dae09920a779eff21d4873f7bbebb9957b806e2beb6a782c0f4188f0e2a930e4,exp06_a_hybrid_state_causal_handoff,A002,handoff_state,EN,hybrid_state,2,azure_gpt_5_5_instant,3,4.948717948717949,0.0888231183368657,5.0,4.666666666666667,5.0,5.0,5.0,5.0,5.0,5.0,5.0,5.0,5.0,1.3333333333333333,1.0
daf1baf171d6851b13d2f397c5d9914e7ee7ee3a704da5fc9e4e31d73afaac61,exp06_a_hybrid_state_causal_handoff,A006,continuity_recovery,ZH,hybrid_state,3,qwen3_next_80b_instruct,3,4.58974358974359,0.47000776358521457,4.333333333333333,4.0,4.666666666666667,4.666666666666667,5.0,5.0,4.666666666666667,4.666666666666667,5.0,4.666666666666667,4.666666666666667,2.0,1.6666666666666667
daf6d3bf405b05877c411ebd8bc785f4a5facba0df55a34b75ea39691b752770,exp06_a_hybrid_state_causal_handoff,A006,continuity_recovery,ZH,hybrid_state,1,gemini_3_1_pro_preview,3,2.6666666666666665,0.4636702902570544,2.3333333333333335,3.6666666666666665,2.3333333333333335,1.6666666666666667,2.6666666666666665,2.3333333333333335,2.0,2.3333333333333335,4.666666666666667,1.6666666666666667,4.666666666666667,3.3333333333333335,4.333333333333333
db602b97d8c6a4a43e3281d309b908087c0173c914c540a727cb40009b23f41f,exp06_a_hybrid_state_causal_handoff,A003,handoff_state,ZH,compressed,1,gemini_3_1_pro_preview,3,1.5897435897435896,0.5121790860368765,1.6666666666666667,2.0,1.0,1.0,1.6666666666666667,1.0,1.0,1.0,3.6666666666666665,1.0,3.0,4.333333333333333,5.0
db963a156bb88f709f683040e52456765eb4de6a80d51097c6c6f465b1dc4a19,exp06_a_hybrid_state_causal_handoff,A006,continuity_recovery,ZH,hybrid_state,1,qwen3_next_80b_instruct,3,4.0256410256410255,0.8981681993916407,4.0,3.3333333333333335,4.0,4.0,4.333333333333333,4.333333333333333,4.0,3.6666666666666665,5.0,4.0,4.333333333333333,2.6666666666666665,2.0
dbc5befeb82a8a67ac8b262affb87e539877e014d4bb6e19a27f37c9a4af9d06,exp06_b_zh_tokenizer_ablation,B005,zh_tokenizer_ablation,EN_LITERAL,compressed,1,grok_4_20_non_reasoning,3,4.435897435897435,0.9770543017055207,4.333333333333333,4.666666666666667,4.333333333333333,4.666666666666667,4.0,4.333333333333333,4.0,4.333333333333333,5.0,4.333333333333333,5.0,1.3333333333333333,2.0
dbd27087c8c6b7e87d8f0de3fd6e23d95c90f1618027e202e4d7bee898891786,exp06_a_hybrid_state_causal_handoff,A010,auditability,ES,hybrid_state,1,azure_gpt_5_5_instant,3,4.923076923076923,0.0769230769230771,5.0,4.666666666666667,5.0,5.0,5.0,5.0,5.0,5.0,4.666666666666667,5.0,5.0,1.3333333333333333,1.0
dcae737baa8171465338ab66dbfc14b0db43b49e5790a467da422a25434c2c8b,exp06_a_hybrid_state_causal_handoff,A012,continuity_recovery,ES,hybrid_state,2,qwen3_next_80b_instruct,3,4.435897435897436,0.5773502691896257,4.333333333333333,4.0,4.666666666666667,4.0,4.666666666666667,4.666666666666667,4.333333333333333,4.333333333333333,5.0,4.666666666666667,5.0,2.0,2.0
dd373e55fa0f17849c6e27a52dffdb5cb3ccbc5cf9f875f1a585845fd42c8233,exp06_b_zh_tokenizer_ablation,B010,zh_tokenizer_ablation,ZH,compressed,1,qwen3_next_80b_instruct,3,4.82051282051282,0.3108809141790292,5.0,4.666666666666667,4.666666666666667,4.666666666666667,5.0,5.0,4.666666666666667,4.666666666666667,5.0,5.0,5.0,1.3333333333333333,1.3333333333333333
dd8d254eddfa9fd203938f9825df2033bdbdc5392847642b8ea05061922ebf69,exp06_b_zh_tokenizer_ablation,B001,zh_tokenizer_ablation,ZH_PINYIN,compressed,1,gemini_3_1_pro_preview,3,1.6666666666666667,0.29122606901539866,1.6666666666666667,2.0,1.3333333333333333,1.0,1.0,1.0,1.0,1.0,3.6666666666666665,1.3333333333333333,4.0,4.333333333333333,5.0
dd9c82350c851e507f0b9ace20b61f168998ca7ce24c6b1e5d6306a80ea7492a,exp06_a_hybrid_state_causal_handoff,A012,continuity_recovery,EN,hybrid_state,3,qwen3_next_80b_instruct,3,4.538461538461538,0.5547001962252293,4.666666666666667,4.333333333333333,4.666666666666667,4.0,4.666666666666667,4.666666666666667,4.666666666666667,4.666666666666667,5.0,4.666666666666667,5.0,2.0,2.0
ddbb1f64f452f04df31e623dc3f84ae0ceac58880c11f6399ef1fc6e36f9d8ba,exp06_b_zh_tokenizer_ablation,B010,zh_tokenizer_ablation,ZH_PINYIN,hybrid_state,3,grok_4_20_non_reasoning,3,4.564102564102565,0.4236592728681615,4.333333333333333,4.333333333333333,4.666666666666667,4.333333333333333,4.666666666666667,4.666666666666667,4.333333333333333,4.666666666666667,5.0,4.666666666666667,5.0,1.6666666666666667,1.6666666666666667
ddc78c88236b648cf1ce1641efbf03e515a298942c155387f89ade3c8a810579,exp06_a_hybrid_state_causal_handoff,A006,continuity_recovery,ES,compressed,1,gemini_3_1_pro_preview,3,2.205128205128205,0.888231183368655,2.3333333333333335,2.3333333333333335,1.6666666666666667,1.3333333333333333,1.6666666666666667,2.3333333333333335,1.3333333333333333,1.6666666666666667,5.0,1.6666666666666667,4.333333333333333,4.333333333333333,4.666666666666667
ddeb68ec9df7c2c2b3017e9ae7d7be8a57aca438902a57e7fad4a529b57e3ed6,exp06_b_zh_tokenizer_ablation,B008,zh_tokenizer_ablation,ZH_PINYIN,compressed,3,gemini_3_1_pro_preview,3,1.6410256410256412,0.04441155916843272,1.6666666666666667,2.0,1.0,1.0,1.0,1.0,1.3333333333333333,1.0,3.6666666666666665,1.6666666666666667,3.6666666666666665,4.666666666666667,5.0
de1dca61afb1000bd663529ee59af1368f3d248c50c997a45417468161d3f538,exp06_a_hybrid_state_causal_handoff,A004,continuity_recovery,ES,hybrid_state,1,azure_gpt_5_5_instant,3,4.948717948717949,0.0888231183368657,5.0,4.666666666666667,5.0,5.0,5.0,5.0,5.0,5.0,5.0,5.0,5.0,1.3333333333333333,1.0
de3d7b474bd84ef4fa6cee6324f61893138a2505b188be5361e80c908872b20f,exp06_a_hybrid_state_causal_handoff,A001,handoff_state,ES,hybrid_state,1,qwen3_next_80b_instruct,3,4.769230769230769,0.27735009811261446,4.666666666666667,4.333333333333333,5.0,5.0,5.0,4.666666666666667,5.0,4.666666666666667,5.0,4.666666666666667,5.0,1.6666666666666667,1.3333333333333333
de800b3a1661e1bf40d43a9c8cffbe1ee52fd333c704bd1475406d6fee28bc4a,exp06_b_zh_tokenizer_ablation,B006,zh_tokenizer_ablation,ZH,hybrid_state,2,gemini_3_1_pro_preview,3,2.358974358974359,0.16012815380508708,1.6666666666666667,2.6666666666666665,1.0,1.0,3.3333333333333335,2.6666666666666665,2.0,1.6666666666666667,5.0,2.6666666666666665,4.0,4.0,5.0
df5e4bf4c0baaeb6642ce938273e3955c50a34c4b80824d35e4e767f09c9ebcc,exp06_a_hybrid_state_causal_handoff,A008,causal_claim,EN,hybrid_state,2,azure_gpt_5_5_instant,3,4.794871794871795,0.19358549834027583,5.0,4.333333333333333,5.0,4.666666666666667,5.0,5.0,4.333333333333333,5.0,5.0,5.0,5.0,1.6666666666666667,1.3333333333333333
dfaa46b0f4579e5b1aa2386f201b28be7bc9cb455e8d781b45068d85c34f0f0e,exp06_a_hybrid_state_causal_handoff,A001,handoff_state,ZH,hybrid_state,3,grok_4_20_non_reasoning,3,4.538461538461538,0.6105579948610593,4.666666666666667,4.333333333333333,4.666666666666667,4.333333333333333,4.333333333333333,4.666666666666667,4.0,4.666666666666667,5.0,4.666666666666667,5.0,1.6666666666666667,1.6666666666666667
dfc38dfae00ab79622a7fee4d7e303bf35c2764d884fa8a397e2d7f546354621,exp06_b_zh_tokenizer_ablation,B007,zh_tokenizer_ablation,ZH,compressed,1,qwen3_next_80b_instruct,3,3.8974358974358974,1.2023973423275236,3.6666666666666665,4.333333333333333,3.6666666666666665,4.0,3.6666666666666665,3.6666666666666665,3.6666666666666665,3.6666666666666665,4.666666666666667,3.6666666666666665,5.0,2.6666666666666665,2.3333333333333335
dfda0d3c59c1fa09f8e28f11fe73b20dbc424437e249d9054aa5da522fe5f03e,exp06_b_zh_tokenizer_ablation,B008,zh_tokenizer_ablation,ZH_PINYIN,compressed,2,gemini_3_1_pro_preview,3,1.8974358974358976,0.16012815380508724,2.0,2.3333333333333335,1.3333333333333333,1.0,1.0,1.0,1.0,1.3333333333333333,5.0,1.6666666666666667,4.333333333333333,4.333333333333333,5.0
dfedee50d2bda8d34bac73586101e2ab7adda6507d8100bd1e648f722671ddc0,exp06_a_hybrid_state_causal_handoff,A002,handoff_state,ZH,hybrid_state,3,gemini_3_1_pro_preview,3,1.6410256410256412,0.7781533797688983,1.3333333333333333,1.6666666666666667,1.3333333333333333,1.3333333333333333,1.3333333333333333,1.3333333333333333,1.3333333333333333,1.3333333333333333,3.0,1.6666666666666667,2.6666666666666665,4.333333333333333,4.666666666666667
dffd0fca1301f86ed38bf517589a156293bcc10b511853345bb4d8ef82236950,exp06_b_zh_tokenizer_ablation,B007,zh_tokenizer_ablation,EN_LITERAL,hybrid_state,3,qwen3_next_80b_instruct,3,3.8461538461538463,1.386750490563073,4.0,3.0,3.6666666666666665,4.333333333333333,4.333333333333333,4.333333333333333,3.6666666666666665,3.6666666666666665,5.0,3.6666666666666665,3.3333333333333335,2.6666666666666665,2.3333333333333335
e013243cdda328ad58cb6499c3f028a7a67c25e630b390db0ce6c731a2994bbb,exp06_b_zh_tokenizer_ablation,B004,zh_tokenizer_ablation,EN_LITERAL,compressed,3,gemini_3_1_pro_preview,3,1.564102564102564,0.04441155916843272,1.0,2.0,1.0,1.0,1.0,1.0,1.0,1.0,4.0,1.0,4.0,4.666666666666667,5.0
e03bc55570cadba888ca0103b9ab009535c0b40d22c2292d5dfe7c7d9333aee2,exp06_b_zh_tokenizer_ablation,B005,zh_tokenizer_ablation,ES_LITERAL,compressed,2,grok_4_20_non_reasoning,3,4.564102564102565,0.6894528030640387,4.666666666666667,4.666666666666667,4.666666666666667,4.666666666666667,4.333333333333333,4.666666666666667,4.0,4.666666666666667,5.0,4.666666666666667,4.333333333333333,1.3333333333333333,1.6666666666666667
e06859d419e5e4fc0783a996557591f51bfee2be5189ff541efb5da672064368,exp06_a_hybrid_state_causal_handoff,A008,causal_claim,ZH,hybrid_state,2,qwen3_next_80b_instruct,3,4.6923076923076925,0.3076923076923075,4.666666666666667,4.0,4.666666666666667,4.333333333333333,5.0,5.0,4.666666666666667,5.0,5.0,5.0,5.0,2.0,1.3333333333333333
e0bca324afc42bfe2ebc1a800f1a40900367491a34e1d6612eff3716e13e64a9,exp06_a_hybrid_state_causal_handoff,A006,continuity_recovery,ES,hybrid_state,1,azure_gpt_5_5_instant,3,4.948717948717949,0.0888231183368657,5.0,4.666666666666667,5.0,5.0,5.0,5.0,5.0,5.0,5.0,5.0,5.0,1.3333333333333333,1.0
e0c1d6a9b0b2943d18749d35667be72f2ff6b00916acc3a3232b0421f3976f6f,exp06_b_zh_tokenizer_ablation,B006,zh_tokenizer_ablation,ZH,hybrid_state,3,grok_4_20_non_reasoning,3,4.58974358974359,0.4236592728681615,4.666666666666667,4.0,4.666666666666667,4.666666666666667,5.0,5.0,4.333333333333333,4.666666666666667,5.0,4.666666666666667,4.666666666666667,2.0,1.6666666666666667
e0ced94249965317d20b04ded70525890f4b7ec00364e0c2e8074fe5c7968d0f,exp06_a_hybrid_state_causal_handoff,A007,causal_claim,ES,compressed,3,gemini_3_1_pro_preview,3,1.5384615384615383,0.07692307692307698,1.3333333333333333,1.3333333333333333,1.0,1.0,1.0,1.0,1.3333333333333333,1.0,3.3333333333333335,1.0,4.333333333333333,4.666666666666667,5.0
e0d0d5e50eb177690595e5200c9e4e16427b6098f6c2e8bc21336c4ce171eebf,exp06_b_zh_tokenizer_ablation,B010,zh_tokenizer_ablation,EN_LITERAL,hybrid_state,1,gemini_3_1_pro_preview,3,2.0256410256410255,0.3635242789425082,1.3333333333333333,2.6666666666666665,1.3333333333333333,1.3333333333333333,2.0,2.0,1.6666666666666667,1.3333333333333333,4.666666666666667,1.6666666666666667,3.3333333333333335,4.333333333333333,4.666666666666667
e0f3c3da92be32443fe33999cd3e9ef103d28ede0379059198e5a913c0cb8cd2,exp06_a_hybrid_state_causal_handoff,A007,causal_claim,ES,compressed,2,azure_gpt_5_5_instant,3,4.923076923076923,0.0769230769230771,5.0,5.0,4.666666666666667,5.0,5.0,5.0,5.0,5.0,4.333333333333333,5.0,5.0,1.0,1.0
e0f5f83a1089286c74972016bd6badcf414013cb1dd429ce9cb2ca7ddf555661,exp06_a_hybrid_state_causal_handoff,A011,handoff_state,EN,hybrid_state,2,qwen3_next_80b_instruct,3,4.641025641025641,0.437403131005948,4.666666666666667,4.0,4.666666666666667,4.666666666666667,5.0,5.0,4.666666666666667,4.666666666666667,5.0,5.0,4.666666666666667,2.0,1.6666666666666667
e14fad1e8ffddf6fbe6ac146712021dec71e6a2c09729c57734020e391bfdfc7,exp06_a_hybrid_state_causal_handoff,A002,handoff_state,ES,compressed,1,qwen3_next_80b_instruct,3,4.871794871794871,0.22205779584216398,5.0,5.0,5.0,4.666666666666667,4.666666666666667,5.0,4.666666666666667,5.0,5.0,4.666666666666667,5.0,1.0,1.3333333333333333
e15c884ccce2419c253d8a52dd3b38b330acbcbab387cf263163c5b5764f1072,exp06_a_hybrid_state_causal_handoff,A007,causal_claim,ES,compressed,1,azure_gpt_5_5_instant,3,4.948717948717949,0.0444115591684326,5.0,5.0,5.0,5.0,5.0,5.0,5.0,5.0,4.333333333333333,5.0,5.0,1.0,1.0
e176c9b719f7ce8f9d8336c1b5874bc7c86fa0c242dfc61366135ce4f42ed434,exp06_a_hybrid_state_causal_handoff,A011,handoff_state,EN,compressed,3,qwen3_next_80b_instruct,3,4.794871794871795,0.3552924733474618,4.666666666666667,4.666666666666667,4.666666666666667,5.0,4.666666666666667,5.0,4.666666666666667,4.666666666666667,5.0,5.0,5.0,1.3333333333333333,1.3333333333333333
e17b657e52726c6e302180c233dda116aceb85e9bfdadce4d621f7dbab911dd3,exp06_a_hybrid_state_causal_handoff,A010,auditability,ZH,compressed,3,azure_gpt_5_5_instant,3,4.9743589743589745,0.0444115591684326,5.0,5.0,5.0,5.0,5.0,5.0,5.0,5.0,4.666666666666667,5.0,5.0,1.0,1.0
e18e81cdd8d663bd0c39844ec56e22bbee30b4c939ee3495050e6c65181a8ff1,exp06_a_hybrid_state_causal_handoff,A012,continuity_recovery,ES,compressed,2,gemini_3_1_pro_preview,3,1.5384615384615383,0.3525058226889109,1.6666666666666667,1.6666666666666667,1.0,1.0,1.0,1.6666666666666667,1.0,1.0,3.6666666666666665,1.0,3.0,4.666666666666667,5.0
e190d5ad6b92de93d829599838c7987059d9c3f947a27da6dbf8557cb250efe2,exp06_a_hybrid_state_causal_handoff,A002,handoff_state,EN,hybrid_state,3,gemini_3_1_pro_preview,3,1.2820512820512822,0.23500388179260723,1.3333333333333333,1.3333333333333333,1.0,1.0,1.0,1.3333333333333333,1.0,1.0,2.6666666666666665,1.0,2.0,5.0,5.0
e19a137eb08fcba038aa6cc5d22a893e6f15a710446c69a0550fe8553ecbede0,exp06_b_zh_tokenizer_ablation,B002,zh_tokenizer_ablation,ES_LITERAL,hybrid_state,3,gemini_3_1_pro_preview,3,1.2307692307692308,0.23076923076923073,1.0,1.6666666666666667,1.0,1.0,1.0,1.0,1.0,1.0,3.0,1.0,1.3333333333333333,5.0,5.0
e1d0409cbf9bbd5fbf9535c250941628329c5edb30a484fbf2516f1f909820b7,exp06_a_hybrid_state_causal_handoff,A010,auditability,ZH,compressed,3,qwen3_next_80b_instruct,3,4.153846153846154,1.2709778186044849,4.333333333333333,4.0,4.0,4.0,4.0,4.333333333333333,3.6666666666666665,4.0,5.0,4.333333333333333,5.0,2.3333333333333335,2.3333333333333335
e1dfc4b3ba11229e99e4469fbd33d6a087fae468b5ad56b2162a6852d40a2bb0,exp06_a_hybrid_state_causal_handoff,A007,causal_claim,ZH,hybrid_state,3,grok_4_20_non_reasoning,3,4.358974358974359,0.6542231190857986,4.0,4.0,4.333333333333333,4.0,4.666666666666667,4.666666666666667,4.333333333333333,4.333333333333333,5.0,4.666666666666667,4.666666666666667,2.0,2.0
e1fce614dfa060f999733e254476d1234c120b23ba1e63f9dfe1576fcc9c8ea8,exp06_b_zh_tokenizer_ablation,B009,zh_tokenizer_ablation,EN_LITERAL,compressed,2,qwen3_next_80b_instruct,3,4.0256410256410255,0.8981681993916407,4.0,4.0,3.6666666666666665,3.3333333333333335,4.0,3.6666666666666665,4.0,3.6666666666666665,5.0,4.333333333333333,5.0,2.0,2.3333333333333335
e2252ac7adf95ef86098b81d569c9e92fe2a88847be4f73026fc076ba9bd53a8,exp06_a_hybrid_state_causal_handoff,A010,auditability,ZH,hybrid_state,1,gemini_3_1_pro_preview,3,2.0,0.27735009811261463,2.0,3.0,1.3333333333333333,1.0,1.3333333333333333,1.0,1.0,1.3333333333333333,5.0,1.6666666666666667,4.0,3.6666666666666665,5.0
e28ca480f1d8b4b354ece2c55e1a12d7ae78c1221e1b427b3ab8fa063e4be617,exp06_b_zh_tokenizer_ablation,B007,zh_tokenizer_ablation,ZH_PINYIN,hybrid_state,2,qwen3_next_80b_instruct,3,2.5641025641025643,0.45072809823710125,2.6666666666666665,2.3333333333333335,2.3333333333333335,2.3333333333333335,3.0,2.3333333333333335,2.3333333333333335,2.3333333333333335,4.666666666666667,3.0,1.3333333333333333,3.6666666666666665,3.6666666666666665
e2bfd77a9ecc61a67ac6d350e7be63472813c468a39879df05b1400f6580d191,exp06_a_hybrid_state_causal_handoff,A011,handoff_state,EN,hybrid_state,2,gemini_3_1_pro_preview,3,1.1282051282051282,0.16012815380508713,1.0,1.0,1.0,1.0,1.0,1.0,1.0,1.0,2.3333333333333335,1.0,1.3333333333333333,5.0,5.0
e2e8b4d6d103a44b73a2c0ac2f22cf4e099f4067ee7e4f8f583081d1a21f9153,exp06_b_zh_tokenizer_ablation,B003,zh_tokenizer_ablation,ZH,compressed,3,grok_4_20_non_reasoning,3,5.0,0.0,5.0,5.0,5.0,5.0,5.0,5.0,5.0,5.0,5.0,5.0,5.0,1.0,1.0
e2ee53198f9023d5eda7c27f6fd3b0c39111130a835ec3537db1d944a686a3d9,exp06_a_hybrid_state_causal_handoff,A008,causal_claim,ZH,hybrid_state,2,gemini_3_1_pro_preview,3,1.6666666666666667,0.3108809141790293,1.6666666666666667,2.0,1.0,1.0,1.6666666666666667,1.3333333333333333,1.3333333333333333,1.0,3.3333333333333335,1.0,3.6666666666666665,4.333333333333333,5.0
e326eea9b073af345629766c4b8ad44f595d36665fae4290ec757a6c0077e967,exp06_a_hybrid_state_causal_handoff,A007,causal_claim,ES,compressed,1,gemini_3_1_pro_preview,3,1.6410256410256412,0.27014496802186516,1.6666666666666667,2.0,1.0,1.0,1.6666666666666667,1.3333333333333333,1.3333333333333333,1.0,3.6666666666666665,1.0,2.3333333333333335,4.0,4.666666666666667
e352a72cb9eb8bb0ca937018a50dfacfea37fc6fd4dd53ba00525ae64f93f9b7,exp06_b_zh_tokenizer_ablation,B002,zh_tokenizer_ablation,ZH_PINYIN,hybrid_state,1,gemini_3_1_pro_preview,3,2.1794871794871793,0.23500388179260714,2.0,2.0,1.3333333333333333,1.0,2.3333333333333335,2.0,1.3333333333333333,1.6666666666666667,5.0,2.6666666666666665,4.0,4.333333333333333,4.666666666666667
e355bb2292773c780b60d28fd30a1e11d9699ab250c9e1fc401cc312f3f85729,exp06_a_hybrid_state_causal_handoff,A006,continuity_recovery,ZH,hybrid_state,3,gemini_3_1_pro_preview,3,2.6153846153846154,0.7418192893071505,2.3333333333333335,2.6666666666666665,2.0,1.3333333333333333,2.6666666666666665,2.6666666666666665,2.0,2.3333333333333335,4.666666666666667,2.3333333333333335,5.0,3.6666666666666665,4.333333333333333
e3844496992cbfd69fbe1a2a5ffe240d3d8df43884e9704e3384a38c293817fe,exp06_a_hybrid_state_causal_handoff,A009,auditability,ZH,hybrid_state,2,gemini_3_1_pro_preview,3,1.4871794871794872,0.43740313100594824,1.0,1.6666666666666667,1.0,1.0,1.3333333333333333,1.0,1.3333333333333333,1.0,3.3333333333333335,1.3333333333333333,2.6666666666666665,4.333333333333333,5.0
e3b2ace37fb40ddf24ca19f609b055bc57af3474342ae52811a27ab7b642ba03,exp06_a_hybrid_state_causal_handoff,A009,auditability,ES,hybrid_state,3,gemini_3_1_pro_preview,3,1.8717948717948716,0.3202563076101743,1.6666666666666667,1.3333333333333333,1.0,1.0,2.3333333333333335,1.3333333333333333,1.6666666666666667,1.3333333333333333,4.666666666666667,2.3333333333333335,3.3333333333333335,4.666666666666667,5.0
e3c8bafe08d888ba734a3f7ca1e00bf6f3ab68a54674cc78456d6122b7daab79,exp06_a_hybrid_state_causal_handoff,A010,auditability,EN,compressed,3,qwen3_next_80b_instruct,3,4.871794871794871,0.11750194089630366,5.0,4.333333333333333,5.0,5.0,5.0,5.0,5.0,5.0,5.0,4.666666666666667,5.0,1.6666666666666667,1.0
e45d82985f3a3839734f2271a897800e0cdcb59391aeaef83e6d4154bad2dcc8,exp06_b_zh_tokenizer_ablation,B007,zh_tokenizer_ablation,ES_LITERAL,compressed,1,gemini_3_1_pro_preview,3,1.794871794871795,0.4374031310059482,1.6666666666666667,2.3333333333333335,1.3333333333333333,1.0,1.3333333333333333,1.3333333333333333,1.3333333333333333,1.3333333333333333,4.333333333333333,1.0,3.6666666666666665,4.333333333333333,5.0
e468bfeb0e5d9365b2741b20daef85fd41fe9ae680bd564504a053d0f3b3c3ca,exp06_a_hybrid_state_causal_handoff,A002,handoff_state,ES,hybrid_state,1,azure_gpt_5_5_instant,3,4.9743589743589745,0.0444115591684326,5.0,4.666666666666667,5.0,5.0,5.0,5.0,5.0,5.0,5.0,5.0,5.0,1.0,1.0
e47220a4ef8cc765d94236b552af2cc4b65163156531dc00c0471338c3ab622f,exp06_b_zh_tokenizer_ablation,B008,zh_tokenizer_ablation,ZH_PINYIN,compressed,3,grok_4_20_non_reasoning,3,4.717948717948718,0.3635242789425084,4.666666666666667,4.333333333333333,4.666666666666667,4.666666666666667,5.0,4.666666666666667,4.666666666666667,4.666666666666667,5.0,5.0,5.0,1.6666666666666667,1.3333333333333333
e47998ea0afebaad770df2d10d2ada71d0209dac28719b36352fcbc5320f23a8,exp06_b_zh_tokenizer_ablation,B003,zh_tokenizer_ablation,ES_LITERAL,compressed,2,grok_4_20_non_reasoning,3,4.82051282051282,0.19358549834027583,5.0,4.333333333333333,5.0,4.666666666666667,5.0,5.0,4.666666666666667,4.666666666666667,5.0,5.0,4.666666666666667,1.3333333333333333,1.0
e480431d2a1fb28555a654a55d198f15d738b27ead1102597a0a53c1bb050e25,exp06_a_hybrid_state_causal_handoff,A005,continuity_recovery,ZH,hybrid_state,2,grok_4_20_non_reasoning,3,4.512820512820514,0.437403131005948,4.333333333333333,3.6666666666666665,4.333333333333333,4.666666666666667,5.0,4.666666666666667,4.333333333333333,4.333333333333333,5.0,4.666666666666667,4.333333333333333,1.6666666666666667,1.0
e4836cabf0fb83df1a2b62b8c7d052100141a5c8f1aeebc4a1ba16f93afaadbf,exp06_a_hybrid_state_causal_handoff,A008,causal_claim,EN,hybrid_state,3,grok_4_20_non_reasoning,3,4.82051282051282,0.19358549834027583,5.0,4.333333333333333,4.666666666666667,4.666666666666667,5.0,5.0,5.0,5.0,5.0,5.0,5.0,1.6666666666666667,1.3333333333333333
e48eba4c487eef6b09b841741c7b7d6f6b061a504426150a23bc5c4c82adf68c,exp06_a_hybrid_state_causal_handoff,A008,causal_claim,ES,compressed,3,qwen3_next_80b_instruct,3,4.461538461538461,0.6007884366082041,4.666666666666667,4.333333333333333,4.333333333333333,3.6666666666666665,4.666666666666667,4.666666666666667,4.666666666666667,4.666666666666667,5.0,4.666666666666667,4.333333333333333,1.6666666666666667,2.0
e4c8f8305aad36e87c16ab88b08459a12441f92a03e802fc0e8667e80e69eb1d,exp06_b_zh_tokenizer_ablation,B002,zh_tokenizer_ablation,ES_LITERAL,hybrid_state,1,gemini_3_1_pro_preview,3,2.6666666666666665,0.9740215340114142,2.3333333333333335,3.3333333333333335,2.0,1.6666666666666667,2.3333333333333335,2.3333333333333335,2.0,2.0,5.0,2.6666666666666665,4.0,3.0,4.0
e4ce10cb95148ab45b44089ce98b82a584c98dd0823c0b5b4b656ffcd8cd50b9,exp06_b_zh_tokenizer_ablation,B006,zh_tokenizer_ablation,EN_LITERAL,hybrid_state,3,grok_4_20_non_reasoning,3,4.58974358974359,0.38717099668055127,4.666666666666667,3.6666666666666665,4.666666666666667,4.666666666666667,5.0,5.0,5.0,4.333333333333333,5.0,5.0,4.333333333333333,2.0,1.6666666666666667
e53a2001de9ead8d4a49023dd93454d20a98aa0d1900d8b60181294dd37c780a,exp06_b_zh_tokenizer_ablation,B002,zh_tokenizer_ablation,ZH_PINYIN,compressed,2,grok_4_20_non_reasoning,3,4.641025641025641,0.34686536560176123,4.333333333333333,4.333333333333333,4.333333333333333,4.666666666666667,5.0,4.333333333333333,4.666666666666667,4.666666666666667,5.0,5.0,5.0,1.6666666666666667,1.3333333333333333
e5547eaafa891326158224aa58f0d8bcaf48d063594a62c47dc6e8cae78d58d8,exp06_a_hybrid_state_causal_handoff,A010,auditability,ZH,compressed,2,grok_4_20_non_reasoning,3,4.743589743589744,0.23500388179260723,5.0,4.666666666666667,4.333333333333333,4.666666666666667,4.666666666666667,5.0,4.333333333333333,5.0,5.0,5.0,5.0,1.3333333333333333,1.6666666666666667
e55be70aab2fe790334952596bf76d6eddba75188b291197afcfc6b05dd19cd3,exp06_a_hybrid_state_causal_handoff,A007,causal_claim,EN,hybrid_state,1,qwen3_next_80b_instruct,3,4.743589743589744,0.23500388179260723,4.666666666666667,4.333333333333333,5.0,4.666666666666667,5.0,5.0,5.0,4.333333333333333,5.0,5.0,5.0,1.6666666666666667,1.6666666666666667
e5b5023930c726c349a7e425068e19a0579965e8705f085b1fdcd024d6b97c73,exp06_b_zh_tokenizer_ablation,B009,zh_tokenizer_ablation,ES_LITERAL,compressed,3,qwen3_next_80b_instruct,3,4.58974358974359,0.38717099668055127,4.666666666666667,4.666666666666667,4.333333333333333,4.0,4.333333333333333,4.666666666666667,4.666666666666667,4.666666666666667,4.666666666666667,4.666666666666667,5.0,1.0,1.6666666666666667
e5f5a110c129a8d428b1521e539318b6f00ff779427c39e4fc2f7277830e9b0e,exp06_b_zh_tokenizer_ablation,B006,zh_tokenizer_ablation,EN_LITERAL,compressed,2,qwen3_next_80b_instruct,3,4.6923076923076925,0.3076923076923075,4.666666666666667,4.333333333333333,4.666666666666667,4.333333333333333,5.0,5.0,4.666666666666667,4.666666666666667,5.0,5.0,5.0,1.6666666666666667,1.6666666666666667
e61d4bc6137ea2152c5a8177dbaf88aa3ef2d6a5c22cdd3ce87d3c9cb2d3edb0,exp06_a_hybrid_state_causal_handoff,A012,continuity_recovery,EN,hybrid_state,1,grok_4_20_non_reasoning,3,4.3076923076923075,0.6105579948610593,4.333333333333333,3.6666666666666665,4.333333333333333,4.0,4.666666666666667,4.333333333333333,4.333333333333333,4.333333333333333,5.0,4.666666666666667,4.0,2.0,1.6666666666666667
e648a20c7bbfd5c7ab222b0dce5bd3ca8a660ecd2882a8d9d53ff36e66c5ebe5,exp06_b_zh_tokenizer_ablation,B003,zh_tokenizer_ablation,ZH,compressed,2,qwen3_next_80b_instruct,3,5.0,0.0,5.0,5.0,5.0,5.0,5.0,5.0,5.0,5.0,5.0,5.0,5.0,1.0,1.0
e64edcea7210eaa78a520fe2dbce1e4155933f3e505a87c8148aa3fb5160bb0b,exp06_a_hybrid_state_causal_handoff,A005,continuity_recovery,EN,compressed,2,azure_gpt_5_5_instant,3,4.641025641025641,0.5564752413900181,4.666666666666667,4.666666666666667,4.666666666666667,4.666666666666667,4.666666666666667,4.666666666666667,4.666666666666667,4.666666666666667,4.333333333333333,4.666666666666667,4.666666666666667,1.3333333333333333,1.3333333333333333
e65dba3b848ad1810a5cae97416ba9e93a106e8fbcd936af0eedb6dc2695a7b7,exp06_a_hybrid_state_causal_handoff,A007,causal_claim,EN,compressed,3,qwen3_next_80b_instruct,3,4.6923076923076925,0.40703866324070614,4.666666666666667,5.0,4.666666666666667,4.0,4.666666666666667,4.666666666666667,4.666666666666667,4.666666666666667,5.0,4.666666666666667,5.0,1.0,1.6666666666666667
e68fd54f62ba9c0fa9b93dffa431dfe53650883370b8f43fb819de72a32f8360,exp06_b_zh_tokenizer_ablation,B002,zh_tokenizer_ablation,ES_LITERAL,compressed,3,gemini_3_1_pro_preview,3,1.7948717948717947,0.34686536560176107,1.0,3.0,1.0,1.0,1.3333333333333333,1.3333333333333333,1.3333333333333333,1.3333333333333333,4.666666666666667,1.3333333333333333,3.3333333333333335,4.333333333333333,5.0
e6a0069e05c4842b0faf00a2989701f9ed725963cf6754bda052d4a069935cc1,exp06_b_zh_tokenizer_ablation,B007,zh_tokenizer_ablation,EN_LITERAL,compressed,1,qwen3_next_80b_instruct,3,4.58974358974359,0.38717099668055127,4.666666666666667,4.0,4.666666666666667,4.666666666666667,4.666666666666667,5.0,4.333333333333333,4.333333333333333,5.0,5.0,5.0,2.0,1.6666666666666667
e6a5dd9b0eccbf5e10f6a8a61213dd374c464c4d7aeabd1ba78f09837301c2d5,exp06_a_hybrid_state_causal_handoff,A002,handoff_state,ES,compressed,3,qwen3_next_80b_instruct,3,4.897435897435898,0.1776462366737309,5.0,5.0,5.0,4.666666666666667,4.666666666666667,5.0,4.666666666666667,5.0,5.0,5.0,5.0,1.0,1.3333333333333333
e6ad96b45b9335dd6eb5448a642fe00d240559d9296da0d673d83e23b87d4f29,exp06_b_zh_tokenizer_ablation,B005,zh_tokenizer_ablation,EN_LITERAL,hybrid_state,1,qwen3_next_80b_instruct,3,4.358974358974359,0.5670088304486148,4.333333333333333,4.0,4.333333333333333,4.333333333333333,4.333333333333333,4.666666666666667,4.0,4.333333333333333,5.0,4.333333333333333,5.0,2.0,2.0
e6d6962668e7a62bfb0508f0bf9ab07f8a3d9a8c02cd70cd171883118d1df772,exp06_b_zh_tokenizer_ablation,B008,zh_tokenizer_ablation,EN_LITERAL,compressed,3,qwen3_next_80b_instruct,3,4.717948717948718,0.3635242789425084,4.666666666666667,5.0,4.666666666666667,4.0,5.0,4.666666666666667,4.666666666666667,4.666666666666667,5.0,4.666666666666667,5.0,1.0,1.6666666666666667
e6eab3adba876a06817f0311ce9951c4269cc60b93fe5b5c512d9b495e1a93f9,exp06_b_zh_tokenizer_ablation,B010,zh_tokenizer_ablation,EN_LITERAL,compressed,3,qwen3_next_80b_instruct,3,4.487179487179487,0.4636702902570546,4.333333333333333,4.0,4.666666666666667,4.333333333333333,4.666666666666667,4.666666666666667,4.333333333333333,4.666666666666667,4.666666666666667,4.666666666666667,4.666666666666667,1.6666666666666667,1.6666666666666667
e6fc4588a27261f051078049360f32a956f909d39ebf2b27ff946d4b5b083b7d,exp06_a_hybrid_state_causal_handoff,A008,causal_claim,ZH,compressed,3,grok_4_20_non_reasoning,3,4.948717948717949,0.0888231183368657,5.0,5.0,5.0,4.666666666666667,5.0,5.0,5.0,5.0,5.0,5.0,5.0,1.0,1.3333333333333333
e701c87430025ccad29cbb57480343ad51cbeace6c8b90fe964319ef8808f702,exp06_b_zh_tokenizer_ablation,B008,zh_tokenizer_ablation,ZH_PINYIN,hybrid_state,1,qwen3_next_80b_instruct,3,3.9230769230769234,0.670599837467796,4.333333333333333,3.6666666666666665,4.333333333333333,4.333333333333333,4.0,4.333333333333333,3.6666666666666665,4.0,5.0,4.333333333333333,1.3333333333333333,2.3333333333333335,2.0
e70673b0ca59dd7c8cb2ab2b3407aea509dd9fd82b007d12fb3ea5771f08885c,exp06_a_hybrid_state_causal_handoff,A012,continuity_recovery,ES,hybrid_state,2,grok_4_20_non_reasoning,3,4.282051282051282,0.8225135862741252,4.333333333333333,4.0,4.333333333333333,3.6666666666666665,4.666666666666667,4.666666666666667,4.0,4.333333333333333,5.0,4.666666666666667,4.333333333333333,2.0,2.3333333333333335
e7181be4560c4b834abdbf98c6bb709991983096b5d82023128dd5a15a5d196b,exp06_b_zh_tokenizer_ablation,B008,zh_tokenizer_ablation,ZH,compressed,1,grok_4_20_non_reasoning,3,5.0,0.0,5.0,5.0,5.0,5.0,5.0,5.0,5.0,5.0,5.0,5.0,5.0,1.0,1.0
e7ba7f147395f6d50a53820782b9b1642db36da56be960adfd4847140a967ce8,exp06_a_hybrid_state_causal_handoff,A007,causal_claim,ZH,hybrid_state,3,azure_gpt_5_5_instant,3,4.948717948717949,0.0444115591684326,5.0,5.0,5.0,5.0,5.0,5.0,5.0,5.0,4.333333333333333,5.0,5.0,1.0,1.0
e7c26bdeb8fa30aec147b849f6d0a0c1e241efe4ae0fca94467fc57af20a8996,exp06_a_hybrid_state_causal_handoff,A006,continuity_recovery,ES,compressed,2,qwen3_next_80b_instruct,3,5.0,0.0,5.0,5.0,5.0,5.0,5.0,5.0,5.0,5.0,5.0,5.0,5.0,1.0,1.0
e803335a28b41727c521614dbff5be51368f5252fd5da3283ff5aeedd81110fa,exp06_b_zh_tokenizer_ablation,B004,zh_tokenizer_ablation,EN_LITERAL,hybrid_state,3,grok_4_20_non_reasoning,3,4.743589743589744,0.320256307610174,4.666666666666667,4.0,4.666666666666667,5.0,5.0,5.0,5.0,4.666666666666667,5.0,4.666666666666667,5.0,2.0,1.0
e83b16fcd08ec62cecea02f0d51f425f39d177b9b7538caf1f8b82a32debdc88,exp06_b_zh_tokenizer_ablation,B006,zh_tokenizer_ablation,ZH_PINYIN,compressed,3,gemini_3_1_pro_preview,3,1.8205128205128205,0.23500388179260728,1.6666666666666667,2.0,1.0,1.0,1.3333333333333333,1.3333333333333333,1.0,1.0,5.0,1.3333333333333333,4.333333333333333,4.333333333333333,5.0
e863b9ffe99b4c2c575f0e7bf2ebeffed66d3eb3ed3584afa9f4cfe3851fe3df,exp06_b_zh_tokenizer_ablation,B001,zh_tokenizer_ablation,ZH,hybrid_state,2,grok_4_20_non_reasoning,3,4.743589743589744,0.23500388179260723,5.0,4.333333333333333,5.0,4.666666666666667,5.0,5.0,4.666666666666667,4.666666666666667,5.0,4.666666666666667,4.333333333333333,1.6666666666666667,1.0
e890bc40a238f21bbb824dc170ab4242eb0aa0598942677960e6924217e9cdb7,exp06_a_hybrid_state_causal_handoff,A006,continuity_recovery,EN,hybrid_state,2,grok_4_20_non_reasoning,3,4.538461538461538,0.5547001962252293,4.666666666666667,4.0,4.666666666666667,4.666666666666667,5.0,5.0,4.333333333333333,4.333333333333333,5.0,4.666666666666667,4.0,2.0,1.3333333333333333
e8b26112e9abec4635a17f70c56640e7c6c32648f636421397e644948c66692d,exp06_b_zh_tokenizer_ablation,B005,zh_tokenizer_ablation,ZH,hybrid_state,2,qwen3_next_80b_instruct,3,3.6666666666666665,0.8882311833686551,3.6666666666666665,4.0,3.6666666666666665,3.0,3.6666666666666665,4.333333333333333,3.0,3.6666666666666665,5.0,3.6666666666666665,4.333333333333333,3.0,3.3333333333333335
e8b2de4ac09ef628c0ade26eb3a45bb8bfbb9967a374d8ecb22e7b22d0947306,exp06_a_hybrid_state_causal_handoff,A005,continuity_recovery,EN,hybrid_state,3,gemini_3_1_pro_preview,3,1.3846153846153844,0.35250582268891073,1.3333333333333333,1.6666666666666667,1.0,1.0,1.3333333333333333,1.0,1.0,1.0,3.0,1.0,2.3333333333333335,4.666666666666667,5.0
e8c9e88a9fac14303eb030e0a84072f7a3ba2b64aac412e8eb61f6cb073568b0,exp06_a_hybrid_state_causal_handoff,A012,continuity_recovery,ZH,compressed,2,qwen3_next_80b_instruct,3,4.743589743589744,0.22205779584216398,5.0,4.666666666666667,4.666666666666667,4.666666666666667,4.666666666666667,5.0,4.333333333333333,5.0,5.0,5.0,5.0,1.6666666666666667,1.6666666666666667
e8ce603016b90be18315b81522a337522e2c7c5c6b17078ef48f691dc64dda7f,exp06_a_hybrid_state_causal_handoff,A002,handoff_state,ZH,hybrid_state,2,qwen3_next_80b_instruct,3,4.717948717948718,0.48852715085276005,4.666666666666667,4.666666666666667,4.666666666666667,4.666666666666667,5.0,4.666666666666667,5.0,4.666666666666667,5.0,4.666666666666667,4.666666666666667,1.6666666666666667,1.3333333333333333
e9340065a8f439b0c76965091d6e787e0083b3731f7f7766a8937ba3a35cdb7a,exp06_b_zh_tokenizer_ablation,B003,zh_tokenizer_ablation,ES_LITERAL,hybrid_state,3,grok_4_20_non_reasoning,3,4.846153846153846,0.15384615384615374,5.0,4.333333333333333,5.0,5.0,5.0,5.0,5.0,4.666666666666667,5.0,5.0,4.666666666666667,1.6666666666666667,1.0
e96dcb1d35d826962309d704dcd4b23f0415317d62d7a6fca855db50550274fc,exp06_b_zh_tokenizer_ablation,B006,zh_tokenizer_ablation,ZH,compressed,3,qwen3_next_80b_instruct,3,4.717948717948718,0.310880914179029,4.666666666666667,4.333333333333333,5.0,4.666666666666667,5.0,4.666666666666667,4.333333333333333,4.666666666666667,5.0,5.0,5.0,1.3333333333333333,1.6666666666666667
e97ec44dc67eb2e82f6f65016cce9fb15497f45ce17e2852c046fcc48091155f,exp06_a_hybrid_state_causal_handoff,A003,handoff_state,EN,compressed,2,qwen3_next_80b_instruct,3,4.58974358974359,0.5236045604272342,4.333333333333333,4.666666666666667,4.666666666666667,4.666666666666667,4.333333333333333,4.666666666666667,4.666666666666667,4.666666666666667,4.666666666666667,4.666666666666667,4.666666666666667,1.3333333333333333,1.6666666666666667
e98cee1d80d18b4054cf1d4dd0dba4bd9c5a58538ad3d8b441caf618cabe07b1,exp06_a_hybrid_state_causal_handoff,A012,continuity_recovery,EN,compressed,1,azure_gpt_5_5_instant,3,4.641025641025641,0.5564752413900181,4.666666666666667,4.666666666666667,4.666666666666667,4.666666666666667,4.666666666666667,4.666666666666667,4.666666666666667,4.666666666666667,4.333333333333333,4.666666666666667,4.666666666666667,1.3333333333333333,1.3333333333333333
e990dda8f1ab1670531275588ab4f49d0108070dd25d60c6156edbd0fe15c8fc,exp06_a_hybrid_state_causal_handoff,A005,continuity_recovery,ZH,compressed,2,grok_4_20_non_reasoning,3,4.897435897435897,0.0888231183368657,5.0,4.666666666666667,5.0,4.666666666666667,5.0,5.0,4.666666666666667,5.0,5.0,5.0,5.0,1.3333333333333333,1.0
e99f49155c789b45d4efbf9d31a99eba54f8b2d8f7d35dcf2798aa02eb300a74,exp06_b_zh_tokenizer_ablation,B009,zh_tokenizer_ablation,ES_LITERAL,compressed,2,gemini_3_1_pro_preview,3,2.1025641025641026,0.11750194089630361,2.0,2.0,2.3333333333333335,1.3333333333333333,2.0,2.0,1.6666666666666667,2.0,4.333333333333333,2.0,2.3333333333333335,4.0,4.666666666666667
ea359a3bcc0321a0970201f8c00c929d0e61edb9c91e12a0f6a5c5dcc3914500,exp06_a_hybrid_state_causal_handoff,A001,handoff_state,ES,compressed,2,qwen3_next_80b_instruct,3,4.923076923076923,0.1332346775052983,5.0,5.0,5.0,5.0,4.666666666666667,5.0,4.666666666666667,5.0,5.0,5.0,5.0,1.0,1.3333333333333333
ea48bb8c225b80152bcf04dc0805501f4156bf2bd20547624cf313d14226baa7,exp06_b_zh_tokenizer_ablation,B003,zh_tokenizer_ablation,ZH_PINYIN,compressed,2,gemini_3_1_pro_preview,3,1.2307692307692308,0.2035193316203531,1.0,1.6666666666666667,1.0,1.0,1.0,1.3333333333333333,1.0,1.0,2.0,1.0,1.0,4.0,5.0
ea4ff852e7341f066590905131f02c1ec744084eacae4a26a6a47f95f7448be4,exp06_b_zh_tokenizer_ablation,B008,zh_tokenizer_ablation,ZH_PINYIN,hybrid_state,2,gemini_3_1_pro_preview,3,1.4871794871794872,0.23500388179260714,1.3333333333333333,1.6666666666666667,1.0,1.0,1.0,1.0,1.3333333333333333,1.0,3.6666666666666665,1.0,3.3333333333333335,5.0,5.0
eab4c5da69de50321e884448efa92b728d3d45a66e949467050813f2e2f42bff,exp06_a_hybrid_state_causal_handoff,A003,handoff_state,ZH,hybrid_state,1,qwen3_next_80b_instruct,3,4.333333333333333,0.5974964203964637,4.333333333333333,3.6666666666666665,4.333333333333333,4.0,5.0,4.333333333333333,4.333333333333333,4.333333333333333,5.0,4.333333333333333,4.666666666666667,2.0,2.0
eab85e9e13c900dd26a1b9070e3e22b8a12622dad15ca4ce5fae72db75be744d,exp06_a_hybrid_state_causal_handoff,A011,handoff_state,ES,compressed,1,grok_4_20_non_reasoning,3,4.769230769230769,0.39970403251589487,5.0,5.0,4.666666666666667,4.666666666666667,4.666666666666667,4.666666666666667,4.666666666666667,4.666666666666667,5.0,4.666666666666667,5.0,1.3333333333333333,1.3333333333333333
ead708eed8e42dd5ddf139cbaefa101147fba1fd52b7788759e066ec5b1b446e,exp06_a_hybrid_state_causal_handoff,A010,auditability,EN,hybrid_state,3,qwen3_next_80b_instruct,3,4.717948717948718,0.3635242789425084,5.0,4.0,4.666666666666667,5.0,5.0,4.666666666666667,4.666666666666667,4.666666666666667,5.0,4.666666666666667,5.0,1.6666666666666667,1.3333333333333333
eb2e75790d947576a174a7ad75e94f149042d445dd51f8be9ee8c64b3f469946,exp06_a_hybrid_state_causal_handoff,A010,auditability,EN,compressed,1,gemini_3_1_pro_preview,3,2.0,0.335299918733898,1.3333333333333333,2.6666666666666665,1.0,1.0,1.3333333333333333,1.3333333333333333,1.3333333333333333,1.3333333333333333,4.333333333333333,1.3333333333333333,5.0,3.3333333333333335,4.666666666666667
eb3cda8559758ef1f4a28354160f760c7800edb33edd77a8560de27bdbb71782,exp06_b_zh_tokenizer_ablation,B002,zh_tokenizer_ablation,ES_LITERAL,hybrid_state,3,qwen3_next_80b_instruct,3,4.461538461538462,0.4679048100229399,4.666666666666667,3.6666666666666665,4.666666666666667,4.666666666666667,5.0,4.333333333333333,4.333333333333333,4.333333333333333,5.0,4.333333333333333,4.666666666666667,2.0,1.6666666666666667
eb5f7318a09da09ba9d43694ec5a22bd7d57a2658c1120724c838247d7c77f9e,exp06_b_zh_tokenizer_ablation,B007,zh_tokenizer_ablation,ZH_PINYIN,hybrid_state,3,qwen3_next_80b_instruct,3,3.358974358974359,0.29122606901539877,3.6666666666666665,3.0,3.0,3.3333333333333335,4.0,3.6666666666666665,3.6666666666666665,3.3333333333333335,4.666666666666667,3.3333333333333335,1.6666666666666667,3.0,2.6666666666666665
eb66c295bc72b8beba54f2a294d827a818e26238e347a88de0a81d267ec5c6d6,exp06_a_hybrid_state_causal_handoff,A001,handoff_state,EN,compressed,1,qwen3_next_80b_instruct,3,4.435897435897435,0.5121790860368763,4.333333333333333,4.666666666666667,4.333333333333333,4.333333333333333,4.333333333333333,4.666666666666667,4.333333333333333,4.333333333333333,4.666666666666667,4.333333333333333,4.666666666666667,1.6666666666666667,1.6666666666666667
eb73f802a6637c8dc34e673973003a067ce7ebe72604cd5d67257f2052d8c6b6,exp06_b_zh_tokenizer_ablation,B005,zh_tokenizer_ablation,ES_LITERAL,compressed,3,grok_4_20_non_reasoning,3,4.358974358974359,0.9800776848008405,4.333333333333333,4.666666666666667,4.333333333333333,4.333333333333333,4.0,4.333333333333333,3.6666666666666665,4.333333333333333,5.0,4.666666666666667,5.0,1.6666666666666667,2.3333333333333335
ebbb105486c0721c69e99225d2002e9368e3a42427fbe0a8a3e089119b13bef5,exp06_a_hybrid_state_causal_handoff,A003,handoff_state,ES,compressed,1,qwen3_next_80b_instruct,3,4.58974358974359,0.710584946694924,4.333333333333333,4.666666666666667,4.666666666666667,4.333333333333333,4.666666666666667,4.666666666666667,4.666666666666667,4.666666666666667,5.0,4.666666666666667,4.666666666666667,1.6666666666666667,1.6666666666666667
ebbe0c395a02288a1429685b5b6fdfc1c016520bcb1754dfd03cc1c550f829d1,exp06_b_zh_tokenizer_ablation,B009,zh_tokenizer_ablation,ES_LITERAL,compressed,3,grok_4_20_non_reasoning,3,4.923076923076923,0.0769230769230771,5.0,5.0,5.0,5.0,5.0,5.0,5.0,5.0,4.333333333333333,5.0,4.666666666666667,1.0,1.0
ebbe10b2094c9b47ab0d9b818a2f31669f4beb2df625fb19c868f597ce2a4382,exp06_a_hybrid_state_causal_handoff,A008,causal_claim,ZH,compressed,2,qwen3_next_80b_instruct,3,4.58974358974359,0.3635242789425084,4.333333333333333,4.666666666666667,4.666666666666667,4.0,4.666666666666667,5.0,4.333333333333333,4.666666666666667,5.0,5.0,5.0,1.6666666666666667,2.0
ebe8d055f9dc97d9d6d5e1a59eb2e1dff9fb400bf1042cd455d08f07e689a3eb,exp06_b_zh_tokenizer_ablation,B005,zh_tokenizer_ablation,ZH_PINYIN,hybrid_state,3,grok_4_20_non_reasoning,3,3.307692307692308,1.1842157167954346,3.0,3.6666666666666665,3.3333333333333335,2.6666666666666665,3.3333333333333335,3.3333333333333335,3.3333333333333335,3.3333333333333335,4.666666666666667,3.6666666666666665,3.0,2.6666666666666665,3.6666666666666665
ec2c2bf4008700a9cbd7769f1ab943fba94edb6f73f3e51222a26578b9a71b66,exp06_a_hybrid_state_causal_handoff,A005,continuity_recovery,ES,compressed,3,qwen3_next_80b_instruct,3,4.82051282051282,0.19358549834027583,4.666666666666667,5.0,5.0,4.333333333333333,5.0,5.0,4.333333333333333,5.0,5.0,5.0,5.0,1.3333333333333333,1.3333333333333333
ec3f6e7f2224754db4fa4e791aa93d459d5694cac3b51b96e0e8ab7015ffc8f3,exp06_a_hybrid_state_causal_handoff,A006,continuity_recovery,EN,hybrid_state,1,grok_4_20_non_reasoning,3,4.538461538461539,0.42828956637154,4.666666666666667,3.6666666666666665,4.666666666666667,4.666666666666667,5.0,5.0,4.333333333333333,4.333333333333333,5.0,5.0,4.333333333333333,2.0,1.6666666666666667
ec46168d747b104d22314c3060ac7e8897909d5022616ba01c95cb4f4992dd66,exp06_b_zh_tokenizer_ablation,B002,zh_tokenizer_ablation,EN_LITERAL,compressed,3,gemini_3_1_pro_preview,3,1.4102564102564104,0.42365927286816174,1.0,1.6666666666666667,1.0,1.0,1.0,1.0,1.3333333333333333,1.0,3.0,1.3333333333333333,2.6666666666666665,4.666666666666667,5.0
ec5db917a103a54087c9bb6b0e79ac0c934b041b9e88760367827655c0e410ad,exp06_a_hybrid_state_causal_handoff,A010,auditability,ES,compressed,2,grok_4_20_non_reasoning,3,4.923076923076923,0.1332346775052983,5.0,4.666666666666667,5.0,5.0,5.0,5.0,5.0,5.0,5.0,5.0,4.666666666666667,1.3333333333333333,1.0
ecb94bb2f15682bce88050c66d7b0c6c83eae87d1eb36666e8c6f5c6c5574076,exp06_a_hybrid_state_causal_handoff,A002,handoff_state,EN,compressed,3,qwen3_next_80b_instruct,3,4.923076923076923,0.1332346775052983,5.0,5.0,5.0,4.666666666666667,5.0,5.0,5.0,5.0,5.0,5.0,5.0,1.3333333333333333,1.3333333333333333
ed04bfab435fc7aca6ff691ba12b720d967c66082e1b98bee72451e656c8e6d8,exp06_a_hybrid_state_causal_handoff,A010,auditability,ES,hybrid_state,1,gemini_3_1_pro_preview,3,1.8974358974358976,0.11750194089630364,1.6666666666666667,2.6666666666666665,1.0,1.0,1.3333333333333333,1.3333333333333333,1.0,1.0,5.0,1.3333333333333333,4.666666666666667,4.333333333333333,5.0
ed04f344dfa21f0ef41f17cd8342de5f0b25acd703378ba115042f988fa0ced3,exp06_a_hybrid_state_causal_handoff,A006,continuity_recovery,ZH,compressed,3,gemini_3_1_pro_preview,3,2.1794871794871793,0.27014496802186516,2.0,2.6666666666666665,1.6666666666666667,1.3333333333333333,1.3333333333333333,2.0,1.3333333333333333,1.6666666666666667,4.666666666666667,1.6666666666666667,4.666666666666667,4.0,4.666666666666667
ed267ba842918a376022f761b3f1cf87a779501e10096e4b4e8c2c8b4d69c84b,exp06_b_zh_tokenizer_ablation,B010,zh_tokenizer_ablation,ES_LITERAL,compressed,3,gemini_3_1_pro_preview,3,1.6923076923076923,0.23076923076923084,1.3333333333333333,2.3333333333333335,1.0,1.0,1.3333333333333333,1.0,1.0,1.0,4.333333333333333,1.0,3.3333333333333335,3.6666666666666665,5.0
ed2a92c0fb5b8925eea215dea89cc40ae6633549f7f0fa6203a06a2a92062553,exp06_b_zh_tokenizer_ablation,B009,zh_tokenizer_ablation,ZH_PINYIN,hybrid_state,2,qwen3_next_80b_instruct,3,3.9230769230769234,0.846153846153846,3.6666666666666665,3.3333333333333335,3.6666666666666665,3.3333333333333335,4.666666666666667,4.333333333333333,4.333333333333333,4.333333333333333,5.0,5.0,2.3333333333333335,2.6666666666666665,2.3333333333333335
ed3d6b0d62a0e4aee47961c8cf9c5a2b2307d2885caeb22749bc5ad12cc64e56,exp06_b_zh_tokenizer_ablation,B003,zh_tokenizer_ablation,ZH,compressed,3,qwen3_next_80b_instruct,3,4.948717948717949,0.0444115591684326,5.0,5.0,5.0,5.0,5.0,5.0,4.666666666666667,4.666666666666667,5.0,5.0,5.0,1.0,1.0
ed68d0b8f1a9316751056c5bbc26a9648f703cb91b69d26155ce11d886b17fcc,exp06_b_zh_tokenizer_ablation,B006,zh_tokenizer_ablation,EN_LITERAL,compressed,3,qwen3_next_80b_instruct,3,4.743589743589744,0.320256307610174,4.666666666666667,4.666666666666667,4.666666666666667,4.666666666666667,5.0,5.0,4.666666666666667,4.666666666666667,5.0,5.0,5.0,1.6666666666666667,1.6666666666666667
ed7ba520c17a496e63c8f00c3f9c96887aad20052c219d1744e849f2df665336,exp06_b_zh_tokenizer_ablation,B006,zh_tokenizer_ablation,ZH,compressed,2,qwen3_next_80b_instruct,3,4.538461538461539,0.42828956637154,4.666666666666667,4.0,4.333333333333333,4.666666666666667,5.0,4.333333333333333,4.333333333333333,4.333333333333333,5.0,5.0,5.0,2.0,1.6666666666666667
edc39509becda686e73cee65eaffe7500099543d277536526e3b9b13789d0963,exp06_a_hybrid_state_causal_handoff,A001,handoff_state,ZH,compressed,2,qwen3_next_80b_instruct,3,4.564102564102565,0.7549965058633566,4.666666666666667,4.666666666666667,4.666666666666667,4.333333333333333,4.333333333333333,4.666666666666667,4.333333333333333,4.666666666666667,5.0,4.666666666666667,5.0,1.6666666666666667,2.0
eddb0c0f89aa062ac13d731f9d5070d827ab128203ef943cef20bf7463adbda7,exp06_b_zh_tokenizer_ablation,B006,zh_tokenizer_ablation,ZH_PINYIN,hybrid_state,3,qwen3_next_80b_instruct,3,4.358974358974359,0.5564752413900181,4.333333333333333,3.6666666666666665,4.333333333333333,3.6666666666666665,5.0,4.333333333333333,4.666666666666667,4.333333333333333,5.0,5.0,4.666666666666667,2.3333333333333335,2.0
ee3b0e5024bbd9df177fe6edae27124aacbd4041e2996e73771fcc2040d4bdc4,exp06_b_zh_tokenizer_ablation,B009,zh_tokenizer_ablation,ZH,compressed,1,grok_4_20_non_reasoning,3,4.743589743589744,0.23500388179260723,5.0,4.666666666666667,4.666666666666667,4.333333333333333,5.0,4.666666666666667,4.666666666666667,4.333333333333333,4.666666666666667,5.0,5.0,1.0,1.3333333333333333
ee5ac390b3169b9f4619387eb22ed8fbf0f9e34414301e151766f26d5b5de604,exp06_b_zh_tokenizer_ablation,B010,zh_tokenizer_ablation,ES_LITERAL,compressed,2,grok_4_20_non_reasoning,3,4.9743589743589745,0.0444115591684326,5.0,5.0,5.0,5.0,5.0,5.0,5.0,5.0,5.0,5.0,4.666666666666667,1.0,1.0
ee5f932f866180e3a81694e52cd5253a2271ede88118020afb17c5d9842f3da7,exp06_b_zh_tokenizer_ablation,B010,zh_tokenizer_ablation,EN_LITERAL,hybrid_state,2,grok_4_20_non_reasoning,3,4.205128205128205,0.42365927286816185,4.333333333333333,3.6666666666666665,4.333333333333333,4.333333333333333,4.666666666666667,4.666666666666667,4.333333333333333,4.0,4.666666666666667,4.333333333333333,3.6666666666666665,2.3333333333333335,2.0
ee8ad8667222ca5000385d66286de377ea42e7b25283d3fc33e5b77894205ea9,exp06_a_hybrid_state_causal_handoff,A004,continuity_recovery,EN,hybrid_state,3,grok_4_20_non_reasoning,3,4.846153846153846,0.2664693550105966,5.0,4.666666666666667,5.0,4.666666666666667,5.0,5.0,5.0,4.666666666666667,5.0,4.666666666666667,5.0,1.3333333333333333,1.3333333333333333
eec7d2edd9846fcd8fe1317c0dffa78d195b6a8197628b3fe02ee1368f62dc01,exp06_b_zh_tokenizer_ablation,B004,zh_tokenizer_ablation,ZH,hybrid_state,2,grok_4_20_non_reasoning,3,4.6923076923076925,0.35250582268891084,4.666666666666667,4.0,4.666666666666667,5.0,4.666666666666667,5.0,4.333333333333333,4.666666666666667,5.0,5.0,4.666666666666667,1.6666666666666667,1.0
eee3ee4a111db65ea9c8a49c1bbaf1f2c307415318f2c649b121eba64e33991f,exp06_a_hybrid_state_causal_handoff,A001,handoff_state,EN,compressed,1,grok_4_20_non_reasoning,3,4.41025641025641,0.4236592728681615,4.333333333333333,4.666666666666667,4.333333333333333,4.0,4.333333333333333,4.666666666666667,4.333333333333333,4.333333333333333,4.666666666666667,4.666666666666667,4.666666666666667,1.6666666666666667,2.0
eee568940d5857de685d3dcacb012615818434e83b6dd5d7a747d4819c6432b5,exp06_b_zh_tokenizer_ablation,B010,zh_tokenizer_ablation,EN_LITERAL,compressed,1,grok_4_20_non_reasoning,3,4.487179487179486,0.437403131005948,4.666666666666667,4.0,4.333333333333333,4.333333333333333,4.666666666666667,4.666666666666667,4.666666666666667,4.666666666666667,4.666666666666667,4.666666666666667,4.666666666666667,2.0,1.6666666666666667
eef0781bd5e6065eddacc08d5ac88168d999ff04b9384282ef12ad9485755513,exp06_b_zh_tokenizer_ablation,B004,zh_tokenizer_ablation,ZH,compressed,3,gemini_3_1_pro_preview,3,3.1538461538461537,0.5044183480232308,3.0,4.0,2.6666666666666665,2.3333333333333335,2.6666666666666665,3.0,2.3333333333333335,3.0,5.0,3.0,4.666666666666667,2.6666666666666665,4.0
ef0d439567d69477cee390aa6405a1d4dd1ea47104a7adb8b78509ec0c6cac06,exp06_a_hybrid_state_causal_handoff,A009,auditability,EN,compressed,1,azure_gpt_5_5_instant,3,4.282051282051282,0.44411559168432746,4.0,4.666666666666667,3.3333333333333335,3.0,4.666666666666667,4.333333333333333,4.666666666666667,4.666666666666667,4.333333333333333,4.666666666666667,4.666666666666667,1.3333333333333333,2.0
ef16ee77753ec54a4f54841b3a11e4e5ddbf274e2c71e95d4df9c3453d0904c9,exp06_a_hybrid_state_causal_handoff,A004,continuity_recovery,ZH,hybrid_state,3,grok_4_20_non_reasoning,3,4.794871794871795,0.2912260690153986,5.0,4.333333333333333,5.0,4.666666666666667,5.0,5.0,4.666666666666667,4.666666666666667,5.0,5.0,4.666666666666667,1.3333333333333333,1.3333333333333333
ef418510ad68f5438a03fd1372719588e36257fb5c1fb3f6bccfcbdebfafdb18,exp06_a_hybrid_state_causal_handoff,A009,auditability,ES,hybrid_state,3,qwen3_next_80b_instruct,3,4.435897435897435,0.5121790860368763,4.333333333333333,3.6666666666666665,4.333333333333333,4.333333333333333,5.0,4.333333333333333,4.333333333333333,4.666666666666667,5.0,4.666666666666667,4.666666666666667,2.0,1.6666666666666667
ef699ae09b55ff995b423eab26a75079fd0b75bfb28ad64f69d3eee6ab902949,exp06_b_zh_tokenizer_ablation,B008,zh_tokenizer_ablation,ZH,hybrid_state,3,qwen3_next_80b_instruct,3,4.615384615384616,0.48038446141526153,4.666666666666667,4.0,4.666666666666667,4.666666666666667,5.0,4.666666666666667,4.666666666666667,4.666666666666667,5.0,5.0,4.333333333333333,2.0,1.3333333333333333
efacca909fb365dfce96f2e15f8fcc090ddce6f4734a460a926496051b9a419c,exp06_a_hybrid_state_causal_handoff,A008,causal_claim,ZH,hybrid_state,3,grok_4_20_non_reasoning,3,4.358974358974359,0.616985098231588,4.333333333333333,3.6666666666666665,4.0,3.6666666666666665,5.0,4.666666666666667,4.333333333333333,4.666666666666667,5.0,4.666666666666667,4.666666666666667,2.0,2.0
f06efc91bb59b727b5bbdc6e1823e7dde2055ca081444b4085d7523d39acb5d9,exp06_b_zh_tokenizer_ablation,B007,zh_tokenizer_ablation,ZH,compressed,1,grok_4_20_non_reasoning,3,4.948717948717949,0.0888231183368657,5.0,5.0,5.0,5.0,5.0,5.0,4.666666666666667,5.0,5.0,5.0,4.666666666666667,1.0,1.0
f072df29e326ed0ef1b0f002a0238211f8272bb949f5239215eb495a1239b79f,exp06_b_zh_tokenizer_ablation,B006,zh_tokenizer_ablation,ZH_PINYIN,hybrid_state,3,gemini_3_1_pro_preview,3,2.076923076923077,0.203519331620353,1.6666666666666667,2.6666666666666665,1.0,1.0,2.0,2.0,1.3333333333333333,1.3333333333333333,5.0,1.6666666666666667,4.333333333333333,4.0,5.0
f08abcc9f386f0a1495be6b187dafba62f712ba20af183b64d3aaba771b01e08,exp06_b_zh_tokenizer_ablation,B010,zh_tokenizer_ablation,EN_LITERAL,compressed,2,qwen3_next_80b_instruct,3,4.58974358974359,0.5236045604272342,4.666666666666667,4.666666666666667,4.666666666666667,4.333333333333333,4.666666666666667,4.666666666666667,4.333333333333333,4.666666666666667,4.666666666666667,4.666666666666667,4.666666666666667,1.3333333333333333,1.6666666666666667
f08affcce6252f53e1de4a338e203094e7b5a7026a433eb6376519a828bd8ad3,exp06_a_hybrid_state_causal_handoff,A011,handoff_state,EN,compressed,1,gemini_3_1_pro_preview,3,1.6153846153846152,0.26646935501059643,1.0,1.6666666666666667,1.0,1.0,1.0,1.0,1.0,1.0,3.6666666666666665,1.0,5.0,4.333333333333333,5.0
f0a1fd2954da74cf432a62cf56e0ca9329501c857d75abb5849d6d6c9a3520f7,exp06_a_hybrid_state_causal_handoff,A001,handoff_state,ZH,compressed,1,gemini_3_1_pro_preview,3,1.0769230769230769,0.07692307692307687,1.0,1.0,1.0,1.0,1.0,1.0,1.0,1.0,1.3333333333333333,1.0,1.6666666666666667,5.0,5.0
f0a49c4b752aeadc4afb4ca65a5fee69d697610abc251acf59ee26f55e3be1b6,exp06_b_zh_tokenizer_ablation,B004,zh_tokenizer_ablation,ZH,compressed,3,qwen3_next_80b_instruct,3,4.794871794871795,0.23500388179260723,4.666666666666667,4.666666666666667,4.666666666666667,4.666666666666667,5.0,5.0,4.666666666666667,4.666666666666667,5.0,5.0,5.0,1.3333333333333333,1.3333333333333333
f0d1d0604b9895265c95290f1154244c79dbc2fb02bdf3409b96d83a257c9396,exp06_a_hybrid_state_causal_handoff,A003,handoff_state,EN,compressed,3,qwen3_next_80b_instruct,3,4.538461538461538,0.4679048100229399,4.333333333333333,4.333333333333333,4.666666666666667,4.666666666666667,4.666666666666667,4.666666666666667,4.666666666666667,4.666666666666667,4.666666666666667,4.333333333333333,4.666666666666667,1.6666666666666667,1.6666666666666667
f1113e84801d2799c75de839d18691cc1edc562a6dbf89417ab354ea6e5eea60,exp06_a_hybrid_state_causal_handoff,A011,handoff_state,ZH,hybrid_state,3,azure_gpt_5_5_instant,3,4.897435897435898,0.1776462366737309,5.0,4.666666666666667,5.0,4.666666666666667,5.0,5.0,5.0,5.0,5.0,5.0,5.0,1.3333333333333333,1.3333333333333333
f11391843bd22c388b11752420da80d93b2173838536312c4a0a8d0a6d8fa3aa,exp06_a_hybrid_state_causal_handoff,A003,handoff_state,ES,compressed,1,azure_gpt_5_5_instant,3,4.9743589743589745,0.0444115591684326,5.0,5.0,5.0,5.0,5.0,5.0,5.0,5.0,5.0,5.0,4.666666666666667,1.0,1.0
f1225ec929667cf7835012b9cf6e5dbd848a8ecca4eec7acd850687c4cb486c6,exp06_a_hybrid_state_causal_handoff,A006,continuity_recovery,ZH,hybrid_state,2,qwen3_next_80b_instruct,3,4.256410256410256,0.645115160277391,4.333333333333333,3.6666666666666665,4.333333333333333,4.0,4.666666666666667,4.333333333333333,4.333333333333333,4.333333333333333,5.0,4.333333333333333,4.0,2.3333333333333335,1.6666666666666667
f1580dfc3bb21cddfaefc2fd06a82911f68b0f59a67f86e4a4399934f7850089,exp06_b_zh_tokenizer_ablation,B006,zh_tokenizer_ablation,ES_LITERAL,compressed,2,grok_4_20_non_reasoning,3,4.9743589743589745,0.0444115591684326,5.0,5.0,5.0,5.0,5.0,5.0,5.0,5.0,5.0,5.0,4.666666666666667,1.0,1.0
f178febc0bf74a0a6043ce5236a05ebf69d07c4e99bd85436f06fbcce88aef9d,exp06_a_hybrid_state_causal_handoff,A006,continuity_recovery,ES,compressed,1,azure_gpt_5_5_instant,3,4.871794871794872,0.16012815380508708,5.0,5.0,5.0,4.666666666666667,5.0,5.0,4.666666666666667,5.0,4.666666666666667,5.0,5.0,1.3333333333333333,1.3333333333333333
f17c1e1c86f170d12ba27af88a88de31727d623c347fed021e5b00e966cdbdf6,exp06_a_hybrid_state_causal_handoff,A001,handoff_state,ZH,compressed,2,azure_gpt_5_5_instant,3,4.871794871794871,0.22205779584216398,5.0,5.0,4.666666666666667,5.0,4.666666666666667,5.0,4.666666666666667,5.0,5.0,5.0,5.0,1.3333333333333333,1.3333333333333333
f1b1cb2b72a04db460354440459f1f429dd20f6e40a0a1ad29037234bda6c983,exp06_b_zh_tokenizer_ablation,B004,zh_tokenizer_ablation,ZH_PINYIN,hybrid_state,3,qwen3_next_80b_instruct,3,4.256410256410256,0.2912260690153989,4.333333333333333,4.0,4.333333333333333,4.666666666666667,4.666666666666667,4.666666666666667,4.333333333333333,4.333333333333333,5.0,4.666666666666667,2.0,2.0,1.6666666666666667
f1c3e8c4583a38c40d80c5e8b4db7ada564d02f539efce056cd72386b8cd48cd,exp06_a_hybrid_state_causal_handoff,A010,auditability,EN,hybrid_state,3,azure_gpt_5_5_instant,3,4.666666666666667,0.2912260690153986,4.333333333333333,5.0,4.333333333333333,3.6666666666666665,4.666666666666667,5.0,4.666666666666667,5.0,4.666666666666667,5.0,5.0,1.0,1.6666666666666667
f1ccc8a4f854bc47ac20dbf1ff1e6ccd8ecc4db153b6c41ab23b8555508570fb,exp06_a_hybrid_state_causal_handoff,A001,handoff_state,EN,hybrid_state,2,grok_4_20_non_reasoning,3,4.512820512820513,0.4507280982371011,4.666666666666667,4.0,4.666666666666667,4.666666666666667,4.666666666666667,4.666666666666667,4.333333333333333,4.666666666666667,4.666666666666667,4.666666666666667,4.666666666666667,2.0,1.6666666666666667
f1f46b3476a5b0dda22928bb784b2c2614ff2c25cba214fd6c4b6e884c3f13d7,exp06_a_hybrid_state_causal_handoff,A003,handoff_state,ZH,hybrid_state,2,azure_gpt_5_5_instant,3,4.948717948717949,0.0888231183368657,5.0,4.666666666666667,5.0,5.0,5.0,5.0,5.0,5.0,5.0,4.666666666666667,5.0,1.0,1.0
f1fb8a191e90ac3aad957323c05adcccfaed8d976dc74f68ef01e536e7272030,exp06_a_hybrid_state_causal_handoff,A001,handoff_state,ZH,compressed,1,qwen3_next_80b_instruct,3,4.435897435897435,0.7857206895407468,4.666666666666667,4.333333333333333,4.333333333333333,4.333333333333333,4.333333333333333,4.666666666666667,4.0,4.333333333333333,5.0,4.666666666666667,5.0,2.0,2.0
f224eb2414f41a6787351451219a0cb2446c81f01b7c666a1e574c2d4e9b2335,exp06_b_zh_tokenizer_ablation,B007,zh_tokenizer_ablation,ZH,compressed,1,gemini_3_1_pro_preview,3,2.3333333333333335,0.1776462366737309,2.0,3.3333333333333335,2.0,1.0,2.0,2.0,1.3333333333333333,2.0,5.0,1.6666666666666667,4.666666666666667,4.0,4.666666666666667
f22cd55e89e130215ade46eef97632218a8e68f91f76b6d71c38a9ba73cc2954,exp06_b_zh_tokenizer_ablation,B005,zh_tokenizer_ablation,EN_LITERAL,compressed,2,grok_4_20_non_reasoning,3,4.256410256410256,0.864600784619865,4.0,4.333333333333333,4.333333333333333,4.333333333333333,4.0,4.333333333333333,3.6666666666666665,4.0,5.0,4.666666666666667,5.0,2.0,2.3333333333333335
f2e9801b2ee028894f392af47782d89fad444ae27507ad98cf75754d90eeffa5,exp06_b_zh_tokenizer_ablation,B008,zh_tokenizer_ablation,ES_LITERAL,hybrid_state,1,qwen3_next_80b_instruct,3,4.3076923076923075,0.6007884366082042,4.333333333333333,3.6666666666666665,4.333333333333333,4.333333333333333,4.666666666666667,4.333333333333333,4.333333333333333,4.333333333333333,5.0,4.333333333333333,4.0,2.0,1.6666666666666667
f2ef22e61b2e775b1138fce17bcf9d9c739cd84dbc7e67d6096e5791824b63ac,exp06_a_hybrid_state_causal_handoff,A001,handoff_state,EN,hybrid_state,3,qwen3_next_80b_instruct,3,4.461538461538461,0.42828956637154,4.666666666666667,4.0,4.666666666666667,4.666666666666667,4.666666666666667,4.666666666666667,4.333333333333333,4.333333333333333,4.666666666666667,4.333333333333333,4.666666666666667,2.0,1.6666666666666667
f2f624f520d3cc8c4558793d9a5bed5d5ed9a70374935b294c7c1cc1927dd107,exp06_a_hybrid_state_causal_handoff,A008,causal_claim,ZH,compressed,3,gemini_3_1_pro_preview,3,1.1794871794871795,0.08882311833686557,1.0,1.3333333333333333,1.0,1.0,1.0,1.3333333333333333,1.3333333333333333,1.0,2.3333333333333335,1.0,1.0,5.0,5.0
f3213bda59f38f61ca73e752cad3bce5909cbb946f0c910587654fe9135f6d9c,exp06_a_hybrid_state_causal_handoff,A002,handoff_state,ZH,compressed,1,azure_gpt_5_5_instant,3,4.9743589743589745,0.0444115591684326,5.0,5.0,5.0,5.0,5.0,5.0,5.0,5.0,5.0,5.0,5.0,1.3333333333333333,1.0
f37a9d8dd8d692d5b31bbd1fd40f34ce4ca6460386ed0839b4fc8efb646f44b3,exp06_b_zh_tokenizer_ablation,B006,zh_tokenizer_ablation,EN_LITERAL,compressed,1,qwen3_next_80b_instruct,3,4.82051282051282,0.19358549834027583,5.0,4.333333333333333,5.0,4.666666666666667,5.0,5.0,4.333333333333333,4.666666666666667,5.0,5.0,5.0,1.3333333333333333,1.0
f3a7ed0b64edb9c36a3e4c4803f371b54f9be64f9f44c506c0f97ae2c4e87540,exp06_b_zh_tokenizer_ablation,B004,zh_tokenizer_ablation,ZH_PINYIN,compressed,1,grok_4_20_non_reasoning,3,4.564102564102564,0.4636702902570546,4.666666666666667,4.333333333333333,4.333333333333333,4.333333333333333,4.666666666666667,4.333333333333333,4.666666666666667,4.666666666666667,4.666666666666667,4.666666666666667,5.0,1.6666666666666667,1.3333333333333333
f3c15c89b4b7ec4f1a2d163d67070a32085eab2233ff8163b26a029d29fe7c5a,exp06_b_zh_tokenizer_ablation,B003,zh_tokenizer_ablation,ZH,hybrid_state,1,grok_4_20_non_reasoning,3,4.58974358974359,0.47000776358521457,4.666666666666667,4.0,4.666666666666667,4.666666666666667,5.0,4.666666666666667,4.666666666666667,4.333333333333333,5.0,4.666666666666667,4.333333333333333,1.6666666666666667,1.3333333333333333
f415aa1bff078545364ba032d45c87365de90b8355a1c34eb68b16b5367b6e5b,exp06_a_hybrid_state_causal_handoff,A011,handoff_state,ZH,hybrid_state,1,azure_gpt_5_5_instant,3,4.538461538461539,0.40703866324070614,4.333333333333333,4.666666666666667,4.333333333333333,3.6666666666666665,5.0,5.0,4.333333333333333,4.333333333333333,5.0,5.0,5.0,1.3333333333333333,2.3333333333333335
f417d8b3cef7f89d1b3b7160d941df46f2bfa151b8084e96311b394020d5886f,exp06_a_hybrid_state_causal_handoff,A007,causal_claim,ES,hybrid_state,2,grok_4_20_non_reasoning,3,3.8461538461538463,1.2089410496539779,3.6666666666666665,3.3333333333333335,3.6666666666666665,3.3333333333333335,4.666666666666667,4.0,4.333333333333333,3.6666666666666665,4.0,4.0,4.0,2.3333333333333335,2.3333333333333335
f41faa6c235c93dae31e4df0ac90c8f7b8730bca62dd8f5f5da3a5c8511d7180,exp06_b_zh_tokenizer_ablation,B007,zh_tokenizer_ablation,ES_LITERAL,hybrid_state,1,qwen3_next_80b_instruct,3,4.17948717948718,0.7147364033213514,4.0,3.3333333333333335,4.333333333333333,4.333333333333333,4.333333333333333,4.333333333333333,4.333333333333333,4.0,5.0,4.333333333333333,4.666666666666667,2.6666666666666665,2.0
f42002d30e77d6a4a98290e80d7cc0e309007762d944e93aa881464cb49911c4,exp06_b_zh_tokenizer_ablation,B008,zh_tokenizer_ablation,EN_LITERAL,hybrid_state,3,qwen3_next_80b_instruct,3,4.435897435897435,0.6217618283580585,4.666666666666667,4.0,4.333333333333333,4.666666666666667,4.666666666666667,4.666666666666667,4.666666666666667,4.0,5.0,4.666666666666667,4.0,2.0,1.6666666666666667
f42a0c0fa6f2fcc67a2eac5e0db04d0abe1cc5c7b51344c5e4785802a2793946,exp06_b_zh_tokenizer_ablation,B010,zh_tokenizer_ablation,EN_LITERAL,hybrid_state,1,grok_4_20_non_reasoning,3,4.153846153846154,0.2664693550105966,4.333333333333333,3.0,4.0,4.333333333333333,4.666666666666667,4.666666666666667,4.0,4.0,4.666666666666667,4.666666666666667,4.333333333333333,2.6666666666666665,2.0
f4377115db1387cfbab8bab7e9ec4651f7568011a5042f08df5dff898d0b0a03,exp06_a_hybrid_state_causal_handoff,A005,continuity_recovery,ES,compressed,3,gemini_3_1_pro_preview,3,1.564102564102564,0.36352427894250844,1.6666666666666667,2.0,1.0,1.0,1.0,1.0,1.0,1.0,3.6666666666666665,1.0,3.6666666666666665,4.666666666666667,5.0
f4d0a51a3b1e11dccc3792942375cf23c167c18fd0975507508a0237c799c5c8,exp06_b_zh_tokenizer_ablation,B003,zh_tokenizer_ablation,ZH_PINYIN,hybrid_state,2,grok_4_20_non_reasoning,3,4.128205128205128,1.378905606128077,4.0,3.6666666666666665,4.0,4.333333333333333,4.333333333333333,4.0,4.333333333333333,4.0,5.0,4.0,4.666666666666667,2.3333333333333335,2.3333333333333335
f4eb8006922811882f2586435ad62596d1170068b72c4a592b0ee3a9a7a5297e,exp06_b_zh_tokenizer_ablation,B007,zh_tokenizer_ablation,EN_LITERAL,hybrid_state,1,qwen3_next_80b_instruct,3,3.794871794871795,1.19251445684446,3.6666666666666665,2.6666666666666665,3.6666666666666665,4.0,4.666666666666667,4.0,4.0,3.3333333333333335,5.0,4.333333333333333,3.6666666666666665,3.3333333333333335,2.3333333333333335
f5262bba970a5ea40f52573f1d0ef7c8d7add6d019ff934fe2326d2a4f42709a,exp06_b_zh_tokenizer_ablation,B001,zh_tokenizer_ablation,EN_LITERAL,hybrid_state,3,gemini_3_1_pro_preview,3,1.8974358974358976,0.04441155916843272,2.0,3.0,1.3333333333333333,1.0,1.0,1.0,1.0,1.0,5.0,1.0,4.333333333333333,4.0,5.0
f5374420d8f01bb2c9bed66e087458e185ec581129bb6f7c5f0ef1c066f25221,exp06_a_hybrid_state_causal_handoff,A009,auditability,ES,hybrid_state,3,azure_gpt_5_5_instant,3,4.717948717948718,0.11750194089630356,4.333333333333333,5.0,4.0,3.6666666666666665,5.0,5.0,5.0,5.0,5.0,5.0,5.0,1.0,1.6666666666666667
f537a8eb2f31f5fdf8ae1fc4c4ed27615f32f97b3e2a09e556b10ddab3205bc6,exp06_a_hybrid_state_causal_handoff,A002,handoff_state,EN,hybrid_state,1,azure_gpt_5_5_instant,3,4.948717948717949,0.0444115591684326,5.0,4.666666666666667,5.0,5.0,5.0,5.0,5.0,5.0,4.666666666666667,5.0,5.0,1.0,1.0
f56a32402a48ca5487b554dc569c183d06e22de189866c251d8c2acdb4a96f69,exp06_b_zh_tokenizer_ablation,B007,zh_tokenizer_ablation,ES_LITERAL,hybrid_state,1,gemini_3_1_pro_preview,3,1.7692307692307694,0.2035193316203531,1.6666666666666667,2.6666666666666665,1.3333333333333333,1.0,1.0,1.6666666666666667,1.0,1.0,4.666666666666667,1.0,3.3333333333333335,4.333333333333333,5.0
f5977e9559a9d3f8b4755f33c14ef67f6b49051c3515434a7e74efb9cb2a8a5d,exp06_b_zh_tokenizer_ablation,B006,zh_tokenizer_ablation,ES_LITERAL,compressed,3,gemini_3_1_pro_preview,3,1.5897435897435896,0.5121790860368765,1.6666666666666667,2.0,1.0,1.0,1.3333333333333333,1.3333333333333333,1.0,1.0,3.6666666666666665,1.3333333333333333,2.6666666666666665,4.333333333333333,5.0
f5aa4bf6cf580bf9d8ffe19fa6b81779cefff62541ce53db3e7b3db9fcc532e9,exp06_a_hybrid_state_causal_handoff,A002,handoff_state,ZH,compressed,1,qwen3_next_80b_instruct,3,4.794871794871795,0.3552924733474618,4.666666666666667,4.666666666666667,5.0,4.666666666666667,5.0,5.0,4.666666666666667,4.666666666666667,5.0,4.666666666666667,5.0,1.3333333333333333,1.3333333333333333
f5cd0f9d91dba590ddb55a3c4329693036c66b68b7b3a3f0397d7214601aebd0,exp06_a_hybrid_state_causal_handoff,A009,auditability,EN,hybrid_state,3,qwen3_next_80b_instruct,3,4.871794871794871,0.11750194089630366,5.0,4.333333333333333,5.0,5.0,5.0,5.0,4.666666666666667,5.0,5.0,5.0,5.0,1.6666666666666667,1.0
f5f6abc55c78628dae1323b56a0ed03a55423efa3e443760decdeea02b470236,exp06_a_hybrid_state_causal_handoff,A009,auditability,ES,hybrid_state,2,qwen3_next_80b_instruct,3,4.6923076923076925,0.40703866324070614,5.0,4.0,4.666666666666667,4.666666666666667,5.0,5.0,4.666666666666667,4.666666666666667,5.0,4.666666666666667,4.666666666666667,1.6666666666666667,1.3333333333333333
f5fa958d6b17a09009696efeca688b10b0e9fd1c627d1192b44641f4cc06d2bb,exp06_b_zh_tokenizer_ablation,B005,zh_tokenizer_ablation,ZH_PINYIN,hybrid_state,3,qwen3_next_80b_instruct,3,3.9230769230769234,1.117372234333381,3.6666666666666665,3.6666666666666665,3.6666666666666665,4.0,3.6666666666666665,4.0,3.3333333333333335,3.6666666666666665,5.0,4.333333333333333,4.666666666666667,2.3333333333333335,2.3333333333333335
f605498970937b3eda2baaffc71947ccce660d4d1046e923c45b4a75a1149de8,exp06_b_zh_tokenizer_ablation,B004,zh_tokenizer_ablation,EN_LITERAL,hybrid_state,2,gemini_3_1_pro_preview,3,1.3846153846153848,0.335299918733898,1.6666666666666667,1.3333333333333333,1.0,1.0,1.0,1.0,1.3333333333333333,1.0,2.0,1.0,3.0,4.333333333333333,5.0
f6ba86daf9cfd2f8a9a33409bc999c44838f3bf80ab5c2384e9fa239cc7d3e25,exp06_a_hybrid_state_causal_handoff,A010,auditability,ZH,compressed,3,gemini_3_1_pro_preview,3,2.1794871794871793,0.34686536560176096,2.0,2.6666666666666665,1.6666666666666667,1.0,1.6666666666666667,1.6666666666666667,1.3333333333333333,1.6666666666666667,5.0,2.0,4.333333333333333,4.0,4.666666666666667
f71e49f7ee1695ce9e93d5c6e2a0f653d26382c36c6d07befddb72f5321355e2,exp06_b_zh_tokenizer_ablation,B002,zh_tokenizer_ablation,ZH,hybrid_state,2,qwen3_next_80b_instruct,3,4.871794871794871,0.11750194089630366,5.0,4.333333333333333,5.0,5.0,5.0,5.0,4.666666666666667,5.0,5.0,5.0,5.0,1.6666666666666667,1.0
f728ca38241e6f9470dcb49da8e6110aeb7d26218bf173811bcdc59591813107,exp06_a_hybrid_state_causal_handoff,A006,continuity_recovery,EN,hybrid_state,1,qwen3_next_80b_instruct,3,4.641025641025641,0.38717099668055127,4.666666666666667,4.0,5.0,4.666666666666667,5.0,5.0,4.333333333333333,4.666666666666667,5.0,5.0,4.666666666666667,2.0,1.6666666666666667
f7a06df75a15627548edf10359f36b30f55ef814b22e8682d5b8bb78332232f6,exp06_a_hybrid_state_causal_handoff,A011,handoff_state,EN,hybrid_state,1,azure_gpt_5_5_instant,3,4.794871794871795,0.2912260690153986,5.0,5.0,4.666666666666667,4.666666666666667,4.666666666666667,5.0,4.666666666666667,5.0,4.666666666666667,5.0,5.0,1.3333333333333333,1.6666666666666667
f7c4bb28ec8bab7feaa39ddd1e3683d45b0d789f29d3fbbd22a752e0c4b7c66f,exp06_a_hybrid_state_causal_handoff,A009,auditability,ZH,compressed,2,grok_4_20_non_reasoning,3,4.846153846153846,0.2664693550105966,5.0,5.0,5.0,4.666666666666667,4.666666666666667,4.333333333333333,5.0,5.0,5.0,5.0,5.0,1.3333333333333333,1.3333333333333333
f7da0101a5fd605773b2e06581ff6a0a95bd6e8fc4e770c3da64b1a7b508867f,exp06_a_hybrid_state_causal_handoff,A004,continuity_recovery,EN,hybrid_state,2,azure_gpt_5_5_instant,3,4.9743589743589745,0.0444115591684326,5.0,4.666666666666667,5.0,5.0,5.0,5.0,5.0,5.0,5.0,5.0,5.0,1.0,1.0
f7de456c6dd49a72a3b542d6544b1112e8569b7080b9a1b6eadb2cae28b8538d,exp06_b_zh_tokenizer_ablation,B010,zh_tokenizer_ablation,ES_LITERAL,compressed,1,grok_4_20_non_reasoning,3,4.923076923076923,0.1332346775052983,5.0,5.0,5.0,5.0,5.0,5.0,5.0,5.0,5.0,5.0,4.666666666666667,1.3333333333333333,1.3333333333333333
f8003e839d49f2d25ad1c812f3ba587bada080705345db0c0fc1144ce6f0de45,exp06_a_hybrid_state_causal_handoff,A001,handoff_state,ZH,compressed,3,grok_4_20_non_reasoning,3,4.769230769230769,0.39970403251589487,4.666666666666667,5.0,4.666666666666667,4.666666666666667,4.666666666666667,5.0,4.666666666666667,4.666666666666667,5.0,4.666666666666667,5.0,1.3333333333333333,1.3333333333333333
f8060c854a55cdd34ec0bc03a39fbfc707fd5fd6aa918ab6e24352bbc79ba5a3,exp06_a_hybrid_state_causal_handoff,A005,continuity_recovery,ZH,hybrid_state,1,gemini_3_1_pro_preview,3,1.435897435897436,0.3947385722651449,1.3333333333333333,2.0,1.0,1.0,1.3333333333333333,1.0,1.0,1.0,3.0,1.0,3.0,5.0,5.0
f82d81efe01d655b63e14412ac308bfc16ff3900d9c64d7fd23678a8e46db670,exp06_b_zh_tokenizer_ablation,B005,zh_tokenizer_ablation,ZH,compressed,1,qwen3_next_80b_instruct,3,4.282051282051282,0.6217618283580586,4.666666666666667,4.333333333333333,4.333333333333333,4.333333333333333,4.0,4.333333333333333,3.6666666666666665,4.333333333333333,5.0,4.333333333333333,5.0,2.3333333333333335,2.3333333333333335
f88ac0b4ecb69ac44da41ee4cf58eed1434059efe06fde0282e046909fe8c715,exp06_a_hybrid_state_causal_handoff,A007,causal_claim,ES,hybrid_state,2,azure_gpt_5_5_instant,3,4.871794871794872,0.16012815380508708,5.0,4.666666666666667,5.0,5.0,5.0,5.0,5.0,5.0,4.0,5.0,5.0,1.3333333333333333,1.0
f91c84117c7876ba39608c6cd7effebf8e35527373e513774f5bb12e2b9fdaea,exp06_a_hybrid_state_causal_handoff,A003,handoff_state,EN,hybrid_state,2,azure_gpt_5_5_instant,3,4.948717948717949,0.0888231183368657,5.0,4.666666666666667,5.0,5.0,5.0,5.0,5.0,5.0,5.0,4.666666666666667,5.0,1.0,1.0
f92a0eff442b5544d36dfc1814bd5338d90d3b58f3ac218c6f33466443b29d35,exp06_b_zh_tokenizer_ablation,B009,zh_tokenizer_ablation,ZH,compressed,1,gemini_3_1_pro_preview,3,1.846153846153846,0.39970403251589487,1.6666666666666667,2.0,1.3333333333333333,1.0,1.6666666666666667,1.6666666666666667,1.3333333333333333,1.6666666666666667,4.333333333333333,1.3333333333333333,3.6666666666666665,4.666666666666667,5.0
f94868e7d3d5268312059998fe21d0604887117941eccf081ea80341ca7cd5f0,exp06_a_hybrid_state_causal_handoff,A007,causal_claim,EN,compressed,2,grok_4_20_non_reasoning,3,4.769230769230769,0.27735009811261446,4.666666666666667,5.0,4.666666666666667,4.333333333333333,5.0,4.666666666666667,4.666666666666667,4.666666666666667,5.0,5.0,5.0,1.0,1.6666666666666667
f94a20b42a0000bfa7b62f8894a22e6ab3681b1403fe25c1465b7875de5714e8,exp06_b_zh_tokenizer_ablation,B004,zh_tokenizer_ablation,ZH,hybrid_state,1,gemini_3_1_pro_preview,3,1.8205128205128205,0.27014496802186516,1.6666666666666667,2.0,1.3333333333333333,1.0,1.6666666666666667,1.3333333333333333,1.0,1.3333333333333333,5.0,1.6666666666666667,3.3333333333333335,4.666666666666667,5.0
f9c2e3c62e04b1e386a1ec544e2ee1f560858afcd2b953a0284ab613c5ea90a3,exp06_b_zh_tokenizer_ablation,B002,zh_tokenizer_ablation,EN_LITERAL,hybrid_state,3,grok_4_20_non_reasoning,3,4.58974358974359,0.4236592728681615,4.666666666666667,3.6666666666666665,4.333333333333333,4.666666666666667,5.0,5.0,4.666666666666667,5.0,5.0,5.0,4.333333333333333,2.0,1.6666666666666667
fa30533a00ae9005ed4f4d42e52d40045b8c68ef8873cf3117b4c73b255c2069,exp06_a_hybrid_state_causal_handoff,A001,handoff_state,EN,hybrid_state,3,azure_gpt_5_5_instant,3,4.58974358974359,0.5121790860368763,4.666666666666667,4.0,4.666666666666667,4.666666666666667,4.666666666666667,4.666666666666667,4.666666666666667,4.666666666666667,4.666666666666667,4.666666666666667,4.666666666666667,1.6666666666666667,1.3333333333333333
fa3b4600ef8fd82b9732d8d8ffc9a68facc618e14fdffe43f2377466f2f8cb97,exp06_a_hybrid_state_causal_handoff,A003,handoff_state,EN,hybrid_state,2,gemini_3_1_pro_preview,3,1.6153846153846156,2.7194799110210365e-16,1.0,1.3333333333333333,1.0,1.0,1.6666666666666667,1.0,1.3333333333333333,1.0,5.0,1.0,3.3333333333333335,4.666666666666667,5.0
fa4304948d0591e81e9b269b35cf6fe19ddbfce32f0fad0625ac56f9efc4e2d6,exp06_b_zh_tokenizer_ablation,B007,zh_tokenizer_ablation,ES_LITERAL,compressed,2,qwen3_next_80b_instruct,3,4.384615384615384,0.5384615384615384,4.333333333333333,3.6666666666666665,4.333333333333333,4.333333333333333,4.333333333333333,4.666666666666667,4.333333333333333,4.0,5.0,4.333333333333333,5.0,1.6666666666666667,1.6666666666666667
faa90245d7ba3daa97069b71a7652027c27d82face0e6cc0210fe8cf65bff5e2,exp06_a_hybrid_state_causal_handoff,A012,continuity_recovery,EN,compressed,2,azure_gpt_5_5_instant,3,4.615384615384616,0.5384615384615384,4.666666666666667,4.666666666666667,4.666666666666667,4.666666666666667,4.666666666666667,4.666666666666667,4.333333333333333,4.666666666666667,4.333333333333333,4.666666666666667,4.666666666666667,1.3333333333333333,1.3333333333333333
fad787e4957b17c474b5ff4426a5bcc13101814a3653bc19a42f304d1e52c15b,exp06_a_hybrid_state_causal_handoff,A004,continuity_recovery,ZH,compressed,2,gemini_3_1_pro_preview,3,2.7179487179487176,0.4636702902570544,2.6666666666666665,4.333333333333333,2.3333333333333335,1.6666666666666667,1.6666666666666667,2.0,1.6666666666666667,2.0,5.0,2.0,5.0,2.6666666666666665,4.333333333333333
fb17f7f4ef6b2c57f03b20d2dcbf4431cb9a0d23155460e885ff41c4cf008d5e,exp06_b_zh_tokenizer_ablation,B010,zh_tokenizer_ablation,ES_LITERAL,hybrid_state,2,gemini_3_1_pro_preview,3,2.358974358974359,0.16012815380508708,2.0,3.3333333333333335,2.0,1.3333333333333333,2.0,2.0,1.6666666666666667,2.0,5.0,2.0,4.0,4.0,4.666666666666667
fb5922e46e4efb12bfd4103a58e995b6e83586a388f4428a5d6b04719767db04,exp06_a_hybrid_state_causal_handoff,A001,handoff_state,ES,hybrid_state,3,gemini_3_1_pro_preview,3,1.564102564102564,0.2701449680218651,1.6666666666666667,2.0,1.0,1.0,1.0,1.0,1.0,1.0,4.666666666666667,1.0,2.6666666666666665,4.666666666666667,5.0
fb5e69bd62d01c6982bd75209160d9058f7b986deb8384cff011a3b47400b83c,exp06_b_zh_tokenizer_ablation,B003,zh_tokenizer_ablation,ES_LITERAL,compressed,2,qwen3_next_80b_instruct,3,4.6923076923076925,0.35250582268891084,4.666666666666667,4.666666666666667,5.0,4.666666666666667,5.0,5.0,4.333333333333333,4.333333333333333,5.0,4.666666666666667,5.0,2.0,1.3333333333333333
fb6111f00942c621a0ed35649e37c748c70436c145a20ea1947cddb6e17fe230,exp06_b_zh_tokenizer_ablation,B003,zh_tokenizer_ablation,EN_LITERAL,compressed,3,qwen3_next_80b_instruct,3,4.615384615384616,0.5384615384615384,4.666666666666667,4.333333333333333,4.666666666666667,4.666666666666667,4.666666666666667,4.666666666666667,4.666666666666667,4.666666666666667,4.666666666666667,4.666666666666667,4.666666666666667,1.6666666666666667,1.3333333333333333
fb8807d76a11bafd2a35cc083d5e5bf7b2cf0e35813d103c472e82b021552024,exp06_a_hybrid_state_causal_handoff,A003,handoff_state,ES,hybrid_state,1,gemini_3_1_pro_preview,3,1.0256410256410255,0.04441155916843272,1.0,1.0,1.0,1.0,1.0,1.0,1.0,1.0,1.3333333333333333,1.0,1.0,5.0,5.0
fbf0d0ee0e419b891c2e223f7555b143b5ce15e744fabb4bbe0d234233ad8d29,exp06_b_zh_tokenizer_ablation,B005,zh_tokenizer_ablation,ZH,hybrid_state,3,qwen3_next_80b_instruct,3,4.153846153846154,0.7576044462920082,4.333333333333333,3.6666666666666665,4.333333333333333,4.333333333333333,4.0,4.666666666666667,3.6666666666666665,4.0,5.0,4.333333333333333,4.333333333333333,2.3333333333333335,2.3333333333333335
fc18118d376a1d4a11fe8cc815bf94bd4092b8319e2aa1e0a64d4e2f218e82ff,exp06_b_zh_tokenizer_ablation,B009,zh_tokenizer_ablation,EN_LITERAL,hybrid_state,3,grok_4_20_non_reasoning,3,3.5897435897435894,0.9400155271704285,3.3333333333333335,2.6666666666666665,2.3333333333333335,2.6666666666666665,4.666666666666667,4.333333333333333,4.666666666666667,4.333333333333333,5.0,4.0,3.3333333333333335,3.3333333333333335,3.3333333333333335
fc6a4ad10c381e231832a044a61573dcc21a8989daad9f51a864f68a6d4eef52,exp06_b_zh_tokenizer_ablation,B002,zh_tokenizer_ablation,ZH_PINYIN,hybrid_state,2,gemini_3_1_pro_preview,3,1.7692307692307692,0.15384615384615385,1.0,2.3333333333333335,1.3333333333333333,1.0,1.0,1.6666666666666667,1.0,1.0,4.333333333333333,1.0,4.333333333333333,4.0,5.0
fca4598cb48a7cb7dca1d9bbae8d5d6a0ea645e97242c3815a805b0523386b37,exp06_a_hybrid_state_causal_handoff,A002,handoff_state,ZH,hybrid_state,3,grok_4_20_non_reasoning,3,3.8461538461538463,1.0,3.3333333333333335,3.6666666666666665,4.0,4.0,3.6666666666666665,3.6666666666666665,3.3333333333333335,4.0,5.0,4.0,4.666666666666667,3.0,2.3333333333333335
fcb03b887f1487c40084d6b21a442fc270bb47913d885cfcf25105f281c9f402,exp06_a_hybrid_state_causal_handoff,A011,handoff_state,EN,hybrid_state,1,grok_4_20_non_reasoning,3,3.5128205128205128,1.2902303205547818,3.6666666666666665,3.3333333333333335,3.0,3.6666666666666665,4.0,3.6666666666666665,3.3333333333333335,3.0,5.0,3.6666666666666665,3.3333333333333335,3.0,3.0
fcfbbf1cad98fdc80598b150cb099da4fb4bbbd6750f0b27d7b654cd49c45745,exp06_a_hybrid_state_causal_handoff,A003,handoff_state,ZH,hybrid_state,2,grok_4_20_non_reasoning,3,4.256410256410256,0.6542231190857987,4.333333333333333,3.6666666666666665,4.333333333333333,4.0,5.0,4.333333333333333,4.333333333333333,4.333333333333333,5.0,4.0,4.333333333333333,2.3333333333333335,2.0
fd1f534ec9f6661ee3a312dfa60ab54c4cad327f3c3b72522ff0ab5cfca4f774,exp06_a_hybrid_state_causal_handoff,A007,causal_claim,ES,hybrid_state,3,qwen3_next_80b_instruct,3,4.538461538461539,0.40703866324070614,4.333333333333333,3.6666666666666665,5.0,4.666666666666667,5.0,5.0,4.333333333333333,4.666666666666667,5.0,4.666666666666667,4.333333333333333,2.0,1.6666666666666667
fd235b186f74acba23f77e0fa3d576d5b0924f02198b1e21a4b76ec596f1d44e,exp06_b_zh_tokenizer_ablation,B008,zh_tokenizer_ablation,EN_LITERAL,hybrid_state,1,gemini_3_1_pro_preview,3,1.6153846153846156,0.2773500981126146,2.0,1.3333333333333333,1.0,1.0,1.6666666666666667,1.0,1.3333333333333333,1.0,4.333333333333333,1.3333333333333333,2.6666666666666665,4.666666666666667,5.0
fd39ee55733cc1f2270059926335a1552a0b1432d5c8babae4bb886a4b3d5205,exp06_a_hybrid_state_causal_handoff,A009,auditability,EN,compressed,3,gemini_3_1_pro_preview,3,1.6923076923076923,0.3846153846153847,1.3333333333333333,1.6666666666666667,1.0,1.0,1.3333333333333333,1.0,1.3333333333333333,1.0,3.3333333333333335,1.3333333333333333,5.0,4.333333333333333,5.0
fd5a391d8c5246160c0a3541fe2818624478d7b13aa6e0bf44075d7056f94ab7,exp06_b_zh_tokenizer_ablation,B009,zh_tokenizer_ablation,ES_LITERAL,hybrid_state,3,grok_4_20_non_reasoning,3,4.461538461538461,0.48038446141526153,4.666666666666667,3.6666666666666665,4.333333333333333,4.0,5.0,5.0,4.666666666666667,4.333333333333333,5.0,5.0,4.0,2.0,1.6666666666666667
fdb1a325574dbe05e5ca4ee47f7f5f62b9afc03e42dd98297340bf691254b5f8,exp06_a_hybrid_state_causal_handoff,A002,handoff_state,EN,hybrid_state,2,grok_4_20_non_reasoning,3,4.461538461538462,0.6837072628704298,4.666666666666667,3.6666666666666665,4.333333333333333,4.666666666666667,5.0,4.666666666666667,4.666666666666667,4.0,5.0,4.333333333333333,4.666666666666667,2.3333333333333335,1.3333333333333333
fdbf6c979377837bf7d770e64d95428be2458e69fc91d487b6dfa92ba964eebc,exp06_a_hybrid_state_causal_handoff,A009,auditability,EN,compressed,1,qwen3_next_80b_instruct,3,4.923076923076923,0.1332346775052983,5.0,5.0,5.0,4.666666666666667,5.0,5.0,5.0,5.0,5.0,5.0,5.0,1.3333333333333333,1.3333333333333333
fdc89db1dddc99725989224bb7d59cca8372092b9143d84a91d229b8ba79fce0,exp06_a_hybrid_state_causal_handoff,A005,continuity_recovery,ZH,hybrid_state,3,grok_4_20_non_reasoning,3,4.435897435897436,0.48852715085276005,4.333333333333333,3.6666666666666665,4.666666666666667,4.333333333333333,5.0,4.666666666666667,4.333333333333333,4.333333333333333,5.0,4.666666666666667,4.666666666666667,2.3333333333333335,1.6666666666666667
fde88740c9cddb3f72d9bd9ce211107ecfc5b8eac90fdc1ce7b36334c3cf1acb,exp06_b_zh_tokenizer_ablation,B004,zh_tokenizer_ablation,ES_LITERAL,compressed,2,gemini_3_1_pro_preview,3,2.4871794871794872,0.6542231190857986,2.3333333333333335,2.6666666666666665,2.0,1.6666666666666667,2.3333333333333335,2.0,1.6666666666666667,2.0,5.0,2.0,4.333333333333333,3.3333333333333335,4.333333333333333
fe1df3d09e77e5e7a946d61cbe43206f474a9c91f98925946d581222e58f9a1e,exp06_b_zh_tokenizer_ablation,B005,zh_tokenizer_ablation,ZH_PINYIN,compressed,3,grok_4_20_non_reasoning,3,4.461538461538462,0.4679048100229399,4.0,4.666666666666667,4.333333333333333,5.0,4.333333333333333,4.333333333333333,4.333333333333333,4.333333333333333,5.0,5.0,4.333333333333333,1.6666666666666667,2.0
fe2b9b405a10ad48e81e02ee3bd5a50d6d11ff2248220ad012b74d62337738dc,exp06_a_hybrid_state_causal_handoff,A011,handoff_state,ZH,compressed,1,grok_4_20_non_reasoning,3,4.923076923076923,0.1332346775052983,5.0,5.0,5.0,5.0,4.666666666666667,5.0,4.666666666666667,5.0,5.0,5.0,5.0,1.0,1.3333333333333333
fe782d75d6fb82569df0444673b63e8352c2d29834b89fca023614a0b4d9a3ba,exp06_a_hybrid_state_causal_handoff,A009,auditability,ES,compressed,1,grok_4_20_non_reasoning,3,5.0,0.0,5.0,5.0,5.0,5.0,5.0,5.0,5.0,5.0,5.0,5.0,5.0,1.0,1.0
fe9df3593846b9b042b3a91190d7c30049de0ec1a501c4e332bcab708a513234,exp06_a_hybrid_state_causal_handoff,A010,auditability,EN,hybrid_state,1,azure_gpt_5_5_instant,3,4.461538461538462,0.39970403251589487,4.333333333333333,4.333333333333333,4.666666666666667,4.333333333333333,4.333333333333333,4.666666666666667,4.333333333333333,4.666666666666667,4.666666666666667,4.666666666666667,4.666666666666667,2.0,1.6666666666666667
fee19ddfe8c2880c6a62fe984c508f9f7b92864e9e8c858300e6d80f125277ee,exp06_a_hybrid_state_causal_handoff,A001,handoff_state,ES,hybrid_state,3,azure_gpt_5_5_instant,3,4.82051282051282,0.3108809141790292,5.0,4.666666666666667,5.0,5.0,4.666666666666667,5.0,4.666666666666667,4.666666666666667,5.0,4.666666666666667,5.0,1.3333333333333333,1.3333333333333333
feeb93cb60684728b41df8a454a8a500b773e5c9c99a8c6cee85a4c8d88e013e,exp06_a_hybrid_state_causal_handoff,A004,continuity_recovery,ES,compressed,3,qwen3_next_80b_instruct,3,4.666666666666667,0.5773502691896258,4.666666666666667,5.0,4.666666666666667,4.333333333333333,4.666666666666667,4.666666666666667,4.666666666666667,4.666666666666667,5.0,4.666666666666667,4.666666666666667,1.3333333333333333,1.6666666666666667
ff153c49b6602b73b7e5c7aa295dbafabd71abf5d76f086d21e48bc6a17e1083,exp06_a_hybrid_state_causal_handoff,A009,auditability,ES,hybrid_state,3,grok_4_20_non_reasoning,3,4.6923076923076925,0.40703866324070614,4.666666666666667,4.0,4.666666666666667,5.0,4.666666666666667,4.666666666666667,4.666666666666667,4.666666666666667,5.0,4.666666666666667,5.0,1.6666666666666667,1.0
ff1ca5066dcb8273fd52e013d2984ebfab48e02f4d452bb17afdd46472e6628e,exp06_b_zh_tokenizer_ablation,B001,zh_tokenizer_ablation,ES_LITERAL,hybrid_state,2,qwen3_next_80b_instruct,3,4.41025641025641,0.545738375738276,4.333333333333333,4.0,4.333333333333333,4.666666666666667,5.0,4.666666666666667,4.333333333333333,4.333333333333333,5.0,4.0,4.333333333333333,2.0,1.6666666666666667
ff2266e3bf3eae1d247451d926b4c6bac88be5cb958fd5ec73553f92c4b6e9e0,exp06_a_hybrid_state_causal_handoff,A008,causal_claim,ES,hybrid_state,1,gemini_3_1_pro_preview,3,1.5384615384615383,0.3525058226889109,1.3333333333333333,2.0,1.0,1.0,1.0,1.0,1.0,1.0,4.0,1.0,3.3333333333333335,4.666666666666667,5.0
ff6fc59c3a59932a2892b108e694980b09bf3f43de64ecdfb3c45482a8a4c4a7,exp06_b_zh_tokenizer_ablation,B010,zh_tokenizer_ablation,ZH_PINYIN,compressed,2,qwen3_next_80b_instruct,3,4.538461538461538,0.5547001962252293,4.666666666666667,4.0,4.666666666666667,4.666666666666667,4.666666666666667,4.666666666666667,4.333333333333333,4.666666666666667,5.0,4.666666666666667,5.0,2.0,2.0
ffa1a84d71f18d2188f7b4273edf82db105a84d1980a7bf3cc67fb9eea08bb62,exp06_a_hybrid_state_causal_handoff,A004,continuity_recovery,EN,compressed,3,azure_gpt_5_5_instant,3,4.9743589743589745,0.0444115591684326,5.0,5.0,5.0,5.0,5.0,5.0,5.0,5.0,4.666666666666667,5.0,5.0,1.0,1.0
ffad3db277502348c2c3771f022e488fc4e1daa565bfca03c63add38c4125636,exp06_b_zh_tokenizer_ablation,B005,zh_tokenizer_ablation,ES_LITERAL,hybrid_state,1,gemini_3_1_pro_preview,3,1.4102564102564104,0.3635242789425083,1.6666666666666667,1.6666666666666667,1.0,1.0,1.0,1.0,1.0,1.0,3.6666666666666665,1.0,2.0,4.666666666666667,5.0
ffb7cfe27ad7c7ed7421ff8265c864b5e7614923af4e8912c555f64caeda5885,exp06_a_hybrid_state_causal_handoff,A001,handoff_state,ES,hybrid_state,1,grok_4_20_non_reasoning,3,4.794871794871795,0.23500388179260723,5.0,4.333333333333333,5.0,4.666666666666667,5.0,5.0,5.0,4.666666666666667,5.0,4.666666666666667,5.0,1.6666666666666667,1.3333333333333333
